feature_1,feature_2,correlation
original_glszm_LargeAreaEmphasis,original_glszm_ZoneVariance,0.9999996871978827
original_shape_MeshVolume,original_shape_VoxelVolume,0.9999933289012071
original_glszm_LargeAreaEmphasis,original_glszm_LargeAreaLowGrayLevelEmphasis,0.9977814331782194
original_glszm_ZoneVariance,original_glszm_LargeAreaLowGrayLevelEmphasis,0.9977378963291395
original_glszm_LargeAreaHighGrayLevelEmphasis,original_glszm_ZoneVariance,0.9946539059942244
original_glszm_LargeAreaHighGrayLevelEmphasis,original_glszm_LargeAreaEmphasis,0.9946169838319542
original_glrlm_RunLengthNonUniformity,original_gldm_DependenceNonUniformity,0.9922286174242676
original_glszm_LargeAreaHighGrayLevelEmphasis,original_glszm_LargeAreaLowGrayLevelEmphasis,0.9869300504156773
original_gldm_GrayLevelNonUniformity,original_glrlm_GrayLevelNonUniformity,0.9836084912973497
original_glszm_LargeAreaHighGrayLevelEmphasis,original_gldm_GrayLevelNonUniformity,0.9603657844915598
original_firstorder_Energy,original_glrlm_GrayLevelNonUniformity,0.9594594724769738
original_firstorder_Energy,original_gldm_GrayLevelNonUniformity,0.955920858789888
original_glrlm_GrayLevelNonUniformity,original_gldm_DependenceNonUniformity,0.955230565691928
original_shape_MeshVolume,original_gldm_GrayLevelNonUniformity,0.9334036798569141
original_shape_VoxelVolume,original_gldm_GrayLevelNonUniformity,0.9331612132869567
original_glszm_LargeAreaHighGrayLevelEmphasis,original_shape_MeshVolume,0.9330240933143338
original_glszm_LargeAreaHighGrayLevelEmphasis,original_shape_VoxelVolume,0.9329023630045736
original_glszm_ZoneVariance,original_gldm_GrayLevelNonUniformity,0.9328126469227128
original_glszm_LargeAreaEmphasis,original_gldm_GrayLevelNonUniformity,0.9327691029911278
original_gldm_LargeDependenceHighGrayLevelEmphasis,original_glrlm_LongRunHighGrayLevelEmphasis,0.9324524757676312
original_glszm_ZoneVariance,original_shape_MeshVolume,0.9244228182825432
original_glszm_LargeAreaEmphasis,original_shape_MeshVolume,0.9243765679099327
original_glszm_ZoneVariance,original_shape_VoxelVolume,0.924319474381105
original_glszm_LargeAreaEmphasis,original_shape_VoxelVolume,0.9242726412449074
original_glszm_LargeAreaLowGrayLevelEmphasis,original_gldm_GrayLevelNonUniformity,0.9162095181156863
original_glrlm_RunLengthNonUniformity,original_glrlm_GrayLevelNonUniformity,0.9145347649842251
original_glszm_LargeAreaLowGrayLevelEmphasis,original_shape_MeshVolume,0.9129683416590431
original_glszm_LargeAreaLowGrayLevelEmphasis,original_shape_VoxelVolume,0.9128511294304662
original_firstorder_Energy,original_gldm_DependenceNonUniformity,0.9061218918558808
original_firstorder_Energy,original_glszm_LargeAreaHighGrayLevelEmphasis,0.9002624717509394
