feature,mean,std,min,max,variance,unique_values
original_firstorder_Energy,144678748.60869566,334875635.6914656,2643937.0,1998466875.0,1.1214169137976322e+17,46
original_firstorder_TotalEnergy,122245352.34047414,193309256.8615949,2927699.130610572,1091259117.6814992,3.736846878838206e+16,46
original_glszm_LargeAreaHighGrayLevelEmphasis,14646965.873724308,64711715.74692108,843.5041666666667,438256055.661234,4187606154910313.0,46
original_glszm_LargeAreaEmphasis,350946.6108538113,1689040.0707045929,3.268174474959612,11504563.404346138,2852856360445.776,46
original_glszm_ZoneVariance,349473.86410358193,1686093.3737598278,1.0831269361965334,11484108.18889526,2842910865036.7983,46
original_glcm_ClusterProminence,140542.6843132706,595770.1183546159,4.3937454459071725,3401316.1724755685,354942033924.27295,46
original_glszm_LargeAreaLowGrayLevelEmphasis,10122.308304172953,47585.84581964435,0.2350347594394972,323501.8700067184,2264412722.370964,46
original_firstorder_Variance,8986.707138207434,36145.89758092008,218.63158650895784,211408.38752306724,1306525911.930364,46
original_shape_MeshVolume,17985.488389570037,30418.243256346097,690.2846161025697,201192.483357888,925269522.8022448,46
original_shape_VoxelVolume,18068.496301205174,30416.168459155473,763.9136674782967,201255.3243978673,925143303.7357242,46
original_glrlm_RunLengthNonUniformity,8020.529658915102,19764.256774589885,245.65477724299848,114497.01316664107,390625845.85192215,46
original_gldm_LargeDependenceHighGrayLevelEmphasis,8118.498455759633,17996.8557261844,282.6873536299766,98417.49619800207,323886816.02909625,46
original_gldm_GrayLevelNonUniformity,5297.124898807773,13539.693536374412,69.74754098360656,86550.29793497518,183323301.05893904,46
original_glrlm_GrayLevelNonUniformity,3112.902288485563,7293.192021388139,34.55088852988691,42723.77124309154,53190649.86083961,46
original_glcm_ClusterShade,-673.2891997126421,6760.588630077852,-44525.213293880006,8356.853739721559,45705558.625137925,46
original_gldm_DependenceNonUniformity,1587.7275671835378,4078.2318657619066,57.39229024943311,21656.252085668035,16631975.15091584,46
original_shape_SurfaceArea,4671.315328528356,4064.125131234502,808.4057219930289,22065.361152534144,16517113.082331859,46
original_glrlm_LongRunHighGrayLevelEmphasis,406.2747542141519,1056.1142848376905,29.222806709416822,5288.044629776317,1115377.3826382267,46
original_ngtdm_Complexity,208.27496944541346,588.5607687795645,2.043222345032334,3821.4591543932775,346403.77854639187,46
original_firstorder_Range,451.2608695652174,461.8629154381252,91.0,2285.0,213317.35265700478,46
original_glszm_SizeZoneNonUniformity,201.44302527257315,455.2892453646691,5.173913043478261,3118.438373570521,207288.2969447299,46
original_firstorder_Maximum,319.1304347826087,402.50557532070434,116.0,2211.0,162010.73816425118,42
original_glrlm_HighGrayLevelRunEmphasis,127.08886703008729,304.83926906992224,5.779563001348728,1618.300425307807,92926.97996708444,46
original_gldm_HighGrayLevelEmphasis,125.19126803611452,301.25700119272545,5.349875930521092,1600.2214204329662,90755.78076763378,46
original_glszm_HighGrayLevelZoneEmphasis,140.60602597646974,298.17523046674756,7.608695652173913,1548.6486486486488,88908.46806389802,46
original_glcm_Autocorrelation,119.93566737944192,280.30051781269515,4.766215111251897,1366.758574042472,78568.38028606503,46
original_glcm_ClusterTendency,63.33060266531929,264.8291909843298,1.1759301430443112,1341.8324556596754,70134.50039741462,46
original_glrlm_ShortRunHighGrayLevelEmphasis,101.72275189758,248.91483476051718,3.812352620962005,1353.5351261486644,61958.594963855576,46
original_firstorder_Minimum,-132.1304347826087,223.74664329654962,-1009.0,54.0,50062.560386473415,42
original_firstorder_10Percentile,-24.32608695652174,206.35299360807562,-976.0,74.0,42581.5579710145,40
original_glszm_GrayLevelNonUniformity,98.24952809590599,196.60962674501852,6.652173913043479,1317.7273552368852,38655.3453288155,46
original_glszm_SmallAreaHighGrayLevelEmphasis,82.00169036314253,173.1201974279244,3.5583320403187177,716.6679770238737,29970.602757483528,46
original_firstorder_InterquartileRange,61.27717391304348,138.17597705121528,20.0,969.5,19092.600634057973,31
original_firstorder_RootMeanSquared,92.28969731190935,98.9827985361837,39.53322904815519,666.8278507333517,9797.59440605473,46
original_firstorder_Median,46.619565217391305,92.37178409874166,-538.0,101.0,8532.54649758454,33
original_firstorder_Mean,44.173779902316724,85.57546744403578,-482.96065573770494,99.07812298569034,7323.160628265227,46
original_glszm_GrayLevelVariance,28.648175529219717,81.65720554766443,1.4669187145557654,426.5172380269976,6667.899217853518,46
original_gldm_SmallDependenceHighGrayLevelEmphasis,19.19984543145537,80.38439105228589,0.1633242063023768,537.3244687310261,6461.650324846821,46
original_firstorder_MeanAbsoluteDeviation,39.525256651349984,70.33960427272065,11.918707296598916,441.9961874048195,4947.659929242942,46
original_glcm_SumSquares,16.346880651501053,66.43740150787717,0.3998887997408188,337.98586055169017,4413.92831911888,46
original_ngtdm_Busyness,24.123075116520692,61.367816418161475,0.0297061380028031,411.24846600207366,3766.008891933169,46
original_firstorder_RobustMeanAbsoluteDeviation,28.03291416199631,60.78224123094926,8.643442500450927,417.8483335647184,3694.4808490573087,46
original_gldm_GrayLevelVariance,14.463835412935344,57.857121513302125,0.4287447124235726,338.63100839081494,3347.4465098050073,46
original_glrlm_GrayLevelVariance,14.226839594226893,53.762828039389866,0.5533701554525783,313.2724729291342,2890.4416787930054,46
original_gldm_LargeDependenceEmphasis,102.20932448308676,50.74061573364886,3.216393442622951,257.4556211045562,2574.610085029814,46
original_firstorder_Kurtosis,17.39914320240973,40.962375162659704,1.1673221742220234,206.00726963226123,1677.9161789664809,46
original_shape_Maximum3DDiameter,46.0213840199127,21.06730264259376,18.93379594148168,140.2005016541043,443.831240634638,46
original_shape_Maximum2DDiameterSlice,38.734680274995306,20.347544373729193,17.035701173460517,139.54445976103815,414.0225620408785,46
original_firstorder_90Percentile,97.08478260869566,18.247130275334367,62.0,146.0,332.95776328502404,32
original_shape_Maximum2DDiameterRow,38.335827183222754,15.169182116245521,15.811388300841896,90.90096515533232,230.10408607582292,46
original_shape_Maximum2DDiameterColumn,39.89049505821551,14.016631424036378,16.571994643666965,82.90927996526942,196.46595647728404,46
original_shape_MajorAxisLength,36.90493071533452,13.477713136763025,15.348351371140645,75.52178303071756,181.64875139687464,46
original_glcm_SumAverage,15.949716810088052,12.909163490110247,4.279046530729563,68.95557195824037,166.64650201439537,46
original_ngtdm_Strength,3.0122935240037805,10.676768911449914,0.0014978383557445,61.46097107154749,113.99339438850339,46
original_shape_MinorAxisLength,26.542642882015546,10.503585837818209,12.763098187861583,67.63477797182337,110.32531545241523,46
original_shape_LeastAxisLength,20.8537457989969,9.013058811899517,0.7015072101661116,56.58380805376803,81.23522914675954,46
original_gldm_LargeDependenceLowGrayLevelEmphasis,4.711695989715833,8.136003233962114,0.0670851741549626,54.96058496461722,66.19454862304198,46
original_gldm_DependenceVariance,17.804192810413095,7.435933880553443,0.5038024425930903,32.23562323106068,55.29311267596258,46
original_glcm_JointAverage,7.974858405044024,6.454581745055121,2.1395232653647813,34.47778597912018,41.66162550359881,46
original_glcm_Contrast,2.0569199406849292,2.5773412936086126,0.4236250559189639,16.03075560796561,6.642688143740117,46
original_firstorder_Skewness,0.6127728703734343,2.4677835503377636,-1.991949563827084,10.731193816566506,6.089955651317658,46
original_glcm_DifferenceVariance,1.187336521916792,2.2670698308409643,0.2575099497978126,14.671362220349415,5.139605617909278,46
original_glrlm_LongRunEmphasis,3.3412594858538602,1.4170162740205838,1.4331687463716618,8.807328512488441,2.0079351208391785,46
original_shape_SurfaceVolumeRatio,0.5494897352675421,0.7959258290718438,0.1096728902803169,5.146504494638232,0.633497925383702,46
original_glcm_JointEntropy,4.261652130281775,0.7282661047217848,2.5656193487297188,6.682876905375771,0.5303715192866415,46
original_glszm_ZoneEntropy,5.340823743136835,0.6624893378211039,3.68426986050279,6.945025155814818,0.4388921227266447,46
original_glrlm_RunVariance,0.9687063394424414,0.632453404289936,0.1640124812673081,3.473590584538537,0.39999730859792926,46
original_glcm_SumEntropy,3.0676115081200193,0.5076378321646008,2.1067394354486018,5.304355095200684,0.25769616864477535,46
original_firstorder_Entropy,2.3528543949213256,0.47276600047906303,1.430806472643871,4.4061551017598095,0.22350769120896943,46
original_glrlm_RunEntropy,3.6980666215289544,0.4270921848242057,3.1082847827437514,5.820675717944984,0.18240773433791346,46
original_gldm_DependenceEntropy,6.05023722823634,0.3261083320490741,5.090599596593854,6.666936410781805,0.10634664423182914,46
original_glcm_DifferenceEntropy,1.6216047989809959,0.28096571745457566,1.0229593499895282,2.451395990195026,0.07894173438476443,46
original_glcm_DifferenceAverage,0.8834044818328384,0.2711753200379157,0.4041347815286338,1.7387892376681613,0.07353605419766603,46
original_glrlm_LongRunLowGrayLevelEmphasis,0.1539493216912016,0.2366885185337206,0.003872438888998,1.6138207072472133,0.056021454805687404,46
original_glcm_MCC,0.5613828509688014,0.19387936175582032,0.219809356111092,0.9999999999981236,0.03758920691484424,46
original_glcm_Correlation,0.5178552517757772,0.1906220038107017,0.1761734944982791,0.9981975494717782,0.036336748336807174,46
original_shape_Sphericity,0.6449480145581802,0.1806292944511299,0.1063234442007911,0.8407617628474513,0.03262694201391299,46
original_glcm_Imc2,0.5958783037630723,0.1726572926662961,0.2620311867474952,0.9930024259057828,0.02981054071085502,46
original_shape_Flatness,0.5815416568318631,0.14167998327934417,0.0099606381788691,0.8014543279085786,0.020073217662035247,46
original_shape_Elongation,0.730401280781212,0.13416848069837187,0.3645154543781946,0.9316325670540972,0.018001181212909383,46
original_glrlm_RunLengthNonUniformityNormalized,0.5525058733857628,0.10780905771573149,0.3080493721117182,0.8722460208242331,0.011622792925553922,46
original_glszm_ZonePercentage,0.0646616787271678,0.10331345295260111,0.0069919444768522,0.6765027322404371,0.010673669560989323,46
original_glcm_Imc1,-0.13721277364986115,0.1002048293521994,-0.4844626398333824,-0.024671965697102,0.010041007825503403,46
original_glrlm_RunPercentage,0.692299324608837,0.08924935480400932,0.4587900184340541,0.9174923437218518,0.007965447332931941,46
original_gldm_SmallDependenceEmphasis,0.06941487062617105,0.08874523414493497,0.0147310446857966,0.5989071038251366,0.007875716583439331,46
original_ngtdm_Contrast,0.03443148648878019,0.08627793921159244,0.002725621154803,0.5433625384145634,0.00744388279459924,46
original_glszm_SmallAreaEmphasis,0.5353716758117508,0.08019519754840396,0.3068425455676901,0.776611445182393,0.006431269709827535,46
original_glszm_SizeZoneNonUniformityNormalized,0.2801410836629804,0.07594965175459774,0.1127349803017017,0.5595793935186514,0.005768349601644672,46
original_glcm_Idm,0.6314946313888883,0.07542479446139472,0.4779202088967335,0.7998816366747161,0.005688899619543639,46
original_glrlm_ShortRunEmphasis,0.7591236107813618,0.07297353538032793,0.5539062070669849,0.9361309174519432,0.005325136865903971,46
original_glcm_MaximumProbability,0.17237279741884223,0.07222957670249373,0.0653174522366559,0.4370482210816906,0.005217111750621426,46
original_firstorder_Uniformity,0.24718092413552673,0.06453031455157576,0.076226820747111,0.4378937675183573,0.004164161496125311,46
original_glszm_LowGrayLevelZoneEmphasis,0.06712018888569073,0.06422214251069071,0.0045632129555117,0.4196859903381643,0.004124483588663466,46
original_glcm_Id,0.6555711303086033,0.06241745667414845,0.5319461787621225,0.8011809883007381,0.003895938897669199,46
original_glszm_GrayLevelNonUniformityNormalized,0.16115373099116906,0.06164688610062312,0.055817267415003,0.3796296296296296,0.0038003385659031996,46
original_glrlm_GrayLevelNonUniformityNormalized,0.22485917381977444,0.05503244615596994,0.055817267415003,0.3687967488977647,0.00302857012990973,46
original_gldm_DependenceNonUniformityNormalized,0.07929660379398565,0.05411756658150181,0.0484791141158707,0.3978345128251067,0.0029287110127032816,46
original_glrlm_LowGrayLevelRunEmphasis,0.0433927087297263,0.044131407803361444,0.0012718445531042,0.2983807290324968,0.0019475811547065912,46
original_gldm_LowGrayLevelEmphasis,0.042652272116075,0.04286199176385267,0.0011369411354407,0.28732423490488,0.0018371503379645744,46
original_glcm_JointEnergy,0.08540408699237159,0.038791652790872135,0.025358694122142,0.2435525069376504,0.0015047923262475778,46
original_glszm_SmallAreaLowGrayLevelEmphasis,0.03710981640984702,0.03197192667632332,0.0036914682442789,0.1861124558317964,0.0010222040953961947,46
original_glcm_InverseVariance,0.4793366362444786,0.029395418023013743,0.3870807914370949,0.5143710827871977,0.0008640906007477213,46
original_glrlm_ShortRunLowGrayLevelEmphasis,0.03241778416302564,0.028958748485318327,0.0010842351588952,0.1868689138054753,0.0008386091138359264,46
original_glcm_Idn,0.9410560657461468,0.02378182586297731,0.8968885385251082,0.989021138018091,0.0005655752413769766,46
original_glcm_Idmn,0.989934348174602,0.006582704723497816,0.9740491009363292,0.999468170859195,4.333200147676046e-05,46
original_gldm_SmallDependenceLowGrayLevelEmphasis,0.0036059984331132653,0.005229846926751678,0.0002604757704123,0.0274316833266981,2.735129887725397e-05,46
original_ngtdm_Coarseness,0.0022907883796691735,0.0038129513954723708,2.7565057718054983e-05,0.023160159463393,1.45385983442347e-05,46
