Case Submitter ID,Sex,age_years,Vital Status,survival_time_days,event,Days to Recurrence,Progression or Recurrence,Primary Diagnosis,Tumor Grade,Tumor Stage
C3L-01687,female,78.95414099931554,Dead,376.0,1.0,259.00,yes,"Infiltrating duct carcinoma, NOS",G2,Not Reported
C3L-01328,male,71.91786447638604,Alive,271.0,0.0,,yes,"Infiltrating duct carcinoma, NOS",G3,Not Reported
C3N-02585,male,65.17180013689254,Dead,1189.0,1.0,,no,"Infiltrating duct carcinoma, NOS",G3,Not Reported
C3N-00517,female,69.56057494866529,Dead,1142.0,1.0,,yes,"Infiltrating duct carcinoma, NOS",G2,Not Reported
C3N-02589,male,71.2060232717317,Dead,398.0,1.0,,not reported,"Infiltrating duct carcinoma, NOS",G2,Not Reported
C3N-00518,male,69.71115674195757,Dead,427.0,1.0,340.00,yes,"Infiltrating duct carcinoma, NOS",G3,Not Reported
C3L-02899,male,73.11430527036276,Dead,91.0,1.0,,no,"Infiltrating duct carcinoma, NOS",G2,Not Reported
C3L-00881,male,80.30116358658454,Alive,3.0,0.0,,not reported,"Infiltrating duct carcinoma, NOS",G2,Not Reported
C3N-03666,male,63.59479808350445,Dead,701.0,1.0,348.00,yes,"Infiltrating duct carcinoma, NOS",G2,Not Reported
C3L-02890,male,65.84531143052703,Dead,1007.0,1.0,868.00,yes,"Infiltrating duct carcinoma, NOS",G3,Not Reported
C3L-01598,female,73.09240246406571,Dead,913.0,1.0,,yes,"Infiltrating duct carcinoma, NOS",G2,Not Reported
C3N-03211,male,43.937029431895965,Dead,286.0,1.0,210.00,yes,"Infiltrating duct carcinoma, NOS",G2,Not Reported
C3N-03000,male,57.06776180698152,Dead,487.0,1.0,,yes,"Infiltrating duct carcinoma, NOS",G3,Not Reported
C3L-01662,female,60.17522245037645,Dead,344.0,1.0,,yes,"Infiltrating duct carcinoma, NOS",G2,Not Reported
C3L-01637,female,78.5927446954141,Dead,715.0,1.0,,yes,"Infiltrating duct carcinoma, NOS",G2,Not Reported
C3N-00512,male,42.59822039698837,Dead,1006.0,1.0,,not reported,"Infiltrating duct carcinoma, NOS",G2,Not Reported
C3N-01167,female,77.06776180698152,Dead,754.0,1.0,,yes,"Infiltrating duct carcinoma, NOS",G2,Not Reported
C3L-04853,female,85.48117727583846,Dead,279.0,1.0,,yes,"Infiltrating duct carcinoma, NOS",G2,Not Reported
C3L-04475,male,77.80698151950719,Dead,893.0,1.0,,yes,"Infiltrating duct carcinoma, NOS",G2,Not Reported
C3N-04283,female,66.22039698836413,Dead,1.0,1.0,,no,"Infiltrating duct carcinoma, NOS",G3,Not Reported
C3N-01375,female,70.89664613278576,Dead,143.0,1.0,,not reported,"Infiltrating duct carcinoma, NOS",G2,Not Reported
C3L-01054,female,38.42847364818618,Dead,860.0,1.0,457.00,yes,"Infiltrating duct carcinoma, NOS",G2,Not Reported
C3N-04282,male,75.83572895277207,Dead,303.0,1.0,,yes,"Infiltrating duct carcinoma, NOS",G3,Not Reported
C3N-01715,female,61.69472963723477,Dead,109.0,1.0,,not reported,"Infiltrating duct carcinoma, NOS",G3,Not Reported
C3L-01703,male,62.70225872689939,Dead,287.0,1.0,175.00,yes,"Infiltrating duct carcinoma, NOS",G3,Not Reported
C3L-01689,male,62.072553045859,Dead,594.0,1.0,289.00,yes,"Infiltrating duct carcinoma, NOS",G2,Not Reported
C3N-01502,male,75.35112936344969,Alive,1695.0,0.0,,no,"Infiltrating duct carcinoma, NOS",G2,Not Reported
C3N-00302,male,58.95140314852841,Dead,323.0,1.0,,not reported,"Infiltrating duct carcinoma, NOS",G3,Not Reported
C3N-02295,female,56.28199863107461,Dead,371.0,1.0,,not reported,"Infiltrating duct carcinoma, NOS",G1,Not Reported
C3L-03628,female,69.21834360027378,Dead,596.0,1.0,352.00,yes,"Infiltrating duct carcinoma, NOS",G2,Not Reported
C3L-02613,female,52.199863107460644,Dead,211.0,1.0,,yes,"Infiltrating duct carcinoma, NOS",G3,Not Reported
C3L-01453,male,69.74127310061601,Alive,5.0,0.0,,not reported,"Infiltrating duct carcinoma, NOS",G2,Not Reported
C3N-01168,female,60.70362765229295,Dead,415.0,1.0,320.00,yes,"Infiltrating duct carcinoma, NOS",G2,Not Reported
C3N-00957,male,74.16563997262149,Alive,1189.0,0.0,,no,"Infiltrating duct carcinoma, NOS",G2,Not Reported
C3N-03086,male,69.82067077344284,Dead,760.0,1.0,,no,"Infiltrating duct carcinoma, NOS",G2,Not Reported
C3L-04473,female,67.21423682409309,Dead,290.0,1.0,164.00,yes,"Infiltrating duct carcinoma, NOS",G2,Not Reported
C3N-02768,male,46.64476386036961,Dead,430.0,1.0,,no,"Infiltrating duct carcinoma, NOS",G3,Not Reported
C3L-01124,female,70.9678302532512,Alive,399.0,0.0,,not reported,"Infiltrating duct carcinoma, NOS",G2,Not Reported
C3L-00625,female,34.86926762491444,Dead,1198.0,1.0,417.00,yes,"Infiltrating duct carcinoma, NOS",G2,Not Reported
C3N-02573,female,41.93292265571527,Alive,479.0,0.0,,no,"Infiltrating duct carcinoma, NOS",G2,Not Reported
C3N-01012,male,71.05544147843942,Alive,1824.0,0.0,,no,"Infiltrating duct carcinoma, NOS",G2,Not Reported
C3N-01998,male,69.24845995893224,Dead,186.0,1.0,,no,"Infiltrating duct carcinoma, NOS",G2,Not Reported
C3L-00277,male,69.85626283367556,Dead,610.0,1.0,,not reported,"Infiltrating duct carcinoma, NOS",G2,Not Reported
C3L-01052,female,64.87611225188228,Dead,743.0,1.0,565.00,yes,"Infiltrating duct carcinoma, NOS",G2,Not Reported
C3N-00198,male,55.59479808350445,Alive,1592.0,0.0,,yes,"Infiltrating duct carcinoma, NOS",G2,Not Reported
C3N-00514,male,60.388774811772755,Dead,1874.0,1.0,,yes,"Infiltrating duct carcinoma, NOS",G2,Not Reported
C3L-02604,female,84.89253935660507,Dead,118.0,1.0,,no,"Infiltrating duct carcinoma, NOS",G1,Not Reported
C3N-03190,male,31.920602327173167,Dead,398.0,1.0,,no,"Infiltrating duct carcinoma, NOS",G1,Not Reported
C3L-00928,female,58.639288158795345,Dead,761.0,1.0,,yes,"Infiltrating duct carcinoma, NOS",G1,Not Reported
C3N-01382,female,74.2943189596167,Dead,764.0,1.0,,yes,"Infiltrating duct carcinoma, NOS",G3,Not Reported
C3N-03853,female,49.215605749486656,Dead,393.0,1.0,,no,"Infiltrating duct carcinoma, NOS",G2,Not Reported
C3L-00640,female,59.32101300479124,Alive,594.0,0.0,585.00,yes,"Infiltrating duct carcinoma, NOS",G2,Not Reported
C3L-04848,female,71.96167008898016,Dead,196.0,1.0,,no,"Infiltrating duct carcinoma, NOS",G3,Not Reported
C3N-03007,male,59.60848733744011,Dead,58.0,1.0,,no,"Infiltrating duct carcinoma, NOS",G2,Not Reported
C3N-02579,female,51.80561259411362,Dead,358.0,1.0,,yes,"Infiltrating duct carcinoma, NOS",G2,Not Reported
C3N-02944,female,62.00684462696783,Alive,609.0,0.0,,yes,"Infiltrating duct carcinoma, NOS",G2,Not Reported
C3L-00401,female,62.945927446954144,Dead,1262.0,1.0,,yes,"Infiltrating duct carcinoma, NOS",G2,Not Reported
C3L-01051,male,60.75838466803559,Alive,0.0,0.0,,not reported,"Infiltrating duct carcinoma, NOS",G2,Not Reported
C3L-02610,male,80.86516084873374,Dead,190.0,1.0,151.00,yes,"Infiltrating duct carcinoma, NOS",G2,Not Reported
C3N-01714,male,63.41683778234086,Dead,435.0,1.0,,yes,"Infiltrating duct carcinoma, NOS",G2,Not Reported
C3L-04072,male,55.88774811772758,Dead,225.0,1.0,,not reported,"Infiltrating duct carcinoma, NOS",G3,Not Reported
C3L-00589,male,80.27926078028747,Alive,1752.0,0.0,,no,"Infiltrating duct carcinoma, NOS",G2,Not Reported
C3L-00622,male,72.870636550308,Dead,1041.0,1.0,,yes,"Infiltrating duct carcinoma, NOS",G1,Not Reported
C3N-01381,female,43.1047227926078,Dead,455.0,1.0,,yes,"Infiltrating duct carcinoma, NOS",G2,Not Reported
C3N-01383,female,80.53935660506502,Dead,791.0,1.0,477.00,yes,"Infiltrating duct carcinoma, NOS",G2,Not Reported
C3N-00303,male,65.95756331279945,Dead,599.0,1.0,,yes,"Infiltrating duct carcinoma, NOS",G3,Not Reported
C3L-00102,male,42.75427789185489,Dead,249.0,1.0,,yes,"Infiltrating duct carcinoma, NOS",G3,Not Reported
C3L-03123,female,60.60780287474333,Alive,1777.0,0.0,,no,"Infiltrating duct carcinoma, NOS",G2,Not Reported
C3N-03173,male,64.78302532511978,Alive,32.0,0.0,,not reported,"Infiltrating duct carcinoma, NOS",G2,Not Reported
C3N-01716,male,50.220396988364136,Dead,335.0,1.0,,not reported,"Infiltrating duct carcinoma, NOS",G3,Not Reported
C3L-03356,male,71.45242984257358,Alive,550.0,0.0,497.00,yes,"Infiltrating duct carcinoma, NOS",G2,Not Reported
C3N-00516,male,68.8952772073922,Dead,1152.0,1.0,,not reported,"Infiltrating duct carcinoma, NOS",G3,Not Reported
C3N-03665,male,63.43052703627652,Dead,1082.0,1.0,,no,"Infiltrating duct carcinoma, NOS",G2,Not Reported
C3L-00819,male,74.20670773442848,Dead,603.0,1.0,,yes,"Infiltrating duct carcinoma, NOS",G3,Not Reported
C3N-01380,male,66.02874743326488,Dead,400.0,1.0,,not reported,"Infiltrating duct carcinoma, NOS",G2,Not Reported
C3N-00249,male,71.4798083504449,Dead,1590.0,1.0,,yes,"Infiltrating duct carcinoma, NOS",G2,Not Reported
C3L-03639,male,76.00547570157427,Dead,246.0,1.0,169.00,yes,"Infiltrating duct carcinoma, NOS",G3,Not Reported
C3N-03426,female,68.42984257357973,Dead,123.0,1.0,,not reported,"Infiltrating duct carcinoma, NOS",G2,Not Reported
C3N-01011,female,77.45106091718002,Alive,1068.0,0.0,623.00,yes,"Infiltrating duct carcinoma, NOS",G2,Not Reported
C3N-03884,female,64.58590006844626,Dead,680.0,1.0,,yes,"Infiltrating duct carcinoma, NOS",G2,Not Reported
C3N-01166,female,62.67488021902806,Dead,1170.0,1.0,,yes,"Infiltrating duct carcinoma, NOS",G2,Not Reported
C3L-00598,female,61.50855578370979,Dead,422.0,1.0,348.00,yes,"Infiltrating duct carcinoma, NOS",G2,Not Reported
C3L-02463,male,63.827515400410675,Alive,740.0,0.0,,not reported,"Infiltrating duct carcinoma, NOS",G2,Not Reported
C3N-00436,female,69.60164271047228,Dead,718.0,1.0,,yes,"Infiltrating duct carcinoma, NOS",G3,Not Reported
C3L-04080,male,70.80629705681041,Dead,20.0,1.0,,not reported,"Infiltrating duct carcinoma, NOS",G3,Not Reported
C3N-04119,male,54.280629705681044,Dead,305.0,1.0,,yes,"Infiltrating duct carcinoma, NOS",G2,Not Reported
C3N-01997,male,63.43326488706366,Dead,1035.0,1.0,,no,"Infiltrating duct carcinoma, NOS",G2,Not Reported
C3L-02809,male,84.01095140314852,Dead,68.0,1.0,,not reported,"Infiltrating duct carcinoma, NOS",G2,Not Reported
C3N-03428,male,63.40588637919233,Dead,286.0,1.0,,yes,"Infiltrating duct carcinoma, NOS",G2,Not Reported
C3L-03394,female,66.00958247775496,Dead,635.0,1.0,558.00,yes,"Infiltrating duct carcinoma, NOS",G1,Not Reported
C3L-01971,male,66.69130732375086,Dead,276.0,1.0,,not reported,"Infiltrating duct carcinoma, NOS",G3,Not Reported
C3L-03388,male,68.13689253935661,Dead,11.0,1.0,,not reported,"Infiltrating duct carcinoma, NOS",G2,Not Reported
C3N-03780,female,69.19917864476386,Dead,20.0,1.0,,no,"Infiltrating duct carcinoma, NOS",G2,Not Reported
C3L-02118,female,67.98631074606433,Dead,632.0,1.0,517.00,yes,"Infiltrating duct carcinoma, NOS",G2,Not Reported
C3L-01037,male,42.79260780287474,Dead,300.0,1.0,,no,"Infiltrating duct carcinoma, NOS",G4,Not Reported
C3N-03839,female,54.63655030800821,Alive,1858.0,0.0,,yes,"Infiltrating duct carcinoma, NOS",G2,Not Reported
C3L-02109,female,79.08281998631075,Alive,261.0,0.0,,no,"Infiltrating duct carcinoma, NOS",G2,Not Reported
C3L-01031,female,65.11704312114989,Alive,369.0,0.0,,not reported,"Infiltrating duct carcinoma, NOS",G2,Not Reported
C3N-04126,male,43.006160164271044,Dead,348.0,1.0,,no,"Infiltrating duct carcinoma, NOS",G3,Not Reported
C3N-00513,male,63.30184804928131,Dead,394.0,1.0,,no,"Infiltrating duct carcinoma, NOS",G3,Not Reported
C3N-02940,male,64.47638603696099,Dead,1209.0,1.0,,no,"Infiltrating duct carcinoma, NOS",G2,Not Reported
C3N-01719,female,63.17043121149897,Dead,547.0,1.0,,yes,"Infiltrating duct carcinoma, NOS",G2,Not Reported
C3N-02010,female,62.26420260095825,Alive,449.0,0.0,,not reported,"Infiltrating duct carcinoma, NOS",G3,Not Reported
C3L-03630,male,78.50513347022587,Alive,78.0,0.0,,not reported,"Infiltrating duct carcinoma, NOS",G2,Not Reported
C3N-03069,female,50.732375085557834,Dead,20.0,1.0,,no,"Infiltrating duct carcinoma, NOS",G2,Not Reported
C3L-02701,male,72.12867898699521,Dead,243.0,1.0,,not reported,"Infiltrating duct carcinoma, NOS",G2,Not Reported
C3N-04284,female,80.2819986310746,Dead,8.0,1.0,,not reported,"Infiltrating duct carcinoma, NOS",G3,Not Reported
C3N-03840,female,59.54551676933607,Dead,1065.0,1.0,,no,"Infiltrating duct carcinoma, NOS",G2,Not Reported
C3L-03632,male,74.05886379192334,Dead,1481.0,1.0,,no,"Infiltrating duct carcinoma, NOS",G1,Not Reported
C3N-03670,male,60.328542094455855,Dead,1533.0,1.0,785.00,yes,"Infiltrating duct carcinoma, NOS",G2,Not Reported
C3L-04495,female,36.89801505817933,Dead,288.0,1.0,,yes,"Infiltrating duct carcinoma, NOS",G2,Not Reported
C3N-00511,female,45.05133470225873,Dead,991.0,1.0,,not reported,"Infiltrating duct carcinoma, NOS",G2,Not Reported
C3L-03743,female,71.32375085557837,Dead,732.0,1.0,,not reported,"Infiltrating duct carcinoma, NOS",G3,Not Reported
C3L-00599,male,62.3709787816564,Dead,1352.0,1.0,1081.00,yes,"Infiltrating duct carcinoma, NOS",G1,Not Reported
C3L-03395,male,78.02327173169063,Dead,88.0,1.0,,no,"Infiltrating duct carcinoma, NOS",G2,Not Reported
C3N-02998,female,64.9801505817933,Dead,650.0,1.0,,yes,"Infiltrating duct carcinoma, NOS",G2,Not Reported
C3L-04479,male,66.27515400410678,Dead,1590.0,1.0,,yes,"Infiltrating duct carcinoma, NOS",G3,Not Reported
C3L-00017,male,69.40177960301163,Alive,426.0,0.0,,not reported,"Infiltrating duct carcinoma, NOS",G2,Not Reported
C3N-02592,female,63.841204654346335,Dead,294.0,1.0,129.00,yes,"Infiltrating duct carcinoma, NOS",G2,Not Reported
C3L-04027,male,69.47296372347706,Alive,240.0,0.0,,not reported,"Infiltrating duct carcinoma, NOS",G2,Not Reported
C3L-00189,female,68.33127994524298,Dead,1036.0,1.0,424.00,yes,"Infiltrating duct carcinoma, NOS",G2,Not Reported
C3N-01388,female,53.242984257357975,Dead,811.0,1.0,676.00,yes,"Infiltrating duct carcinoma, NOS",G2,Not Reported
C3N-03439,female,56.88158795345654,Dead,458.0,1.0,204.00,yes,"Infiltrating duct carcinoma, NOS",G2,Not Reported
C3L-01053,female,76.10677618069815,Dead,191.0,1.0,,no,"Infiltrating duct carcinoma, NOS",G2,Not Reported
C3N-03061,female,62.899383983572896,Dead,139.0,1.0,,yes,"Infiltrating duct carcinoma, NOS",G3,Not Reported
C3N-02971,female,78.39835728952772,Dead,70.0,1.0,,no,"Infiltrating duct carcinoma, NOS",G1,Not Reported
C3L-02897,male,80.78576317590691,Alive,256.0,0.0,,not reported,"Infiltrating duct carcinoma, NOS",G2,Not Reported
C3L-02115,male,80.04654346338124,Dead,723.0,1.0,,yes,"Infiltrating duct carcinoma, NOS",G2,Not Reported
C3N-03754,male,44.53388090349076,Dead,815.0,1.0,,yes,"Infiltrating duct carcinoma, NOS",G2,Not Reported
C3L-02116,male,67.60301163586584,Dead,1063.0,1.0,673.00,yes,"Infiltrating duct carcinoma, NOS",G2,Not Reported
C3L-01036,male,64.22176591375771,Dead,881.0,1.0,,yes,"Infiltrating duct carcinoma, NOS",G2,Not Reported
C3N-03006,female,64.31759069130733,Alive,708.0,0.0,,not reported,"Infiltrating duct carcinoma, NOS",G2,Not Reported
C3L-03635,male,63.72073921971253,Dead,854.0,1.0,,yes,"Infiltrating duct carcinoma, NOS",G2,Not Reported
C3L-02606,female,68.85147159479808,Dead,403.0,1.0,251.00,yes,"Infiltrating duct carcinoma, NOS",G2,Not Reported
C3N-03440,female,54.458590006844624,Alive,315.0,0.0,,not reported,"Infiltrating duct carcinoma, NOS",G2,Not Reported
C3N-03430,female,54.59000684462697,Dead,39.0,1.0,,not reported,"Infiltrating duct carcinoma, NOS",G2,Not Reported
C3N-01165,female,63.134839151266256,Dead,241.0,1.0,,not reported,"Infiltrating duct carcinoma, NOS",G2,Not Reported
C3L-02112,male,66.95414099931554,Dead,1747.0,1.0,,no,"Infiltrating duct carcinoma, NOS",G2,Not Reported
