Classifier,Feature_Set,Patients,Accuracy,Precision,Recall,F1,ROC_AUC,TN,FP,FN,TP
LogisticRegression,clinical_only,46,0.6086956521739131,0.391304347826087,0.6923076923076923,0.5,0.62004662004662,19,14,4,9
SVM,clinical_only,46,0.5869565217391305,0.36363636363636365,0.6153846153846154,0.45714285714285713,0.331002331002331,19,14,5,8
RandomForest,clinical_only,46,0.5,0.2222222222222222,0.3076923076923077,0.25806451612903225,0.5151515151515151,19,14,9,4
LogisticRegression,radiomics_only,46,0.6086956521739131,0.3333333333333333,0.38461538461538464,0.35714285714285715,0.5337995337995338,23,10,8,5
SVM,radiomics_only,46,0.6304347826086957,0.3333333333333333,0.3076923076923077,0.32,0.506993006993007,25,8,9,4
RandomForest,radiomics_only,46,0.6739130434782609,0.4,0.3076923076923077,0.34782608695652173,0.4895104895104895,27,6,9,4
LogisticRegression,combined,46,0.6521739130434783,0.4,0.46153846153846156,0.42857142857142855,0.5501165501165501,24,9,7,6
SVM,combined,46,0.6304347826086957,0.3333333333333333,0.3076923076923077,0.32,0.45104895104895104,25,8,9,4
RandomForest,combined,46,0.717391304347826,0.5,0.23076923076923078,0.3157894736842105,0.5361305361305361,30,3,10,3
