Classifier,Feature_Set,Fold,Accuracy,Precision,Recall,F1,ROC_AUC
LogisticRegression,clinical_only,1,0.7,0.5,1.0,0.6666666666666666,0.9047619047619048
LogisticRegression,clinical_only,2,0.5555555555555556,0.3333333333333333,1.0,0.5,0.7142857142857143
LogisticRegression,clinical_only,3,0.6666666666666666,0.4,1.0,0.5714285714285714,0.7857142857142857
LogisticRegression,clinical_only,4,0.5555555555555556,0.3333333333333333,0.3333333333333333,0.3333333333333333,0.5555555555555556
LogisticRegression,clinical_only,5,0.5555555555555556,0.3333333333333333,0.3333333333333333,0.3333333333333333,0.6111111111111112
SVM,clinical_only,1,0.7,0.5,1.0,0.6666666666666666,0.33333333333333337
SVM,clinical_only,2,0.4444444444444444,0.2,0.5,0.2857142857142857,0.4285714285714286
SVM,clinical_only,3,0.6666666666666666,0.4,1.0,0.5714285714285714,0.2142857142857143
SVM,clinical_only,4,0.5555555555555556,0.3333333333333333,0.3333333333333333,0.3333333333333333,0.4444444444444445
SVM,clinical_only,5,0.5555555555555556,0.3333333333333333,0.3333333333333333,0.3333333333333333,0.5
RandomForest,clinical_only,1,0.6,0.4,0.6666666666666666,0.5,0.7619047619047619
RandomForest,clinical_only,2,0.4444444444444444,0.2,0.5,0.2857142857142857,0.5357142857142857
RandomForest,clinical_only,3,0.5555555555555556,0.25,0.5,0.3333333333333333,0.5714285714285714
RandomForest,clinical_only,4,0.4444444444444444,0.0,0.0,0.0,0.5277777777777778
RandomForest,clinical_only,5,0.4444444444444444,0.0,0.0,0.0,0.49999999999999994
LogisticRegression,radiomics_only,1,0.5,0.0,0.0,0.0,0.42857142857142855
LogisticRegression,radiomics_only,2,0.4444444444444444,0.2,0.5,0.2857142857142857,0.5714285714285714
LogisticRegression,radiomics_only,3,0.8888888888888888,0.6666666666666666,1.0,0.8,0.8571428571428572
LogisticRegression,radiomics_only,4,0.6666666666666666,0.5,0.3333333333333333,0.4,0.4444444444444444
LogisticRegression,radiomics_only,5,0.5555555555555556,0.3333333333333333,0.3333333333333333,0.3333333333333333,0.5555555555555556
SVM,radiomics_only,1,0.5,0.0,0.0,0.0,0.6190476190476191
SVM,radiomics_only,2,0.6666666666666666,0.3333333333333333,0.5,0.4,0.5714285714285714
SVM,radiomics_only,3,0.7777777777777778,0.0,0.0,0.0,0.2857142857142857
SVM,radiomics_only,4,0.6666666666666666,0.5,0.6666666666666666,0.5714285714285714,0.5833333333333334
SVM,radiomics_only,5,0.5555555555555556,0.3333333333333333,0.3333333333333333,0.3333333333333333,0.38888888888888884
RandomForest,radiomics_only,1,0.6,0.0,0.0,0.0,0.3333333333333333
RandomForest,radiomics_only,2,0.6666666666666666,0.3333333333333333,0.5,0.4,0.5714285714285714
RandomForest,radiomics_only,3,0.7777777777777778,0.5,0.5,0.5,0.7142857142857143
RandomForest,radiomics_only,4,0.6666666666666666,0.5,0.3333333333333333,0.4,0.5555555555555556
RandomForest,radiomics_only,5,0.6666666666666666,0.5,0.3333333333333333,0.4,0.5555555555555556
LogisticRegression,combined,1,0.7,0.5,0.3333333333333333,0.4,0.47619047619047616
LogisticRegression,combined,2,0.4444444444444444,0.2,0.5,0.2857142857142857,0.7142857142857143
LogisticRegression,combined,3,0.7777777777777778,0.5,1.0,0.6666666666666666,0.8571428571428572
LogisticRegression,combined,4,0.5555555555555556,0.3333333333333333,0.3333333333333333,0.3333333333333333,0.4444444444444444
LogisticRegression,combined,5,0.7777777777777778,1.0,0.3333333333333333,0.5,0.4444444444444444
SVM,combined,1,0.5,0.25,0.3333333333333333,0.2857142857142857,0.5238095238095238
SVM,combined,2,0.5555555555555556,0.25,0.5,0.3333333333333333,0.3571428571428572
SVM,combined,3,0.6666666666666666,0.0,0.0,0.0,0.28571428571428575
SVM,combined,4,0.6666666666666666,0.5,0.3333333333333333,0.4,0.5833333333333334
SVM,combined,5,0.7777777777777778,1.0,0.3333333333333333,0.5,0.5555555555555556
RandomForest,combined,1,0.6,0.0,0.0,0.0,0.3333333333333333
RandomForest,combined,2,0.6666666666666666,0.3333333333333333,0.5,0.4,0.5714285714285714
RandomForest,combined,3,0.7777777777777778,0.0,0.0,0.0,0.7857142857142857
RandomForest,combined,4,0.7777777777777778,1.0,0.3333333333333333,0.5,0.6666666666666666
RandomForest,combined,5,0.7777777777777778,1.0,0.3333333333333333,0.5,0.38888888888888884
