Case Submitter ID,survival_time_days,event,age_years,sex_male,tumor_grade_numeric
C3L-01687,376.0,1.0,78.95414099931554,0,2
C3L-01328,271.0,0.0,71.91786447638604,1,3
C3N-02585,1189.0,1.0,65.17180013689254,1,3
C3N-00517,1142.0,1.0,69.56057494866529,0,2
C3N-02589,398.0,1.0,71.2060232717317,1,2
C3N-00518,427.0,1.0,69.71115674195757,1,3
C3L-02899,91.0,1.0,73.11430527036276,1,2
C3L-00881,3.0,0.0,80.30116358658454,1,2
C3N-03666,701.0,1.0,63.59479808350445,1,2
C3L-02890,1007.0,1.0,65.84531143052703,1,3
C3L-01598,913.0,1.0,73.09240246406571,0,2
C3N-03211,286.0,1.0,43.937029431895965,1,2
C3N-03000,487.0,1.0,57.06776180698152,1,3
C3L-01662,344.0,1.0,60.17522245037645,0,2
C3L-01637,715.0,1.0,78.5927446954141,0,2
C3N-00512,1006.0,1.0,42.59822039698837,1,2
C3N-01167,754.0,1.0,77.06776180698152,0,2
C3L-04853,279.0,1.0,85.48117727583846,0,2
C3L-04475,893.0,1.0,77.80698151950719,1,2
C3N-04283,1.0,1.0,66.22039698836413,0,3
C3N-01375,143.0,1.0,70.89664613278576,0,2
C3L-01054,860.0,1.0,38.42847364818618,0,2
C3N-04282,303.0,1.0,75.83572895277207,1,3
C3N-01715,109.0,1.0,61.69472963723477,0,3
C3L-01703,287.0,1.0,62.70225872689939,1,3
C3L-01689,594.0,1.0,62.072553045859,1,2
C3N-01502,1695.0,0.0,75.35112936344969,1,2
C3N-00302,323.0,1.0,58.95140314852841,1,3
C3N-02295,371.0,1.0,56.28199863107461,0,1
C3L-03628,596.0,1.0,69.21834360027378,0,2
C3L-02613,211.0,1.0,52.19986310746064,0,3
C3L-01453,5.0,0.0,69.74127310061601,1,2
C3N-01168,415.0,1.0,60.70362765229295,0,2
C3N-00957,1189.0,0.0,74.16563997262149,1,2
C3N-03086,760.0,1.0,69.82067077344284,1,2
C3L-04473,290.0,1.0,67.21423682409309,0,2
C3N-02768,430.0,1.0,46.64476386036961,1,3
C3L-01124,399.0,0.0,70.9678302532512,0,2
C3L-00625,1198.0,1.0,34.86926762491444,0,2
C3N-02573,479.0,0.0,41.93292265571527,0,2
C3N-01012,1824.0,0.0,71.05544147843942,1,2
C3N-01998,186.0,1.0,69.24845995893224,1,2
C3L-00277,610.0,1.0,69.85626283367556,1,2
C3L-01052,743.0,1.0,64.87611225188228,0,2
C3N-00198,1592.0,0.0,55.59479808350445,1,2
C3N-00514,1874.0,1.0,60.38877481177276,1,2
C3L-02604,118.0,1.0,84.89253935660507,0,1
C3N-03190,398.0,1.0,31.920602327173167,1,1
C3L-00928,761.0,1.0,58.63928815879535,0,1
C3N-01382,764.0,1.0,74.2943189596167,0,3
C3N-03853,393.0,1.0,49.215605749486656,0,2
C3L-00640,594.0,0.0,59.32101300479124,0,2
C3L-04848,196.0,1.0,71.96167008898016,0,3
C3N-03007,58.0,1.0,59.60848733744011,1,2
C3N-02579,358.0,1.0,51.80561259411362,0,2
C3N-02944,609.0,0.0,62.00684462696783,0,2
C3L-00401,1262.0,1.0,62.945927446954144,0,2
C3L-01051,0.0,0.0,60.75838466803559,1,2
C3L-02610,190.0,1.0,80.86516084873374,1,2
C3N-01714,435.0,1.0,63.41683778234086,1,2
C3L-04072,225.0,1.0,55.88774811772758,1,3
C3L-00589,1752.0,0.0,80.27926078028747,1,2
C3L-00622,1041.0,1.0,72.870636550308,1,1
C3N-01381,455.0,1.0,43.1047227926078,0,2
C3N-01383,791.0,1.0,80.53935660506502,0,2
C3N-00303,599.0,1.0,65.95756331279945,1,3
C3L-00102,249.0,1.0,42.75427789185489,1,3
C3L-03123,1777.0,0.0,60.60780287474333,0,2
C3N-03173,32.0,0.0,64.78302532511978,1,2
C3N-01716,335.0,1.0,50.220396988364136,1,3
C3L-03356,550.0,0.0,71.45242984257358,1,2
C3N-00516,1152.0,1.0,68.8952772073922,1,3
C3N-03665,1082.0,1.0,63.43052703627652,1,2
C3L-00819,603.0,1.0,74.20670773442848,1,3
C3N-01380,400.0,1.0,66.02874743326488,1,2
C3N-00249,1590.0,1.0,71.4798083504449,1,2
C3L-03639,246.0,1.0,76.00547570157427,1,3
C3N-03426,123.0,1.0,68.42984257357973,0,2
C3N-01011,1068.0,0.0,77.45106091718002,0,2
C3N-03884,680.0,1.0,64.58590006844626,0,2
C3N-01166,1170.0,1.0,62.67488021902806,0,2
C3L-00598,422.0,1.0,61.50855578370979,0,2
C3L-02463,740.0,0.0,63.82751540041068,1,2
C3N-00436,718.0,1.0,69.60164271047228,0,3
C3L-04080,20.0,1.0,70.80629705681041,1,3
C3N-04119,305.0,1.0,54.28062970568104,1,2
C3N-01997,1035.0,1.0,63.43326488706366,1,2
C3L-02809,68.0,1.0,84.01095140314852,1,2
C3N-03428,286.0,1.0,63.40588637919233,1,2
C3L-03394,635.0,1.0,66.00958247775496,0,1
C3L-01971,276.0,1.0,66.69130732375086,1,3
C3L-03388,11.0,1.0,68.13689253935661,1,2
C3N-03780,20.0,1.0,69.19917864476386,0,2
C3L-02118,632.0,1.0,67.98631074606433,0,2
C3L-01037,300.0,1.0,42.79260780287474,1,4
C3N-03839,1858.0,0.0,54.63655030800821,0,2
C3L-02109,261.0,0.0,79.08281998631075,0,2
C3L-01031,369.0,0.0,65.11704312114989,0,2
C3N-04126,348.0,1.0,43.00616016427104,1,3
C3N-00513,394.0,1.0,63.30184804928131,1,3
C3N-02940,1209.0,1.0,64.47638603696099,1,2
C3N-01719,547.0,1.0,63.17043121149897,0,2
C3N-02010,449.0,0.0,62.26420260095825,0,3
C3L-03630,78.0,0.0,78.50513347022587,1,2
C3N-03069,20.0,1.0,50.73237508555784,0,2
C3L-02701,243.0,1.0,72.12867898699521,1,2
C3N-04284,8.0,1.0,80.2819986310746,0,3
C3N-03840,1065.0,1.0,59.54551676933607,0,2
C3L-03632,1481.0,1.0,74.05886379192334,1,1
C3N-03670,1533.0,1.0,60.328542094455855,1,2
C3L-04495,288.0,1.0,36.89801505817933,0,2
C3N-00511,991.0,1.0,45.05133470225873,0,2
C3L-03743,732.0,1.0,71.32375085557837,0,3
C3L-00599,1352.0,1.0,62.3709787816564,1,1
C3L-03395,88.0,1.0,78.02327173169063,1,2
C3N-02998,650.0,1.0,64.9801505817933,0,2
C3L-04479,1590.0,1.0,66.27515400410678,1,3
C3L-00017,426.0,0.0,69.40177960301163,1,2
C3N-02592,294.0,1.0,63.841204654346335,0,2
C3L-04027,240.0,0.0,69.47296372347706,1,2
C3L-00189,1036.0,1.0,68.33127994524298,0,2
C3N-01388,811.0,1.0,53.242984257357975,0,2
C3N-03439,458.0,1.0,56.88158795345654,0,2
C3L-01053,191.0,1.0,76.10677618069815,0,2
C3N-03061,139.0,1.0,62.899383983572896,0,3
C3N-02971,70.0,1.0,78.39835728952772,0,1
C3L-02897,256.0,0.0,80.78576317590691,1,2
C3L-02115,723.0,1.0,80.04654346338124,1,2
C3N-03754,815.0,1.0,44.53388090349076,1,2
C3L-02116,1063.0,1.0,67.60301163586584,1,2
C3L-01036,881.0,1.0,64.22176591375771,1,2
C3N-03006,708.0,0.0,64.31759069130733,0,2
C3L-03635,854.0,1.0,63.72073921971253,1,2
C3L-02606,403.0,1.0,68.85147159479808,0,2
C3N-03440,315.0,0.0,54.458590006844624,0,2
C3N-03430,39.0,1.0,54.59000684462697,0,2
C3N-01165,241.0,1.0,63.134839151266256,0,2
C3L-02112,1747.0,1.0,66.95414099931554,1,2
