Case Submitter ID,survival_time_days,event
C3L-01687,376.0,1
C3L-01328,271.0,0
C3N-02585,1189.0,1
C3N-00517,1142.0,1
C3N-02589,398.0,1
C3N-00518,427.0,1
C3L-02899,91.0,1
C3L-00881,3.0,0
C3N-03666,701.0,1
C3L-02890,1007.0,1
C3L-01598,913.0,1
C3N-03211,286.0,1
C3N-03000,487.0,1
C3L-01662,344.0,1
C3L-01637,715.0,1
C3N-00512,1006.0,1
C3N-01167,754.0,1
C3L-04853,279.0,1
C3L-04475,893.0,1
C3N-04283,1.0,1
C3N-01375,143.0,1
C3L-01054,860.0,1
C3N-04282,303.0,1
C3N-01715,109.0,1
C3L-01703,287.0,1
C3L-01689,594.0,1
C3N-01502,1695.0,0
C3N-00302,323.0,1
C3N-02295,371.0,1
C3L-03628,596.0,1
C3L-02613,211.0,1
C3L-01453,5.0,0
C3N-01168,415.0,1
C3N-00957,1189.0,0
C3N-03086,760.0,1
C3L-04473,290.0,1
C3N-02768,430.0,1
C3L-01124,399.0,0
C3L-00625,1198.0,1
C3N-02573,479.0,0
C3N-01012,1824.0,0
C3N-01998,186.0,1
C3L-00277,610.0,1
C3L-01052,743.0,1
C3N-00198,1592.0,0
C3N-00514,1874.0,1
C3L-02604,118.0,1
C3N-03190,398.0,1
C3L-00928,761.0,1
C3N-01382,764.0,1
C3N-03853,393.0,1
C3L-00640,594.0,0
C3L-04848,196.0,1
C3N-03007,58.0,1
C3N-02579,358.0,1
C3N-02944,609.0,0
C3L-00401,1262.0,1
C3L-01051,0.0,0
C3L-02610,190.0,1
C3N-01714,435.0,1
C3L-04072,225.0,1
C3L-00589,1752.0,0
C3L-00622,1041.0,1
C3N-01381,455.0,1
C3N-01383,791.0,1
C3N-00303,599.0,1
C3L-00102,249.0,1
C3L-03123,1777.0,0
C3N-03173,32.0,0
C3N-01716,335.0,1
C3L-03356,550.0,0
C3N-00516,1152.0,1
C3N-03665,1082.0,1
C3L-00819,603.0,1
C3N-01380,400.0,1
C3N-00249,1590.0,1
C3L-03639,246.0,1
C3N-03426,123.0,1
C3N-01011,1068.0,0
C3N-03884,680.0,1
C3N-01166,1170.0,1
C3L-00598,422.0,1
C3L-02463,740.0,0
C3N-00436,718.0,1
C3L-04080,20.0,1
C3N-04119,305.0,1
C3N-01997,1035.0,1
C3L-02809,68.0,1
C3N-03428,286.0,1
C3L-03394,635.0,1
C3L-01971,276.0,1
C3L-03388,11.0,1
C3N-03780,20.0,1
C3L-02118,632.0,1
C3L-01037,300.0,1
C3N-03839,1858.0,0
C3L-02109,261.0,0
C3L-01031,369.0,0
C3N-04126,348.0,1
C3N-00513,394.0,1
C3N-02940,1209.0,1
C3N-01719,547.0,1
C3N-02010,449.0,0
C3L-03630,78.0,0
C3N-03069,20.0,1
C3L-02701,243.0,1
C3N-04284,8.0,1
C3N-03840,1065.0,1
C3L-03632,1481.0,1
C3N-03670,1533.0,1
C3L-04495,288.0,1
C3N-00511,991.0,1
C3L-03743,732.0,1
C3L-00599,1352.0,1
C3L-03395,88.0,1
C3N-02998,650.0,1
C3L-04479,1590.0,1
C3L-00017,426.0,0
C3N-02592,294.0,1
C3L-04027,240.0,0
C3L-00189,1036.0,1
C3N-01388,811.0,1
C3N-03439,458.0,1
C3L-01053,191.0,1
C3N-03061,139.0,1
C3N-02971,70.0,1
C3L-02897,256.0,0
C3L-02115,723.0,1
C3N-03754,815.0,1
C3L-02116,1063.0,1
C3L-01036,881.0,1
C3N-03006,708.0,0
C3L-03635,854.0,1
C3L-02606,403.0,1
C3N-03440,315.0,0
C3N-03430,39.0,1
C3N-01165,241.0,1
C3L-02112,1747.0,1
