time_days,survival_probability
0.0,1.0
1.0,0.9927007299270075
3.0,0.9927007299270075
5.0,0.9927007299270075
8.0,0.9852925155245673
11.0,0.9778843011221268
20.0,0.9556596579148058
32.0,0.9556596579148058
39.0,0.9481935668373466
58.0,0.9407274757598871
68.0,0.9332613846824281
70.0,0.9257952936049686
78.0,0.9257952936049686
88.0,0.9182685026000507
91.0,0.9107417115951323
109.0,0.9032149205902135
118.0,0.8956881295852954
123.0,0.888161338580377
139.0,0.8806345475754584
143.0,0.8731077565705397
186.0,0.8655809655656215
190.0,0.8580541745607031
191.0,0.8505273835557847
196.0,0.8430005925508657
211.0,0.8354738015459474
225.0,0.8279470105410294
240.0,0.8279470105410294
241.0,0.8203511664076258
243.0,0.8127553222742214
246.0,0.8051594781408177
249.0,0.7975636340074136
256.0,0.7975636340074136
261.0,0.7975636340074136
271.0,0.7975636340074136
276.0,0.7897443826936159
279.0,0.7819251313798179
286.0,0.7662866287522215
287.0,0.7584673774384231
288.0,0.7506481261246248
290.0,0.7428288748108267
294.0,0.7350096234970285
300.0,0.7271903721832306
303.0,0.7193711208694323
305.0,0.7115518695556338
315.0,0.7115518695556338
323.0,0.7036457376716823
335.0,0.6957396057877311
344.0,0.6878334739037794
348.0,0.6799273420198276
358.0,0.6720212101358766
369.0,0.6720212101358766
371.0,0.6640209576342594
376.0,0.6560207051326417
393.0,0.6480204526310243
394.0,0.6400202001294061
398.0,0.6240196951261712
399.0,0.6240196951261712
400.0,0.6159155432414155
403.0,0.60781139135666
415.0,0.5997072394719049
422.0,0.5916030875871491
426.0,0.5916030875871491
427.0,0.5833863780373275
430.0,0.5751696684875063
435.0,0.5669529589376847
449.0,0.5669529589376847
455.0,0.5586154154238949
458.0,0.5502778719101054
479.0,0.5502778719101054
487.0,0.5418120584961037
547.0,0.5333462450821023
550.0,0.5333462450821023
594.0,0.5247438862904554
596.0,0.5159981548522814
599.0,0.5072524234141069
603.0,0.49850669197593284
609.0,0.49850669197593284
610.0,0.4896047867620768
632.0,0.48070288154822083
635.0,0.4718009763343649
650.0,0.462899071120509
680.0,0.4539971659066529
701.0,0.445095260692797
708.0,0.445095260692797
715.0,0.4360116839439645
718.0,0.42692810719513175
723.0,0.41784453044629927
732.0,0.4087609536974666
740.0,0.4087609536974666
743.0,0.3994709320225242
754.0,0.39018091034758184
760.0,0.3808908886726394
761.0,0.37160086699769695
764.0,0.3623108453227545
791.0,0.35302082364781207
811.0,0.34373080197286965
815.0,0.33444078029792723
854.0,0.3251507586229848
860.0,0.31586073694804245
881.0,0.3065707152731
893.0,0.29728069359815756
913.0,0.28799067192321515
991.0,0.27870065024827273
1006.0,0.2694106285733303
1007.0,0.26012060689838784
1035.0,0.2508305852234455
1036.0,0.24154056354850303
1041.0,0.23225054187356056
1063.0,0.2229605201986182
1065.0,0.21367049852367576
1068.0,0.21367049852367576
1082.0,0.20395820313623592
1142.0,0.19424590774879608
1152.0,0.18453361236135626
1170.0,0.17482131697391645
1189.0,0.1651090215864767
1198.0,0.15478970773732192
1209.0,0.1444703938881671
1262.0,0.13415108003901233
1352.0,0.12383176618985754
1481.0,0.11351245234070276
1533.0,0.10319313849154797
1590.0,0.08255451079323833
1592.0,0.08255451079323833
1695.0,0.08255451079323833
1747.0,0.06879542566103196
1752.0,0.06879542566103196
1777.0,0.06879542566103196
1824.0,0.06879542566103196
1858.0,0.06879542566103196
1874.0,0.0
