sample_id,PatientID,risk_label,age_years,Sex,Tumor Grade,ClinicalTrialTimePointID,StructureSetLabel,ROI_role,ROI_Name,ROIVolume,normalized_phase,phase_priority,ReferencedSeriesDescription,ReferencedSeriesInstanceUID,SeriesInstanceUID,Mask_File
1,C3L-00401,0,62.945927446954144,female,G2,Pre-Dose,PANCREAS1,Pancreatic lesion 1,PANCREAS - 1,7.056945,venous,1,VENOUS ABD/PELVIS 2.5MM,1.3.6.1.4.1.14519.5.2.1.1078.3273.115222332781781993819030355720,1.2.826.0.1.534147.667.2747872357.202341935857782.4,C:\Users\DELL\Downloads\ml_mini_project\ml_mini_project\data\radiomics\masks\C3L-00401\C3L-00401_PANCREAS_-_1_1_3_6_1_4_1_14519_5_2_1_1078_3273_115222332781781993819030355720.nii.gz
2,C3L-00599,0,62.3709787816564,male,G1,Pre-Dose,PANCREAS1,Pancreatic lesion 1,PANCREAS - 1,19.525519,contrast_unspecified,3,ABD/PEL  ENHANCED 5/2.5mm,1.3.6.1.4.1.14519.5.2.1.1078.3273.528962902788862099299752483230,1.2.826.0.1.534147.667.2747872357.20234194217817,C:\Users\DELL\Downloads\ml_mini_project\ml_mini_project\data\radiomics\masks\C3L-00599\C3L-00599_PANCREAS_-_1_1_3_6_1_4_1_14519_5_2_1_1078_3273_528962902788862099299752483230.nii.gz
3,C3L-00625,0,34.86926762491444,female,G2,Pre-Dose,PANCREAS1,Pancreatic lesion 1,PANCREAS  - 1,12.384274,venous,1,VENOUS ABD/PELVIS,1.3.6.1.4.1.14519.5.2.1.1078.3273.284434159400355227660618151357,1.2.826.0.1.534147.667.2747872357.202342565856826.4,C:\Users\DELL\Downloads\ml_mini_project\ml_mini_project\data\radiomics\masks\C3L-00625\C3L-00625_PANCREAS__-_1_1_3_6_1_4_1_14519_5_2_1_1078_3273_284434159400355227660618151357.nii.gz
4,C3L-02112,0,66.95414099931554,male,G2,Pre-Dose,PANCREAS2,Pancreatic lesion 2,PANCREAS - V2,12.117638,venous,1,VENOUS A/P THINS,1.3.6.1.4.1.14519.5.2.1.1078.3273.509194190879524769161030308306,1.2.826.0.1.534147.667.2747872357.202342571721348.4,C:\Users\DELL\Downloads\ml_mini_project\ml_mini_project\data\radiomics\masks\C3L-02112\C3L-02112_PANCREAS_-_V2_1_3_6_1_4_1_14519_5_2_1_1078_3273_509194190879524769161030308306.nii.gz
5,C3L-02115,0,80.04654346338124,male,G2,Pre-Dose,PANCREAS1,Pancreatic lesion 1,PANCREAS - 1,25.768058,venous,1,5 x 2.5 PV ABD/PEL,1.3.6.1.4.1.14519.5.2.1.1078.3273.704668399080353717237616884992,1.2.826.0.1.534147.667.2747872357.202342575036617.4,C:\Users\DELL\Downloads\ml_mini_project\ml_mini_project\data\radiomics\masks\C3L-02115\C3L-02115_PANCREAS_-_1_1_3_6_1_4_1_14519_5_2_1_1078_3273_704668399080353717237616884992.nii.gz
6,C3L-02118,0,67.98631074606433,female,G2,Pre-Dose,PANCREAS2,Pancreatic lesion 2,PANCREAS - 2,11.290178,unspecified,4,ABD AXIAL 5X2,1.3.6.1.4.1.14519.5.2.1.1078.3273.282104996038162526040733366160,1.2.826.0.1.534147.667.2747872357.20234194158945.4,C:\Users\DELL\Downloads\ml_mini_project\ml_mini_project\data\radiomics\masks\C3L-02118\C3L-02118_PANCREAS_-_2_1_3_6_1_4_1_14519_5_2_1_1078_3273_282104996038162526040733366160.nii.gz
7,C3L-02606,0,68.85147159479808,female,G2,Pre-Dose,PANCREAS1,Pancreatic lesion 1,PANCREAS - 1,36.207808,unspecified,4,ABD PEL AXIAL ST 3MM,1.3.6.1.4.1.14519.5.2.1.1078.3273.121497034251766040723671772840,1.2.826.0.1.534147.756.812677238.202321673015865,C:\Users\DELL\Downloads\ml_mini_project\ml_mini_project\data\radiomics\masks\C3L-02606\C3L-02606_PANCREAS_-_1_1_3_6_1_4_1_14519_5_2_1_1078_3273_121497034251766040723671772840.nii.gz
8,C3L-02613,1,52.19986310746064,female,G3,Pre-Dose,PANCREAS1,Pancreatic lesion 1,PANCREAS - 1,13.020601,venous,1,61 VENOUS ABD AXIAL 3X2,1.3.6.1.4.1.14519.5.2.1.1078.3273.318390387516429528571766938804,1.2.826.0.1.534147.667.2747872357.20234125948697,C:\Users\DELL\Downloads\ml_mini_project\ml_mini_project\data\radiomics\masks\C3L-02613\C3L-02613_PANCREAS_-_1_1_3_6_1_4_1_14519_5_2_1_1078_3273_318390387516429528571766938804.nii.gz
9,C3L-02890,0,65.84531143052703,male,G3,Pre-Dose,PANCREAS1,Pancreatic lesion 1,PANCREAS - 1,26.850651,venous,1,61 VENOUS ABD AXIAL 3X2,1.3.6.1.4.1.14519.5.2.1.1078.3273.271141209378346285855652349011,1.2.826.0.1.534147.667.2747872357.20234125240618,C:\Users\DELL\Downloads\ml_mini_project\ml_mini_project\data\radiomics\masks\C3L-02890\C3L-02890_PANCREAS_-_1_1_3_6_1_4_1_14519_5_2_1_1078_3273_271141209378346285855652349011.nii.gz
10,C3L-03123,0,60.60780287474333,female,G2,Pre-Dose,PANCREAS1,Pancreatic lesion 1,PANCREAS - 1,30.82576,venous,1,Venous/Phase Axial,1.3.6.1.4.1.14519.5.2.1.1078.3273.253659253587241192987818798973,1.2.826.0.1.534147.667.2747872357.202341262120547,C:\Users\DELL\Downloads\ml_mini_project\ml_mini_project\data\radiomics\masks\C3L-03123\C3L-03123_PANCREAS_-_1_1_3_6_1_4_1_14519_5_2_1_1078_3273_253659253587241192987818798973.nii.gz
11,C3L-03628,0,69.21834360027378,female,G2,Pre-Dose,PANCREAS1,Pancreatic lesion 1,PANCREAS - 1,2.398632,venous,1,61 VENOUS ABD AXIAL 3X2,1.3.6.1.4.1.14519.5.2.1.1078.3273.143149128964300163871889705246,1.2.826.0.1.534147.667.2747872357.202342581541957.4,C:\Users\DELL\Downloads\ml_mini_project\ml_mini_project\data\radiomics\masks\C3L-03628\C3L-03628_PANCREAS_-_1_1_3_6_1_4_1_14519_5_2_1_1078_3273_143149128964300163871889705246.nii.gz
12,C3L-03632,0,74.05886379192334,male,G1,Pre-Dose,PANCREAS1,Pancreatic lesion 1,PANCREAS - 1,8.57991,venous,1,VENOUS AXIAL 5 X 2.5,1.3.6.1.4.1.14519.5.2.1.1078.3273.135593219989915389397811943521,1.2.826.0.1.534147.667.2747872357.20234156233728.4,C:\Users\DELL\Downloads\ml_mini_project\ml_mini_project\data\radiomics\masks\C3L-03632\C3L-03632_PANCREAS_-_1_1_3_6_1_4_1_14519_5_2_1_1078_3273_135593219989915389397811943521.nii.gz
13,C3L-03639,1,76.00547570157427,male,G3,Pre-Dose,PANCREAS1,Pancreatic lesion 1,PANCREAS - 1,5.826487,arterial,2,ART THINS,1.3.6.1.4.1.14519.5.2.1.1078.3707.147874067922819363627684798170,1.2.826.0.1.534147.756.812677238.20232176268251.4,C:\Users\DELL\Downloads\ml_mini_project\ml_mini_project\data\radiomics\masks\C3L-03639\C3L-03639_PANCREAS_-_1_1_3_6_1_4_1_14519_5_2_1_1078_3707_147874067922819363627684798170.nii.gz
14,C3L-03743,0,71.32375085557837,female,G3,Pre-Dose,PANCREAS1,Pancreatic lesion 1,PANCREAS - 1,8.600362,venous,1,VENOUS ST,1.3.6.1.4.1.14519.5.2.1.2857.3273.763873604368773090782703713954,1.2.826.0.1.534147.667.2747872357.202341576813.4,C:\Users\DELL\Downloads\ml_mini_project\ml_mini_project\data\radiomics\masks\C3L-03743\C3L-03743_PANCREAS_-_1_1_3_6_1_4_1_14519_5_2_1_2857_3273_763873604368773090782703713954.nii.gz
15,C3L-04475,0,77.80698151950719,male,G2,Pre-Dose,PANCREAS2,Pancreatic lesion 2,PANCREAS - V2,4.514211,unspecified,4,ABDOMEN 5 X 2.5,1.3.6.1.4.1.14519.5.2.1.1078.3273.266637006359890695546741377528,1.2.826.0.1.534147.667.2747872357.202341943631149,C:\Users\DELL\Downloads\ml_mini_project\ml_mini_project\data\radiomics\masks\C3L-04475\C3L-04475_PANCREAS_-_V2_1_3_6_1_4_1_14519_5_2_1_1078_3273_266637006359890695546741377528.nii.gz
16,C3L-04479,0,66.27515400410678,male,G3,Pre-Dose,PANCREAS1,Pancreatic lesion 1,PANCREAS - 1,1.237652,unspecified,4,AXIALS 5x2.5,1.3.6.1.4.1.14519.5.2.1.1078.3273.147340054288591525784413209683,1.2.826.0.1.534147.667.2747872357.202341943848558.4,C:\Users\DELL\Downloads\ml_mini_project\ml_mini_project\data\radiomics\masks\C3L-04479\C3L-04479_PANCREAS_-_1_1_3_6_1_4_1_14519_5_2_1_1078_3273_147340054288591525784413209683.nii.gz
17,C3L-04495,1,36.89801505817933,female,G2,Pre-Dose,PANCREAS1,Pancreatic lesion 1,PANCREAS - 1,36.052555,unspecified,4,CHEST STND C+ 5MM,1.3.6.1.4.1.14519.5.2.1.1078.3273.847675893530584838871551804647,1.2.826.0.1.534147.667.2747872357.20234194413631.4,C:\Users\DELL\Downloads\ml_mini_project\ml_mini_project\data\radiomics\masks\C3L-04495\C3L-04495_PANCREAS_-_1_1_3_6_1_4_1_14519_5_2_1_1078_3273_847675893530584838871551804647.nii.gz
18,C3L-04848,1,71.96167008898016,female,G3,Pre-Dose,PANCREAS1,Pancreatic lesion 1,PANCREAS - 1,8.208992,unspecified,4,A/P 5/2.5MM 20 ASIR,1.3.6.1.4.1.14519.5.2.1.1078.3273.287422339118300510038202282023,1.2.826.0.1.534147.667.2747872357.202341944326944.4,C:\Users\DELL\Downloads\ml_mini_project\ml_mini_project\data\radiomics\masks\C3L-04848\C3L-04848_PANCREAS_-_1_1_3_6_1_4_1_14519_5_2_1_1078_3273_287422339118300510038202282023.nii.gz
19,C3L-04853,1,85.48117727583846,female,G2,Pre-Dose,PANCREAS1,Pancreatic lesion 1,PANCREAS - 1,2.733538,contrast_unspecified,3,ABD/PEL ENHANCED STND 5MM,1.3.6.1.4.1.14519.5.2.1.1078.3707.745191582723535005851873488541,1.2.826.0.1.534147.667.2747872357.20234194477547.4,C:\Users\DELL\Downloads\ml_mini_project\ml_mini_project\data\radiomics\masks\C3L-04853\C3L-04853_PANCREAS_-_1_1_3_6_1_4_1_14519_5_2_1_1078_3707_745191582723535005851873488541.nii.gz
20,C3N-00198,0,55.59479808350445,male,G2,Pre-Dose,PANCREAS1,Pancreatic lesion 1,PANCREAS - 1,9.713832,unspecified,4,Abd/PANC 2.0 B31f,1.3.6.1.4.1.14519.5.2.1.7085.2626.168480840630370295958226892277,1.2.826.0.1.534147.667.2747872357.20234238157998.4,C:\Users\DELL\Downloads\ml_mini_project\ml_mini_project\data\radiomics\masks\C3N-00198\C3N-00198_PANCREAS_-_1_1_3_6_1_4_1_14519_5_2_1_7085_2626_168480840630370295958226892277.nii.gz
21,C3N-00249,0,71.4798083504449,male,G2,Pre-Dose,PANCREAS1,Pancreatic lesion 1,PANCREAS - 1,20.81332,unspecified,4,CHEST  3.0  B40f,1.3.6.1.4.1.14519.5.2.1.7085.2626.176520109931701354483419993926,1.2.826.0.1.534147.667.2747872357.202342381051886.4,C:\Users\DELL\Downloads\ml_mini_project\ml_mini_project\data\radiomics\masks\C3N-00249\C3N-00249_PANCREAS_-_1_1_3_6_1_4_1_14519_5_2_1_7085_2626_176520109931701354483419993926.nii.gz
22,C3N-00302,1,58.95140314852841,male,G3,Pre-Dose,PANCREAS1,Pancreatic lesion 1,PANCREAS - 1,3.965023,unspecified,4,KLP/JB/M/3D,1.3.6.1.4.1.14519.5.2.1.3320.3273.153402618197058722914565659447,1.2.826.0.1.534147.756.812677238.202322845236857.4,C:\Users\DELL\Downloads\ml_mini_project\ml_mini_project\data\radiomics\masks\C3N-00302\C3N-00302_PANCREAS_-_1_1_3_6_1_4_1_14519_5_2_1_3320_3273_153402618197058722914565659447.nii.gz
23,C3N-00303,0,65.95756331279945,male,G3,Pre-Dose,PANCREAS1,Pancreatic lesion 1,PANCREAS - 1,21.784037,contrast_unspecified,3,KONTRAST,1.3.6.1.4.1.14519.5.2.1.3320.3273.228476454931090952243913193877,1.2.826.0.1.534147.667.2747872357.2023422571916.4,C:\Users\DELL\Downloads\ml_mini_project\ml_mini_project\data\radiomics\masks\C3N-00303\C3N-00303_PANCREAS_-_1_1_3_6_1_4_1_14519_5_2_1_3320_3273_228476454931090952243913193877.nii.gz
24,C3N-00511,0,45.05133470225873,female,G2,Pre-Dose,PANCREAS1,Pancreatic lesion 1,PANCREAS - 1,25.2852,venous,1,Zylna,1.3.6.1.4.1.14519.5.2.1.3320.3273.622361704528354865565321257701,1.2.826.0.1.534147.667.2747872357.20234226413930.4,C:\Users\DELL\Downloads\ml_mini_project\ml_mini_project\data\radiomics\masks\C3N-00511\C3N-00511_PANCREAS_-_1_1_3_6_1_4_1_14519_5_2_1_3320_3273_622361704528354865565321257701.nii.gz
25,C3N-00512,0,42.59822039698837,male,G2,Pre-Dose,PANCREAS1,Pancreatic lesion 1,PANCREAS - 1,7.170771,unspecified,4,,1.3.6.1.4.1.14519.5.2.1.3320.3273.141851821243248390241693658626,1.2.826.0.1.534147.667.2747872357.202342725136456.4,C:\Users\DELL\Downloads\ml_mini_project\ml_mini_project\data\radiomics\masks\C3N-00512\C3N-00512_PANCREAS_-_1_1_3_6_1_4_1_14519_5_2_1_3320_3273_141851821243248390241693658626.nii.gz
26,C3N-00513,0,63.30184804928131,male,G3,Pre-Dose,PANCREAS1,Pancreatic lesion 1,PANCREAS,3.781162,arterial,2,arterial,1.3.6.1.4.1.14519.5.2.1.3320.3273.840742147390892579015461325222,1.2.826.0.1.534147.667.2747872357.2023423113822645.4,C:\Users\DELL\Downloads\ml_mini_project\ml_mini_project\data\radiomics\masks\C3N-00513\C3N-00513_PANCREAS_1_3_6_1_4_1_14519_5_2_1_3320_3273_840742147390892579015461325222.nii.gz
27,C3N-00518,0,69.71115674195757,male,G3,Pre-Dose,PANCREAS1,Pancreatic lesion 1,PANCREAS - V1,10.130494,contrast_unspecified,3,Contrast  3.0  B41s,1.3.6.1.4.1.14519.5.2.1.3320.3273.104386655669578826656699930336,1.2.826.0.1.534147.667.2747872357.2023423114217673.4,C:\Users\DELL\Downloads\ml_mini_project\ml_mini_project\data\radiomics\masks\C3N-00518\C3N-00518_PANCREAS_-_V1_1_3_6_1_4_1_14519_5_2_1_3320_3273_104386655669578826656699930336.nii.gz
28,C3N-00957,0,74.16563997262149,male,G2,Pre-Dose,PANCREAS1,Pancreatic lesion 1,PANCREAS - 1,55.221836,venous,1,PANCREAS Venous 3.0  I40f  1,1.3.6.1.4.1.14519.5.2.1.7085.2626.984361307626903829562789406767,1.2.826.0.1.534147.667.2747872357.2023423114723138.4,C:\Users\DELL\Downloads\ml_mini_project\ml_mini_project\data\radiomics\masks\C3N-00957\C3N-00957_PANCREAS_-_1_1_3_6_1_4_1_14519_5_2_1_7085_2626_984361307626903829562789406767.nii.gz
29,C3N-01165,1,63.134839151266256,female,G2,Pre-Dose,PANCREAS1,Pancreatic lesion 1,PANCREAS - 1,3.938295,venous,1,F.ZYLNA  1.5  I41s  3,1.3.6.1.4.1.14519.5.2.1.3320.3273.246395466384301273536587915230,1.2.826.0.1.534147.756.812677238.202322873746339.4,C:\Users\DELL\Downloads\ml_mini_project\ml_mini_project\data\radiomics\masks\C3N-01165\C3N-01165_PANCREAS_-_1_1_3_6_1_4_1_14519_5_2_1_3320_3273_246395466384301273536587915230.nii.gz
30,C3N-01166,0,62.67488021902806,female,G2,Pre-Dose,PANCREAS1,Pancreatic lesion 1,PANCREAS - 1,23.012619,contrast_unspecified,3,Abdomen +K1  1.0  B20f,1.3.6.1.4.1.14519.5.2.1.3320.3273.315343014986917666955782092061,1.2.826.0.1.534147.667.2747872357.20234273729224.4,C:\Users\DELL\Downloads\ml_mini_project\ml_mini_project\data\radiomics\masks\C3N-01166\C3N-01166_PANCREAS_-_1_1_3_6_1_4_1_14519_5_2_1_3320_3273_315343014986917666955782092061.nii.gz
31,C3N-01167,0,77.06776180698152,female,G2,Pre-Dose,PANCREAS1,Pancreatic lesion 1,PANCREAS - V1,11.216485,contrast_unspecified,3,Abdomen +K2  5.0  B30f,1.3.6.1.4.1.14519.5.2.1.3320.3273.257256432911691359657088977190,1.2.826.0.1.534147.667.2747872357.202342731213987.4,C:\Users\DELL\Downloads\ml_mini_project\ml_mini_project\data\radiomics\masks\C3N-01167\C3N-01167_PANCREAS_-_V1_1_3_6_1_4_1_14519_5_2_1_3320_3273_257256432911691359657088977190.nii.gz
32,C3N-01375,1,70.89664613278576,female,G2,Pre-Dose,PANCREAS1,Pancreatic lesion 1,PANCREAS - V1,2.606706,unspecified,4,,1.3.6.1.4.1.14519.5.2.1.3320.3273.138020348644744766204502731573,1.2.826.0.1.534147.667.2747872357.202342311533363.4,C:\Users\DELL\Downloads\ml_mini_project\ml_mini_project\data\radiomics\masks\C3N-01375\C3N-01375_PANCREAS_-_V1_1_3_6_1_4_1_14519_5_2_1_3320_3273_138020348644744766204502731573.nii.gz
33,C3N-01381,0,43.1047227926078,female,G2,Pre-Dose,PANCREAS1,Pancreatic lesion 1,PANCREAS - 1,2.523101,contrast_unspecified,3,+C Tetnicza,1.3.6.1.4.1.14519.5.2.1.3320.3273.195707059948805634576815747650,1.2.826.0.1.534147.667.2747872357.2023419224033871,C:\Users\DELL\Downloads\ml_mini_project\ml_mini_project\data\radiomics\masks\C3N-01381\C3N-01381_PANCREAS_-_1_1_3_6_1_4_1_14519_5_2_1_3320_3273_195707059948805634576815747650.nii.gz
34,C3N-01382,0,74.2943189596167,female,G3,Pre-Dose,PANCREAS1,Pancreatic lesion 1,PANCREAS - 1,9.470453,contrast_unspecified,3,Tk miekka 5.0 CE  I Faza,1.3.6.1.4.1.14519.5.2.1.3320.3273.161956810284636741579538918315,1.2.826.0.1.534147.667.2747872357.202342312353484,C:\Users\DELL\Downloads\ml_mini_project\ml_mini_project\data\radiomics\masks\C3N-01382\C3N-01382_PANCREAS_-_1_1_3_6_1_4_1_14519_5_2_1_3320_3273_161956810284636741579538918315.nii.gz
35,C3N-01383,0,80.53935660506502,female,G2,Pre-Dose,PANCREAS1,Pancreatic lesion 1,PANCREAS - V1,3.816202,unspecified,4,Vol. T miekka FC02,1.3.6.1.4.1.14519.5.2.1.3320.3273.324947681040913255556526210003,1.2.826.0.1.534147.667.2747872357.202342312629435.4,C:\Users\DELL\Downloads\ml_mini_project\ml_mini_project\data\radiomics\masks\C3N-01383\C3N-01383_PANCREAS_-_V1_1_3_6_1_4_1_14519_5_2_1_3320_3273_324947681040913255556526210003.nii.gz
36,C3N-01502,0,75.35112936344969,male,G2,Pre-Dose,PANCREAS1,Pancreatic lesion 1,PANCREAS - 1,20.070631,unspecified,4,,1.3.6.1.4.1.14519.5.2.1.7085.3273.215906601221545277718873447581,1.2.826.0.1.534147.667.2747872357.202341923528798.4,C:\Users\DELL\Downloads\ml_mini_project\ml_mini_project\data\radiomics\masks\C3N-01502\C3N-01502_PANCREAS_-_1_1_3_6_1_4_1_14519_5_2_1_7085_3273_215906601221545277718873447581.nii.gz
37,C3N-01714,0,63.41683778234086,male,G2,Pre-Dose,PANCREAS1,Pancreatic lesion 1,PANCREAS -1,6.311872,unspecified,4,,1.3.6.1.4.1.14519.5.2.1.3320.3273.110290822146863901498359737736,1.2.826.0.1.534147.667.2747872357.20234200150654.4,C:\Users\DELL\Downloads\ml_mini_project\ml_mini_project\data\radiomics\masks\C3N-01714\C3N-01714_PANCREAS_-1_1_3_6_1_4_1_14519_5_2_1_3320_3273_110290822146863901498359737736.nii.gz
38,C3N-01715,1,61.69472963723477,female,G3,Pre-Dose,PANCREAS1,Pancreatic lesion 1,PANCREAS - 1,191.211302,unspecified,4,,1.3.6.1.4.1.14519.5.2.1.3320.3273.269419358721971772074878139271,1.2.826.0.1.534147.756.812677238.202322811115597.4,C:\Users\DELL\Downloads\ml_mini_project\ml_mini_project\data\radiomics\masks\C3N-01715\C3N-01715_PANCREAS_-_1_1_3_6_1_4_1_14519_5_2_1_3320_3273_269419358721971772074878139271.nii.gz
39,C3N-02010,0,62.26420260095825,female,G3,Pre-Dose,PANCREAS1,Pancreatic lesion 1,PANCREAS - 1,0.743776,unspecified,4,,1.3.6.1.4.1.14519.5.2.1.7085.2626.169852148533165567779563772529,1.2.826.0.1.534147.667.2747872357.20234259922626,C:\Users\DELL\Downloads\ml_mini_project\ml_mini_project\data\radiomics\masks\C3N-02010\C3N-02010_PANCREAS_-_1_1_3_6_1_4_1_14519_5_2_1_7085_2626_169852148533165567779563772529.nii.gz
40,C3N-02592,1,63.841204654346335,female,G2,Pre-Dose,PANCREAS1,Pancreatic lesion 1,PANCREAS - 1,9.224042,contrast_unspecified,3,po iv tetnicza,1.3.6.1.4.1.14519.5.2.1.3320.3273.879611076177009012361201941155,1.2.826.0.1.534147.667.2747872357.20234298519393.4,C:\Users\DELL\Downloads\ml_mini_project\ml_mini_project\data\radiomics\masks\C3N-02592\C3N-02592_PANCREAS_-_1_1_3_6_1_4_1_14519_5_2_1_3320_3273_879611076177009012361201941155.nii.gz
41,C3N-02971,1,78.39835728952772,female,G1,Pre-Dose,PANCREAS1,Pancreatic lesion 1,PANCREAS - 1,19.150211,venous,1,VENOUS  3.0  B30f,1.3.6.1.4.1.14519.5.2.1.7085.2626.180954086578970008488722763048,1.2.826.0.1.534147.667.2747872357.202342514246746.2,C:\Users\DELL\Downloads\ml_mini_project\ml_mini_project\data\radiomics\masks\C3N-02971\C3N-02971_PANCREAS_-_1_1_3_6_1_4_1_14519_5_2_1_7085_2626_180954086578970008488722763048.nii.gz
42,C3N-02998,0,64.9801505817933,female,G2,Pre-Dose,PANCREAS1,Pancreatic lesion 1,PANCREAS - 1,1.009179,unspecified,4,,1.3.6.1.4.1.14519.5.2.1.3320.3273.156629118601455329618966384795,1.2.826.0.1.534147.667.2747872357.202342514472503.4,C:\Users\DELL\Downloads\ml_mini_project\ml_mini_project\data\radiomics\masks\C3N-02998\C3N-02998_PANCREAS_-_1_1_3_6_1_4_1_14519_5_2_1_3320_3273_156629118601455329618966384795.nii.gz
43,C3N-03000,0,57.06776180698152,male,G3,Pre-Dose,PANCREAS1,Pancreatic lesion 1,PANCREAS - 1,47.853803,venous,1,ZYLNA F.,1.3.6.1.4.1.14519.5.2.1.3320.3273.181890433388041338517707398823,1.2.826.0.1.534147.756.812677238.202322964755702.4,C:\Users\DELL\Downloads\ml_mini_project\ml_mini_project\data\radiomics\masks\C3N-03000\C3N-03000_PANCREAS_-_1_1_3_6_1_4_1_14519_5_2_1_3320_3273_181890433388041338517707398823.nii.gz
44,C3N-03426,1,68.42984257357973,female,G2,Pre-Dose,PANCREAS1,Pancreatic lesion 1,PANCREAS - 1,12.930106,unspecified,4,,1.3.6.1.4.1.14519.5.2.1.3320.3273.270308021700086486167377365904,1.2.826.0.1.534147.756.812677238.202322985030540.4,C:\Users\DELL\Downloads\ml_mini_project\ml_mini_project\data\radiomics\masks\C3N-03426\C3N-03426_PANCREAS_-_1_1_3_6_1_4_1_14519_5_2_1_3320_3273_270308021700086486167377365904.nii.gz
45,C3N-03430,1,54.59000684462697,female,G2,Pre-Dose,PANCREAS1,Pancreatic lesion 1,PANCREAS - 1,16.354359,unspecified,4,,1.3.6.1.4.1.14519.5.2.1.3320.3273.369815723860519630686719054019,1.2.826.0.1.534147.756.812677238.20232298010615.4,C:\Users\DELL\Downloads\ml_mini_project\ml_mini_project\data\radiomics\masks\C3N-03430\C3N-03430_PANCREAS_-_1_1_3_6_1_4_1_14519_5_2_1_3320_3273_369815723860519630686719054019.nii.gz
46,C3N-03670,0,60.328542094455855,male,G2,Pre-Dose,PANCREAS1,Pancreatic lesion 1,PANCREAS - 1,4.648314,unspecified,4,,1.3.6.1.4.1.14519.5.2.1.3320.3273.167987214168402313606475396280,1.2.826.0.1.534147.667.2747872357.2023425162056301.4,C:\Users\DELL\Downloads\ml_mini_project\ml_mini_project\data\radiomics\masks\C3N-03670\C3N-03670_PANCREAS_-_1_1_3_6_1_4_1_14519_5_2_1_3320_3273_167987214168402313606475396280.nii.gz
