PatientID,RTSTRUCT_SeriesInstanceUID,Referenced_CT_SeriesInstanceUID,ROI_Number,ROI_Name,RTSTRUCT_File,CT_Directory,Mask_File,Status
C3L-00401,1.2.826.0.1.534147.667.2747872357.20234193583772.4,1.3.6.1.4.1.14519.5.2.1.1078.3273.204808131173076753072264680143,1,PANCREAS - 1,C:\Users\DELL\Downloads\ml_mini_project\ml_mini_project\data\radiomics\annotations\cptac_pda\C3L-00401\04173\772.4\7fafd34c-fd3d-4f38-a0d7-f7d523e456b0.dcm,C:\Users\DELL\Downloads\ml_mini_project\ml_mini_project\data\radiomics\ct\cptac_pda\C3L-00401\2003-02-01-CT ABDOMEN NONENH & ENHANCED-BODY-04173\5-ARTERIAL UPPER ABD 2.5MM-80143,C:\Users\DELL\Downloads\ml_mini_project\ml_mini_project\data\radiomics\masks\C3L-00401\C3L-00401_PANCREAS_-_1_1_3_6_1_4_1_14519_5_2_1_1078_3273_204808131173076753072264680143.nii.gz,SUCCESS
C3L-00401,1.2.826.0.1.534147.667.2747872357.202341935857782.4,1.3.6.1.4.1.14519.5.2.1.1078.3273.115222332781781993819030355720,1,PANCREAS - 1,C:\Users\DELL\Downloads\ml_mini_project\ml_mini_project\data\radiomics\annotations\cptac_pda\C3L-00401\04173\782.4\126ecc74-540e-4b0e-8103-8e702152a6c4.dcm,C:\Users\DELL\Downloads\ml_mini_project\ml_mini_project\data\radiomics\ct\cptac_pda\C3L-00401\2003-02-01-CT ABDOMEN NONENH & ENHANCED-BODY-04173\6-VENOUS ABDPELVIS 2.5MM-55720,C:\Users\DELL\Downloads\ml_mini_project\ml_mini_project\data\radiomics\masks\C3L-00401\C3L-00401_PANCREAS_-_1_1_3_6_1_4_1_14519_5_2_1_1078_3273_115222332781781993819030355720.nii.gz,SUCCESS
C3L-00599,1.2.826.0.1.534147.667.2747872357.20234194217817,1.3.6.1.4.1.14519.5.2.1.1078.3273.528962902788862099299752483230,1,PANCREAS - 1,C:\Users\DELL\Downloads\ml_mini_project\ml_mini_project\data\radiomics\annotations\cptac_pda\C3L-00599\49226\17817\ca148a6f-1521-46a8-9eed-8957cc6e0af9.dcm,C:\Users\DELL\Downloads\ml_mini_project\ml_mini_project\data\radiomics\ct\cptac_pda\C3L-00599\2003-06-02-CT ABDOMEN & PELVIS ENHANCED=AB-49226\3-ABDPEL  ENHANCED 52.5mm-83230,C:\Users\DELL\Downloads\ml_mini_project\ml_mini_project\data\radiomics\masks\C3L-00599\C3L-00599_PANCREAS_-_1_1_3_6_1_4_1_14519_5_2_1_1078_3273_528962902788862099299752483230.nii.gz,SUCCESS
C3L-00625,1.2.826.0.1.534147.667.2747872357.202342565515109.4,1.3.6.1.4.1.14519.5.2.1.1078.3273.307065441589039794210121382200,1,PANCREAS - 1,C:\Users\DELL\Downloads\ml_mini_project\ml_mini_project\data\radiomics\annotations\cptac_pda\C3L-00625\70477\109.4\8fa1e890-fed2-46eb-a95f-d2214d2bb5f0.dcm,C:\Users\DELL\Downloads\ml_mini_project\ml_mini_project\data\radiomics\ct\cptac_pda\C3L-00625\2003-09-28-CT ABDOMEN NONENH & ENHANCED=AB-70477\5-ARTERIAL UPPER ABD-82200,C:\Users\DELL\Downloads\ml_mini_project\ml_mini_project\data\radiomics\masks\C3L-00625\C3L-00625_PANCREAS_-_1_1_3_6_1_4_1_14519_5_2_1_1078_3273_307065441589039794210121382200.nii.gz,SUCCESS
C3L-00625,1.2.826.0.1.534147.667.2747872357.202342565856826.4,1.3.6.1.4.1.14519.5.2.1.1078.3273.284434159400355227660618151357,1,PANCREAS  - 1,C:\Users\DELL\Downloads\ml_mini_project\ml_mini_project\data\radiomics\annotations\cptac_pda\C3L-00625\70477\826.4\49da324e-1b7c-417f-8637-e4cb49e3a659.dcm,C:\Users\DELL\Downloads\ml_mini_project\ml_mini_project\data\radiomics\ct\cptac_pda\C3L-00625\2003-09-28-CT ABDOMEN NONENH & ENHANCED=AB-70477\6-VENOUS ABDPELVIS-51357,C:\Users\DELL\Downloads\ml_mini_project\ml_mini_project\data\radiomics\masks\C3L-00625\C3L-00625_PANCREAS__-_1_1_3_6_1_4_1_14519_5_2_1_1078_3273_284434159400355227660618151357.nii.gz,SUCCESS
C3L-02112,1.2.826.0.1.534147.667.2747872357.202342571815250.4,1.3.6.1.4.1.14519.5.2.1.1078.3273.100695794070451892455483306265,1,pancreas V2,C:\Users\DELL\Downloads\ml_mini_project\ml_mini_project\data\radiomics\annotations\cptac_pda\C3L-02112\39859\250.4\d4f1a2df-48b8-4356-9762-1055f72f4369.dcm,C:\Users\DELL\Downloads\ml_mini_project\ml_mini_project\data\radiomics\ct\cptac_pda\C3L-02112\2004-02-03-CT ABDOMEN & PELVIS ENHANCED=AB-39859\305-ART THINS-06265,C:\Users\DELL\Downloads\ml_mini_project\ml_mini_project\data\radiomics\masks\C3L-02112\C3L-02112_pancreas_V2_1_3_6_1_4_1_14519_5_2_1_1078_3273_100695794070451892455483306265.nii.gz,SUCCESS
C3L-02112,1.2.826.0.1.534147.667.2747872357.202342571721348.4,1.3.6.1.4.1.14519.5.2.1.1078.3273.509194190879524769161030308306,1,PANCREAS - V2,C:\Users\DELL\Downloads\ml_mini_project\ml_mini_project\data\radiomics\annotations\cptac_pda\C3L-02112\39859\348.4\c4c31b41-5064-4303-91a9-9b2614a55d9f.dcm,C:\Users\DELL\Downloads\ml_mini_project\ml_mini_project\data\radiomics\ct\cptac_pda\C3L-02112\2004-02-03-CT ABDOMEN & PELVIS ENHANCED=AB-39859\303-VENOUS AP THINS-08306,C:\Users\DELL\Downloads\ml_mini_project\ml_mini_project\data\radiomics\masks\C3L-02112\C3L-02112_PANCREAS_-_V2_1_3_6_1_4_1_14519_5_2_1_1078_3273_509194190879524769161030308306.nii.gz,SUCCESS
C3L-02115,1.2.826.0.1.534147.667.2747872357.202342575036617.4,1.3.6.1.4.1.14519.5.2.1.1078.3273.704668399080353717237616884992,1,PANCREAS - 1,C:\Users\DELL\Downloads\ml_mini_project\ml_mini_project\data\radiomics\annotations\cptac_pda\C3L-02115\28300\617.4\ae53b50d-70db-4884-9098-22d29a8e6709.dcm,C:\Users\DELL\Downloads\ml_mini_project\ml_mini_project\data\radiomics\ct\cptac_pda\C3L-02115\2004-01-11-CT ABDOMEN NONENH & ENHANCED=AB-28300\24-5 x 2.5 PV ABDPEL-84992,C:\Users\DELL\Downloads\ml_mini_project\ml_mini_project\data\radiomics\masks\C3L-02115\C3L-02115_PANCREAS_-_1_1_3_6_1_4_1_14519_5_2_1_1078_3273_704668399080353717237616884992.nii.gz,SUCCESS
C3L-02115,1.2.826.0.1.534147.667.2747872357.202342574129737.4,1.3.6.1.4.1.14519.5.2.1.1078.3273.114687361666119786109153935110,1,PANCREAS - 1,C:\Users\DELL\Downloads\ml_mini_project\ml_mini_project\data\radiomics\annotations\cptac_pda\C3L-02115\28300\737.4\e0a91602-0adb-464d-afde-cc24359555cb.dcm,C:\Users\DELL\Downloads\ml_mini_project\ml_mini_project\data\radiomics\ct\cptac_pda\C3L-02115\2004-01-11-CT ABDOMEN NONENH & ENHANCED=AB-28300\4-THINS ARTERIAL ABDOMEN-35110,C:\Users\DELL\Downloads\ml_mini_project\ml_mini_project\data\radiomics\masks\C3L-02115\C3L-02115_PANCREAS_-_1_1_3_6_1_4_1_14519_5_2_1_1078_3273_114687361666119786109153935110.nii.gz,SUCCESS
C3L-02118,1.2.826.0.1.534147.667.2747872357.20234194158945.4,1.3.6.1.4.1.14519.5.2.1.1078.3273.282104996038162526040733366160,1,PANCREAS - 2,C:\Users\DELL\Downloads\ml_mini_project\ml_mini_project\data\radiomics\annotations\cptac_pda\C3L-02118\25277\945.4\eb5909d2-0fcc-47f7-b89b-33161948303b.dcm,C:\Users\DELL\Downloads\ml_mini_project\ml_mini_project\data\radiomics\ct\cptac_pda\C3L-02118\2004-01-10-CT CHEST ABDOMEN & PELVIS ENHANCED=AB-25277\605-ABD AXIAL 5X2-66160,C:\Users\DELL\Downloads\ml_mini_project\ml_mini_project\data\radiomics\masks\C3L-02118\C3L-02118_PANCREAS_-_2_1_3_6_1_4_1_14519_5_2_1_1078_3273_282104996038162526040733366160.nii.gz,SUCCESS
C3L-02606,1.2.826.0.1.534147.756.812677238.202321673015865,1.3.6.1.4.1.14519.5.2.1.1078.3273.121497034251766040723671772840,1,PANCREAS - 1,C:\Users\DELL\Downloads\ml_mini_project\ml_mini_project\data\radiomics\annotations\cptac_pda\C3L-02606\75397\15865\1f9612a0-4541-4d39-a8f7-171d4df8ff52.dcm,C:\Users\DELL\Downloads\ml_mini_project\ml_mini_project\data\radiomics\ct\cptac_pda\C3L-02606\2004-02-08-CT CHEST ABDOMEN & PELVIS ENHANCED=AB-75397\604-ABD PEL AXIAL ST 3MM-72840,C:\Users\DELL\Downloads\ml_mini_project\ml_mini_project\data\radiomics\masks\C3L-02606\C3L-02606_PANCREAS_-_1_1_3_6_1_4_1_14519_5_2_1_1078_3273_121497034251766040723671772840.nii.gz,SUCCESS
C3L-02613,1.2.826.0.1.534147.667.2747872357.20234125831211.4,1.3.6.1.4.1.14519.5.2.1.1078.3273.289184767481763536323572645412,1,PANCREAS - 1,C:\Users\DELL\Downloads\ml_mini_project\ml_mini_project\data\radiomics\annotations\cptac_pda\C3L-02613\71429\211.4\410610d9-5f1b-4ae8-bf85-5e53029ea806.dcm,C:\Users\DELL\Downloads\ml_mini_project\ml_mini_project\data\radiomics\ct\cptac_pda\C3L-02613\2004-02-08-CT ABDOMEN NONENH & ENHANCED=AB-71429\604-59 ARTERIAL ABD AXIAL 3X2-45412,C:\Users\DELL\Downloads\ml_mini_project\ml_mini_project\data\radiomics\masks\C3L-02613\C3L-02613_PANCREAS_-_1_1_3_6_1_4_1_14519_5_2_1_1078_3273_289184767481763536323572645412.nii.gz,SUCCESS
C3L-02613,1.2.826.0.1.534147.667.2747872357.20234125948697,1.3.6.1.4.1.14519.5.2.1.1078.3273.318390387516429528571766938804,1,PANCREAS - 1,C:\Users\DELL\Downloads\ml_mini_project\ml_mini_project\data\radiomics\annotations\cptac_pda\C3L-02613\71429\48697\e6d16807-fd15-4a0b-a76d-c1e82ef98c1b.dcm,C:\Users\DELL\Downloads\ml_mini_project\ml_mini_project\data\radiomics\ct\cptac_pda\C3L-02613\2004-02-08-CT ABDOMEN NONENH & ENHANCED=AB-71429\607-61 VENOUS ABD AXIAL 3X2-38804,C:\Users\DELL\Downloads\ml_mini_project\ml_mini_project\data\radiomics\masks\C3L-02613\C3L-02613_PANCREAS_-_1_1_3_6_1_4_1_14519_5_2_1_1078_3273_318390387516429528571766938804.nii.gz,SUCCESS
C3L-02890,1.2.826.0.1.534147.667.2747872357.202341254925153.4,1.3.6.1.4.1.14519.5.2.1.1078.3273.260667850345575274602837514238,1,PANCREAS - 1,C:\Users\DELL\Downloads\ml_mini_project\ml_mini_project\data\radiomics\annotations\cptac_pda\C3L-02890\68202\153.4\4c11321b-3d10-4304-9a1e-9df88e45e2ea.dcm,C:\Users\DELL\Downloads\ml_mini_project\ml_mini_project\data\radiomics\ct\cptac_pda\C3L-02890\2004-03-18-CT ABDOMEN NONENH & ENHANCED=AB-68202\604-59 ARTERIAL ABD AXIAL 3X2-14238,C:\Users\DELL\Downloads\ml_mini_project\ml_mini_project\data\radiomics\masks\C3L-02890\C3L-02890_PANCREAS_-_1_1_3_6_1_4_1_14519_5_2_1_1078_3273_260667850345575274602837514238.nii.gz,SUCCESS
C3L-02890,1.2.826.0.1.534147.667.2747872357.20234125240618,1.3.6.1.4.1.14519.5.2.1.1078.3273.271141209378346285855652349011,1,PANCREAS - 1,C:\Users\DELL\Downloads\ml_mini_project\ml_mini_project\data\radiomics\annotations\cptac_pda\C3L-02890\68202\40618\5586d6ad-1e93-466f-aefe-791deca04d6e.dcm,C:\Users\DELL\Downloads\ml_mini_project\ml_mini_project\data\radiomics\ct\cptac_pda\C3L-02890\2004-03-18-CT ABDOMEN NONENH & ENHANCED=AB-68202\607-61 VENOUS ABD AXIAL 3X2-49011,C:\Users\DELL\Downloads\ml_mini_project\ml_mini_project\data\radiomics\masks\C3L-02890\C3L-02890_PANCREAS_-_1_1_3_6_1_4_1_14519_5_2_1_1078_3273_271141209378346285855652349011.nii.gz,SUCCESS
C3L-03123,1.2.826.0.1.534147.667.2747872357.202341262120547,1.3.6.1.4.1.14519.5.2.1.1078.3273.253659253587241192987818798973,1,PANCREAS - 1,C:\Users\DELL\Downloads\ml_mini_project\ml_mini_project\data\radiomics\annotations\cptac_pda\C3L-03123\32556\20547\90335655-f096-4b42-9a2c-1f85d80fbf08.dcm,C:\Users\DELL\Downloads\ml_mini_project\ml_mini_project\data\radiomics\ct\cptac_pda\C3L-03123\2004-04-19-CT ABDOMEN +- AUGMENT=AB-32556\6-VenousPhase Axial-98973,C:\Users\DELL\Downloads\ml_mini_project\ml_mini_project\data\radiomics\masks\C3L-03123\C3L-03123_PANCREAS_-_1_1_3_6_1_4_1_14519_5_2_1_1078_3273_253659253587241192987818798973.nii.gz,SUCCESS
C3L-03123,1.2.826.0.1.534147.756.812677238.202321691935902.4,1.3.6.1.4.1.14519.5.2.1.1078.3273.878693805588095257666542243238,1,PANCREAS - 1,C:\Users\DELL\Downloads\ml_mini_project\ml_mini_project\data\radiomics\annotations\cptac_pda\C3L-03123\32556\902.4\1af6b607-8ddc-4745-87a7-1f240b2aebee.dcm,C:\Users\DELL\Downloads\ml_mini_project\ml_mini_project\data\radiomics\ct\cptac_pda\C3L-03123\2004-04-19-CT ABDOMEN +- AUGMENT=AB-32556\5-PancreaticPhase Axial-43238,C:\Users\DELL\Downloads\ml_mini_project\ml_mini_project\data\radiomics\masks\C3L-03123\C3L-03123_PANCREAS_-_1_1_3_6_1_4_1_14519_5_2_1_1078_3273_878693805588095257666542243238.nii.gz,SUCCESS
C3L-03628,1.2.826.0.1.534147.667.2747872357.20234258145484.4,1.3.6.1.4.1.14519.5.2.1.1078.3273.139544023362693574988083545035,1,PANCREAS - 1,C:\Users\DELL\Downloads\ml_mini_project\ml_mini_project\data\radiomics\annotations\cptac_pda\C3L-03628\82362\484.4\a0524a08-8189-4c4c-a8e0-b8e0c7830ae0.dcm,C:\Users\DELL\Downloads\ml_mini_project\ml_mini_project\data\radiomics\ct\cptac_pda\C3L-03628\2004-09-12-CT ABDOMEN & PELVIS ENHANCED=AB-82362\605-59 ARTERIAL ABD AXIAL 3X2-45035,C:\Users\DELL\Downloads\ml_mini_project\ml_mini_project\data\radiomics\masks\C3L-03628\C3L-03628_PANCREAS_-_1_1_3_6_1_4_1_14519_5_2_1_1078_3273_139544023362693574988083545035.nii.gz,SUCCESS
C3L-03628,1.2.826.0.1.534147.667.2747872357.202342581541957.4,1.3.6.1.4.1.14519.5.2.1.1078.3273.143149128964300163871889705246,1,PANCREAS - 1,C:\Users\DELL\Downloads\ml_mini_project\ml_mini_project\data\radiomics\annotations\cptac_pda\C3L-03628\82362\957.4\b3b68581-9da7-4735-95d2-a7a6f8331027.dcm,C:\Users\DELL\Downloads\ml_mini_project\ml_mini_project\data\radiomics\ct\cptac_pda\C3L-03628\2004-09-12-CT ABDOMEN & PELVIS ENHANCED=AB-82362\608-61 VENOUS ABD AXIAL 3X2-05246,C:\Users\DELL\Downloads\ml_mini_project\ml_mini_project\data\radiomics\masks\C3L-03628\C3L-03628_PANCREAS_-_1_1_3_6_1_4_1_14519_5_2_1_1078_3273_143149128964300163871889705246.nii.gz,SUCCESS
C3L-03632,1.2.826.0.1.534147.667.2747872357.20234156233728.4,1.3.6.1.4.1.14519.5.2.1.1078.3273.135593219989915389397811943521,1,PANCREAS - 1,C:\Users\DELL\Downloads\ml_mini_project\ml_mini_project\data\radiomics\annotations\cptac_pda\C3L-03632\41380\728.4\07684d52-3cee-40ef-91b6-7028836f35f2.dcm,C:\Users\DELL\Downloads\ml_mini_project\ml_mini_project\data\radiomics\ct\cptac_pda\C3L-03632\2004-12-23-CT ABDOMEN NONENH & ENHANCED=AB-41380\11-VENOUS AXIAL 5 X 2.5-43521,C:\Users\DELL\Downloads\ml_mini_project\ml_mini_project\data\radiomics\masks\C3L-03632\C3L-03632_PANCREAS_-_1_1_3_6_1_4_1_14519_5_2_1_1078_3273_135593219989915389397811943521.nii.gz,SUCCESS
C3L-03632,1.2.826.0.1.534147.667.2747872357.202341563028732.4,1.3.6.1.4.1.14519.5.2.1.1078.3273.155971527466699061555353618253,1,PANCREAS - 1,C:\Users\DELL\Downloads\ml_mini_project\ml_mini_project\data\radiomics\annotations\cptac_pda\C3L-03632\41380\732.4\dcc8f745-76b2-483e-8fd0-0efefd240abc.dcm,C:\Users\DELL\Downloads\ml_mini_project\ml_mini_project\data\radiomics\ct\cptac_pda\C3L-03632\2004-12-23-CT ABDOMEN NONENH & ENHANCED=AB-41380\6-ARTERIAL AXIAL 2.5 X 1.25-18253,C:\Users\DELL\Downloads\ml_mini_project\ml_mini_project\data\radiomics\masks\C3L-03632\C3L-03632_PANCREAS_-_1_1_3_6_1_4_1_14519_5_2_1_1078_3273_155971527466699061555353618253.nii.gz,SUCCESS
C3L-03639,1.2.826.0.1.534147.756.812677238.20232176268251.4,1.3.6.1.4.1.14519.5.2.1.1078.3707.147874067922819363627684798170,1,PANCREAS - 1,C:\Users\DELL\Downloads\ml_mini_project\ml_mini_project\data\radiomics\annotations\cptac_pda\C3L-03639\39242\251.4\18ce728b-b6a1-4457-bfc0-e137e26e4fa9.dcm,C:\Users\DELL\Downloads\ml_mini_project\ml_mini_project\data\radiomics\ct\cptac_pda\C3L-03639\2005-01-04-CT ABDOMEN NONENH & ENHANCED=AB-39242\305-ART THINS-98170,C:\Users\DELL\Downloads\ml_mini_project\ml_mini_project\data\radiomics\masks\C3L-03639\C3L-03639_PANCREAS_-_1_1_3_6_1_4_1_14519_5_2_1_1078_3707_147874067922819363627684798170.nii.gz,SUCCESS
C3L-03743,1.2.826.0.1.534147.667.2747872357.202341565351315,1.3.6.1.4.1.14519.5.2.1.2857.3273.106345717013707649468313582498,1,PANCREAS - 1,C:\Users\DELL\Downloads\ml_mini_project\ml_mini_project\data\radiomics\annotations\cptac_pda\C3L-03743\97434\51315\de9ff7ee-7805-4b54-9ded-9c0a90d23e29.dcm,C:\Users\DELL\Downloads\ml_mini_project\ml_mini_project\data\radiomics\ct\cptac_pda\C3L-03743\2002-01-11-CT ABDOMEN WO+W CONTRAST-97434\5-ART ST-82498,C:\Users\DELL\Downloads\ml_mini_project\ml_mini_project\data\radiomics\masks\C3L-03743\C3L-03743_PANCREAS_-_1_1_3_6_1_4_1_14519_5_2_1_2857_3273_106345717013707649468313582498.nii.gz,SUCCESS
C3L-03743,1.2.826.0.1.534147.667.2747872357.202341576813.4,1.3.6.1.4.1.14519.5.2.1.2857.3273.763873604368773090782703713954,1,PANCREAS - 1,C:\Users\DELL\Downloads\ml_mini_project\ml_mini_project\data\radiomics\annotations\cptac_pda\C3L-03743\97434\813.4\da4120f0-c52f-4504-93e5-69c04d44d312.dcm,C:\Users\DELL\Downloads\ml_mini_project\ml_mini_project\data\radiomics\ct\cptac_pda\C3L-03743\2002-01-11-CT ABDOMEN WO+W CONTRAST-97434\7-VENOUS ST-13954,C:\Users\DELL\Downloads\ml_mini_project\ml_mini_project\data\radiomics\masks\C3L-03743\C3L-03743_PANCREAS_-_1_1_3_6_1_4_1_14519_5_2_1_2857_3273_763873604368773090782703713954.nii.gz,SUCCESS
C3L-04475,1.2.826.0.1.534147.667.2747872357.202341943631149,1.3.6.1.4.1.14519.5.2.1.1078.3273.266637006359890695546741377528,1,PANCREAS - V2,C:\Users\DELL\Downloads\ml_mini_project\ml_mini_project\data\radiomics\annotations\cptac_pda\C3L-04475\79378\31149\1b055fcd-382c-4d0c-bda6-080168e49133.dcm,C:\Users\DELL\Downloads\ml_mini_project\ml_mini_project\data\radiomics\ct\cptac_pda\C3L-04475\2005-03-05-CT ABDOMEN & PELVIS ENHANCED=AB-79378\3-ABDOMEN 5 X 2.5-77528,C:\Users\DELL\Downloads\ml_mini_project\ml_mini_project\data\radiomics\masks\C3L-04475\C3L-04475_PANCREAS_-_V2_1_3_6_1_4_1_14519_5_2_1_1078_3273_266637006359890695546741377528.nii.gz,SUCCESS
C3L-04479,1.2.826.0.1.534147.667.2747872357.202341943848558.4,1.3.6.1.4.1.14519.5.2.1.1078.3273.147340054288591525784413209683,1,PANCREAS - 1,C:\Users\DELL\Downloads\ml_mini_project\ml_mini_project\data\radiomics\annotations\cptac_pda\C3L-04479\10723\558.4\e06fbb42-8896-4218-9575-8574b5807d39.dcm,C:\Users\DELL\Downloads\ml_mini_project\ml_mini_project\data\radiomics\ct\cptac_pda\C3L-04479\2005-01-15-CT ABDOMEN & PELVIS ENHANCED=AB-10723\3-AXIALS 5x2.5-09683,C:\Users\DELL\Downloads\ml_mini_project\ml_mini_project\data\radiomics\masks\C3L-04479\C3L-04479_PANCREAS_-_1_1_3_6_1_4_1_14519_5_2_1_1078_3273_147340054288591525784413209683.nii.gz,SUCCESS
C3L-04495,1.2.826.0.1.534147.667.2747872357.20234194413631.4,1.3.6.1.4.1.14519.5.2.1.1078.3273.847675893530584838871551804647,1,PANCREAS - 1,C:\Users\DELL\Downloads\ml_mini_project\ml_mini_project\data\radiomics\annotations\cptac_pda\C3L-04495\05518\631.4\95c39f96-ffc4-4ebb-b987-44f8cd8ecf95.dcm,C:\Users\DELL\Downloads\ml_mini_project\ml_mini_project\data\radiomics\ct\cptac_pda\C3L-04495\2005-02-24-CT CHEST ENHANCED=CH-05518\3-CHEST STND C+ 5MM-04647,C:\Users\DELL\Downloads\ml_mini_project\ml_mini_project\data\radiomics\masks\C3L-04495\C3L-04495_PANCREAS_-_1_1_3_6_1_4_1_14519_5_2_1_1078_3273_847675893530584838871551804647.nii.gz,SUCCESS
C3L-04848,1.2.826.0.1.534147.667.2747872357.202341944326944.4,1.3.6.1.4.1.14519.5.2.1.1078.3273.287422339118300510038202282023,1,PANCREAS - 1,C:\Users\DELL\Downloads\ml_mini_project\ml_mini_project\data\radiomics\annotations\cptac_pda\C3L-04848\37330\944.4\a55f1c37-b3db-4836-acc5-ba4aab3dd0df.dcm,C:\Users\DELL\Downloads\ml_mini_project\ml_mini_project\data\radiomics\ct\cptac_pda\C3L-04848\2005-03-18-CT ABDOMEN & PELVIS ENHANCED=AB-37330\303-AP 52.5MM 20 ASIR-82023,C:\Users\DELL\Downloads\ml_mini_project\ml_mini_project\data\radiomics\masks\C3L-04848\C3L-04848_PANCREAS_-_1_1_3_6_1_4_1_14519_5_2_1_1078_3273_287422339118300510038202282023.nii.gz,SUCCESS
C3L-04853,1.2.826.0.1.534147.667.2747872357.20234194477547.4,1.3.6.1.4.1.14519.5.2.1.1078.3707.745191582723535005851873488541,1,PANCREAS - 1,C:\Users\DELL\Downloads\ml_mini_project\ml_mini_project\data\radiomics\annotations\cptac_pda\C3L-04853\57695\547.4\9dcd1871-4e1c-42fa-b1ca-485fa012edb9.dcm,C:\Users\DELL\Downloads\ml_mini_project\ml_mini_project\data\radiomics\ct\cptac_pda\C3L-04853\2005-04-29-CT ABDOMEN & PELVIS ENHANCED=AB-57695\3-ABDPEL ENHANCED STND 5MM-88541,C:\Users\DELL\Downloads\ml_mini_project\ml_mini_project\data\radiomics\masks\C3L-04853\C3L-04853_PANCREAS_-_1_1_3_6_1_4_1_14519_5_2_1_1078_3707_745191582723535005851873488541.nii.gz,SUCCESS
C3N-00198,1.2.826.0.1.534147.667.2747872357.20234238414278.4,1.3.6.1.4.1.14519.5.2.1.7085.2626.119403521930927333027265674239,1,PANCREAS - 1,C:\Users\DELL\Downloads\ml_mini_project\ml_mini_project\data\radiomics\annotations\cptac_pda\C3N-00198\36291\278.4\d30d538a-0dba-42e1-a1c3-85710e68c969.dcm,C:\Users\DELL\Downloads\ml_mini_project\ml_mini_project\data\radiomics\ct\cptac_pda\C3N-00198\2009-08-31-CT ABDOMEN W IV CONTRAST-36291\8-ABDPANC 3.0 B31f-74239,C:\Users\DELL\Downloads\ml_mini_project\ml_mini_project\data\radiomics\masks\C3N-00198\C3N-00198_PANCREAS_-_1_1_3_6_1_4_1_14519_5_2_1_7085_2626_119403521930927333027265674239.nii.gz,SUCCESS
C3N-00198,1.2.826.0.1.534147.667.2747872357.20234238157998.4,1.3.6.1.4.1.14519.5.2.1.7085.2626.168480840630370295958226892277,1,PANCREAS - 1,C:\Users\DELL\Downloads\ml_mini_project\ml_mini_project\data\radiomics\annotations\cptac_pda\C3N-00198\36291\998.4\50d759f8-e5e8-40b5-892f-0080ce2a3984.dcm,C:\Users\DELL\Downloads\ml_mini_project\ml_mini_project\data\radiomics\ct\cptac_pda\C3N-00198\2009-08-31-CT ABDOMEN W IV CONTRAST-36291\6-AbdPANC 2.0 B31f-92277,C:\Users\DELL\Downloads\ml_mini_project\ml_mini_project\data\radiomics\masks\C3N-00198\C3N-00198_PANCREAS_-_1_1_3_6_1_4_1_14519_5_2_1_7085_2626_168480840630370295958226892277.nii.gz,SUCCESS
C3N-00249,1.2.826.0.1.534147.667.2747872357.202342381051886.4,1.3.6.1.4.1.14519.5.2.1.7085.2626.176520109931701354483419993926,1,PANCREAS - 1,C:\Users\DELL\Downloads\ml_mini_project\ml_mini_project\data\radiomics\annotations\cptac_pda\C3N-00249\80052\886.4\cc3edc9a-b30b-4358-95f1-46b85d1a7f33.dcm,C:\Users\DELL\Downloads\ml_mini_project\ml_mini_project\data\radiomics\ct\cptac_pda\C3N-00249\2009-11-22-CT CHEST W IV CONTRAST-80052\2-CHEST  3.0  B40f-93926,C:\Users\DELL\Downloads\ml_mini_project\ml_mini_project\data\radiomics\masks\C3N-00249\C3N-00249_PANCREAS_-_1_1_3_6_1_4_1_14519_5_2_1_7085_2626_176520109931701354483419993926.nii.gz,SUCCESS
C3N-00302,1.2.826.0.1.534147.756.812677238.202322845236857.4,1.3.6.1.4.1.14519.5.2.1.3320.3273.153402618197058722914565659447,1,PANCREAS - 1,C:\Users\DELL\Downloads\ml_mini_project\ml_mini_project\data\radiomics\annotations\cptac_pda\C3N-00302\54966\857.4\a4e703b4-673e-4418-af3e-9875b4b6e8c9.dcm,C:\Users\DELL\Downloads\ml_mini_project\ml_mini_project\data\radiomics\ct\cptac_pda\C3N-00302\1999-10-19-Abdomen^KLP_JB_M (Adult)-54966\5-KLPJBM3D-59447,C:\Users\DELL\Downloads\ml_mini_project\ml_mini_project\data\radiomics\masks\C3N-00302\C3N-00302_PANCREAS_-_1_1_3_6_1_4_1_14519_5_2_1_3320_3273_153402618197058722914565659447.nii.gz,SUCCESS
C3N-00303,1.2.826.0.1.534147.667.2747872357.2023422571916.4,1.3.6.1.4.1.14519.5.2.1.3320.3273.228476454931090952243913193877,1,PANCREAS - 1,C:\Users\DELL\Downloads\ml_mini_project\ml_mini_project\data\radiomics\annotations\cptac_pda\C3N-00303\13479\916.4\adec6986-f882-44e7-8228-f12b3446752e.dcm,C:\Users\DELL\Downloads\ml_mini_project\ml_mini_project\data\radiomics\ct\cptac_pda\C3N-00303\1999-10-23-TK j.brzusznejmied malej BK i min 2 fazy ZK-13479\3-KONTRAST-93877,C:\Users\DELL\Downloads\ml_mini_project\ml_mini_project\data\radiomics\masks\C3N-00303\C3N-00303_PANCREAS_-_1_1_3_6_1_4_1_14519_5_2_1_3320_3273_228476454931090952243913193877.nii.gz,SUCCESS
C3N-00511,1.2.826.0.1.534147.667.2747872357.202342264926370.4,1.3.6.1.4.1.14519.5.2.1.3320.3273.156537442467537046462107067735,1,PANCREAS - 1,C:\Users\DELL\Downloads\ml_mini_project\ml_mini_project\data\radiomics\annotations\cptac_pda\C3N-00511\91595\370.4\35fd6cdd-22f4-4496-8795-ab713b59ea54.dcm,C:\Users\DELL\Downloads\ml_mini_project\ml_mini_project\data\radiomics\ct\cptac_pda\C3N-00511\2000-02-25-CT jamy brzusznej z kontrastem-91595\3-Tetnicza-67735,C:\Users\DELL\Downloads\ml_mini_project\ml_mini_project\data\radiomics\masks\C3N-00511\C3N-00511_PANCREAS_-_1_1_3_6_1_4_1_14519_5_2_1_3320_3273_156537442467537046462107067735.nii.gz,SUCCESS
C3N-00511,1.2.826.0.1.534147.667.2747872357.202342265723847.4,1.3.6.1.4.1.14519.5.2.1.3320.3273.282256482624204671206350667660,1,PANCREAS - 1,C:\Users\DELL\Downloads\ml_mini_project\ml_mini_project\data\radiomics\annotations\cptac_pda\C3N-00511\91595\847.4\df45dfba-1c6d-416e-9cf4-a5cfa2ea1b7f.dcm,C:\Users\DELL\Downloads\ml_mini_project\ml_mini_project\data\radiomics\ct\cptac_pda\C3N-00511\2000-02-25-CT jamy brzusznej z kontrastem-91595\5-Zylna-67660,C:\Users\DELL\Downloads\ml_mini_project\ml_mini_project\data\radiomics\masks\C3N-00511\C3N-00511_PANCREAS_-_1_1_3_6_1_4_1_14519_5_2_1_3320_3273_282256482624204671206350667660.nii.gz,SUCCESS
C3N-00511,1.2.826.0.1.534147.667.2747872357.20234226413930.4,1.3.6.1.4.1.14519.5.2.1.3320.3273.622361704528354865565321257701,1,PANCREAS - 1,C:\Users\DELL\Downloads\ml_mini_project\ml_mini_project\data\radiomics\annotations\cptac_pda\C3N-00511\91595\930.4\66294d1b-ea59-4dc0-8bf5-4bfcc5b21c58.dcm,C:\Users\DELL\Downloads\ml_mini_project\ml_mini_project\data\radiomics\ct\cptac_pda\C3N-00511\2000-02-25-CT jamy brzusznej z kontrastem-91595\4-Zylna-57701,C:\Users\DELL\Downloads\ml_mini_project\ml_mini_project\data\radiomics\masks\C3N-00511\C3N-00511_PANCREAS_-_1_1_3_6_1_4_1_14519_5_2_1_3320_3273_622361704528354865565321257701.nii.gz,SUCCESS
C3N-00512,1.2.826.0.1.534147.667.2747872357.202342725136456.4,1.3.6.1.4.1.14519.5.2.1.3320.3273.141851821243248390241693658626,1,PANCREAS - 1,C:\Users\DELL\Downloads\ml_mini_project\ml_mini_project\data\radiomics\annotations\cptac_pda\C3N-00512\21489\456.4\f91daf1d-7e9b-48b2-a6b8-cfa2ae8378cc.dcm,C:\Users\DELL\Downloads\ml_mini_project\ml_mini_project\data\radiomics\ct\cptac_pda\C3N-00512\2000-01-12-TOMOGRAFIA JAMY BRZUSZNEJ Z KONTRASTEM-21489\5-58626,C:\Users\DELL\Downloads\ml_mini_project\ml_mini_project\data\radiomics\masks\C3N-00512\C3N-00512_PANCREAS_-_1_1_3_6_1_4_1_14519_5_2_1_3320_3273_141851821243248390241693658626.nii.gz,SUCCESS
C3N-00512,1.2.826.0.1.534147.667.2747872357.202342725413939.4,1.3.6.1.4.1.14519.5.2.1.3320.3273.252149503614876255926821119760,1,PANCREAS -1,C:\Users\DELL\Downloads\ml_mini_project\ml_mini_project\data\radiomics\annotations\cptac_pda\C3N-00512\21489\939.4\601a52ea-f35a-429b-9cdc-1108e46ee819.dcm,C:\Users\DELL\Downloads\ml_mini_project\ml_mini_project\data\radiomics\ct\cptac_pda\C3N-00512\2000-01-12-TOMOGRAFIA JAMY BRZUSZNEJ Z KONTRASTEM-21489\6-19760,C:\Users\DELL\Downloads\ml_mini_project\ml_mini_project\data\radiomics\masks\C3N-00512\C3N-00512_PANCREAS_-1_1_3_6_1_4_1_14519_5_2_1_3320_3273_252149503614876255926821119760.nii.gz,SUCCESS
C3N-00513,1.2.826.0.1.534147.667.2747872357.2023423113822645.4,1.3.6.1.4.1.14519.5.2.1.3320.3273.840742147390892579015461325222,1,PANCREAS,C:\Users\DELL\Downloads\ml_mini_project\ml_mini_project\data\radiomics\annotations\cptac_pda\C3N-00513\99138\645.4\655d5860-b87a-4e95-a6ee-cd8e72912238.dcm,C:\Users\DELL\Downloads\ml_mini_project\ml_mini_project\data\radiomics\ct\cptac_pda\C3N-00513\2000-02-19-BRZUCH+C-99138\5-arterial-25222,C:\Users\DELL\Downloads\ml_mini_project\ml_mini_project\data\radiomics\masks\C3N-00513\C3N-00513_PANCREAS_1_3_6_1_4_1_14519_5_2_1_3320_3273_840742147390892579015461325222.nii.gz,SUCCESS
C3N-00518,1.2.826.0.1.534147.667.2747872357.2023423114217673.4,1.3.6.1.4.1.14519.5.2.1.3320.3273.104386655669578826656699930336,1,PANCREAS - V1,C:\Users\DELL\Downloads\ml_mini_project\ml_mini_project\data\radiomics\annotations\cptac_pda\C3N-00518\55505\673.4\67c7b24c-474e-425b-9407-ca5746b8662f.dcm,C:\Users\DELL\Downloads\ml_mini_project\ml_mini_project\data\radiomics\ct\cptac_pda\C3N-00518\2000-02-23-Abdomen^JAMA_BRZUSZNA_WIELO_FAZ (Adult)-55505\9-Contrast  3.0  B41s-30336,C:\Users\DELL\Downloads\ml_mini_project\ml_mini_project\data\radiomics\masks\C3N-00518\C3N-00518_PANCREAS_-_V1_1_3_6_1_4_1_14519_5_2_1_3320_3273_104386655669578826656699930336.nii.gz,SUCCESS
C3N-00957,1.2.826.0.1.534147.667.2747872357.2023429821032.4,1.3.6.1.4.1.14519.5.2.1.7085.2626.844407029514937074618033906988,1,PANCREAS - 1,C:\Users\DELL\Downloads\ml_mini_project\ml_mini_project\data\radiomics\annotations\cptac_pda\C3N-00957\80178\032.4\7d1a6313-5c0f-4a45-b516-b32431179d88.dcm,C:\Users\DELL\Downloads\ml_mini_project\ml_mini_project\data\radiomics\ct\cptac_pda\C3N-00957\2010-03-05-CT ABDOMENPELVIS W IV CONTRAST-80178\4-PANCREAS Arterial  2.0  I40f  1-06988,C:\Users\DELL\Downloads\ml_mini_project\ml_mini_project\data\radiomics\masks\C3N-00957\C3N-00957_PANCREAS_-_1_1_3_6_1_4_1_14519_5_2_1_7085_2626_844407029514937074618033906988.nii.gz,SUCCESS
C3N-00957,1.2.826.0.1.534147.667.2747872357.2023423114723138.4,1.3.6.1.4.1.14519.5.2.1.7085.2626.984361307626903829562789406767,1,PANCREAS - 1,C:\Users\DELL\Downloads\ml_mini_project\ml_mini_project\data\radiomics\annotations\cptac_pda\C3N-00957\80178\138.4\d600e7ba-0731-4ea0-acb7-704f3f1ecd3b.dcm,C:\Users\DELL\Downloads\ml_mini_project\ml_mini_project\data\radiomics\ct\cptac_pda\C3N-00957\2010-03-05-CT ABDOMENPELVIS W IV CONTRAST-80178\8-PANCREAS Venous 3.0  I40f  1-06767,C:\Users\DELL\Downloads\ml_mini_project\ml_mini_project\data\radiomics\masks\C3N-00957\C3N-00957_PANCREAS_-_1_1_3_6_1_4_1_14519_5_2_1_7085_2626_984361307626903829562789406767.nii.gz,SUCCESS
C3N-01165,1.2.826.0.1.534147.667.2747872357.202342311511338,1.3.6.1.4.1.14519.5.2.1.3320.3273.233973575227965710161496181391,1,PANCREAS - 1,C:\Users\DELL\Downloads\ml_mini_project\ml_mini_project\data\radiomics\annotations\cptac_pda\C3N-01165\57884\11338\d8be3c41-d50c-4253-a1b3-136fec802188.dcm,C:\Users\DELL\Downloads\ml_mini_project\ml_mini_project\data\radiomics\ct\cptac_pda\C3N-01165\2000-04-27-Abdomen^J_BRZUSZNA_3_FAZY (Adult)-57884\4-F. TETNICZA  5.0  B41s-81391,C:\Users\DELL\Downloads\ml_mini_project\ml_mini_project\data\radiomics\masks\C3N-01165\C3N-01165_PANCREAS_-_1_1_3_6_1_4_1_14519_5_2_1_3320_3273_233973575227965710161496181391.nii.gz,SUCCESS
C3N-01165,1.2.826.0.1.534147.756.812677238.202322873746339.4,1.3.6.1.4.1.14519.5.2.1.3320.3273.246395466384301273536587915230,1,PANCREAS - 1,C:\Users\DELL\Downloads\ml_mini_project\ml_mini_project\data\radiomics\annotations\cptac_pda\C3N-01165\57884\339.4\3ee1a498-a5a5-48bd-8d04-2ce9451e4183.dcm,C:\Users\DELL\Downloads\ml_mini_project\ml_mini_project\data\radiomics\ct\cptac_pda\C3N-01165\2000-04-27-Abdomen^J_BRZUSZNA_3_FAZY (Adult)-57884\7-F.ZYLNA  1.5  I41s  3-15230,C:\Users\DELL\Downloads\ml_mini_project\ml_mini_project\data\radiomics\masks\C3N-01165\C3N-01165_PANCREAS_-_1_1_3_6_1_4_1_14519_5_2_1_3320_3273_246395466384301273536587915230.nii.gz,SUCCESS
C3N-01166,1.2.826.0.1.534147.667.2747872357.20234273729224.4,1.3.6.1.4.1.14519.5.2.1.3320.3273.315343014986917666955782092061,1,PANCREAS - 1,C:\Users\DELL\Downloads\ml_mini_project\ml_mini_project\data\radiomics\annotations\cptac_pda\C3N-01166\34845\224.4\a0ed75ef-b039-4d7d-98e7-4e6e45bfb2ff.dcm,C:\Users\DELL\Downloads\ml_mini_project\ml_mini_project\data\radiomics\ct\cptac_pda\C3N-01166\2000-03-23-Abdomen^BRZUCH_BOLUS_FAZA_TRZUSTKA (Adult)-34845\7-Abdomen +K1  1.0  B20f-92061,C:\Users\DELL\Downloads\ml_mini_project\ml_mini_project\data\radiomics\masks\C3N-01166\C3N-01166_PANCREAS_-_1_1_3_6_1_4_1_14519_5_2_1_3320_3273_315343014986917666955782092061.nii.gz,SUCCESS
C3N-01166,1.2.826.0.1.534147.667.2747872357.20234273557850.4,1.3.6.1.4.1.14519.5.2.1.3320.3273.330551802279356159708868376454,1,PANCREAS - 1,C:\Users\DELL\Downloads\ml_mini_project\ml_mini_project\data\radiomics\annotations\cptac_pda\C3N-01166\34845\850.4\751603db-b99c-4b54-bef6-796dcd66ea8a.dcm,C:\Users\DELL\Downloads\ml_mini_project\ml_mini_project\data\radiomics\ct\cptac_pda\C3N-01166\2000-03-23-Abdomen^BRZUCH_BOLUS_FAZA_TRZUSTKA (Adult)-34845\13-Abdomen +K4  1.0  B20f-76454,C:\Users\DELL\Downloads\ml_mini_project\ml_mini_project\data\radiomics\masks\C3N-01166\C3N-01166_PANCREAS_-_1_1_3_6_1_4_1_14519_5_2_1_3320_3273_330551802279356159708868376454.nii.gz,SUCCESS
C3N-01167,1.2.826.0.1.534147.667.2747872357.202342731124307.4,1.3.6.1.4.1.14519.5.2.1.3320.3273.483334061780934084458569725002,1,PANCREAS - V1,C:\Users\DELL\Downloads\ml_mini_project\ml_mini_project\data\radiomics\annotations\cptac_pda\C3N-01167\19444\307.4\686766e2-48df-4d35-bcd1-cf73502cc762.dcm,C:\Users\DELL\Downloads\ml_mini_project\ml_mini_project\data\radiomics\ct\cptac_pda\C3N-01167\2000-04-19-Abdomen^BRZUCH_BOLUS (Adult)-19444\12-Abdomen +K3  1.0  B20f-25002,C:\Users\DELL\Downloads\ml_mini_project\ml_mini_project\data\radiomics\masks\C3N-01167\C3N-01167_PANCREAS_-_V1_1_3_6_1_4_1_14519_5_2_1_3320_3273_483334061780934084458569725002.nii.gz,SUCCESS
C3N-01167,1.2.826.0.1.534147.667.2747872357.202342731326428.4,1.3.6.1.4.1.14519.5.2.1.3320.3273.145960701435993819838833134346,1,PANCREAS - V1,C:\Users\DELL\Downloads\ml_mini_project\ml_mini_project\data\radiomics\annotations\cptac_pda\C3N-01167\19444\428.4\97f0a338-e39a-469e-8ffa-e76107f3688e.dcm,C:\Users\DELL\Downloads\ml_mini_project\ml_mini_project\data\radiomics\ct\cptac_pda\C3N-01167\2000-04-19-Abdomen^BRZUCH_BOLUS (Adult)-19444\8-Abdomen +K1  1.0  B20f-34346,C:\Users\DELL\Downloads\ml_mini_project\ml_mini_project\data\radiomics\masks\C3N-01167\C3N-01167_PANCREAS_-_V1_1_3_6_1_4_1_14519_5_2_1_3320_3273_145960701435993819838833134346.nii.gz,SUCCESS
C3N-01167,1.2.826.0.1.534147.667.2747872357.202342731213987.4,1.3.6.1.4.1.14519.5.2.1.3320.3273.257256432911691359657088977190,1,PANCREAS - V1,C:\Users\DELL\Downloads\ml_mini_project\ml_mini_project\data\radiomics\annotations\cptac_pda\C3N-01167\19444\987.4\97060396-d736-463d-9a23-33ed9c1343c8.dcm,C:\Users\DELL\Downloads\ml_mini_project\ml_mini_project\data\radiomics\ct\cptac_pda\C3N-01167\2000-04-19-Abdomen^BRZUCH_BOLUS (Adult)-19444\9-Abdomen +K2  5.0  B30f-77190,C:\Users\DELL\Downloads\ml_mini_project\ml_mini_project\data\radiomics\masks\C3N-01167\C3N-01167_PANCREAS_-_V1_1_3_6_1_4_1_14519_5_2_1_3320_3273_257256432911691359657088977190.nii.gz,SUCCESS
C3N-01375,1.2.826.0.1.534147.667.2747872357.202342311533363.4,1.3.6.1.4.1.14519.5.2.1.3320.3273.138020348644744766204502731573,1,PANCREAS - V1,C:\Users\DELL\Downloads\ml_mini_project\ml_mini_project\data\radiomics\annotations\cptac_pda\C3N-01375\15515\363.4\4450f89d-8bfe-49b3-8234-479727845b28.dcm,C:\Users\DELL\Downloads\ml_mini_project\ml_mini_project\data\radiomics\ct\cptac_pda\C3N-01375\2000-04-05-TK JAMA BRZUSZNA I MIE-15515\3-31573,C:\Users\DELL\Downloads\ml_mini_project\ml_mini_project\data\radiomics\masks\C3N-01375\C3N-01375_PANCREAS_-_V1_1_3_6_1_4_1_14519_5_2_1_3320_3273_138020348644744766204502731573.nii.gz,SUCCESS
C3N-01381,1.2.826.0.1.534147.667.2747872357.2023419224033871,1.3.6.1.4.1.14519.5.2.1.3320.3273.195707059948805634576815747650,1,PANCREAS - 1,C:\Users\DELL\Downloads\ml_mini_project\ml_mini_project\data\radiomics\annotations\cptac_pda\C3N-01381\77900\33871\f6d2c041-a79b-4576-bcaf-da5f48fcb779.dcm,C:\Users\DELL\Downloads\ml_mini_project\ml_mini_project\data\radiomics\ct\cptac_pda\C3N-01381\2000-06-08-TK jamy brzusznej-77900\3-+C Tetnicza-47650,C:\Users\DELL\Downloads\ml_mini_project\ml_mini_project\data\radiomics\masks\C3N-01381\C3N-01381_PANCREAS_-_1_1_3_6_1_4_1_14519_5_2_1_3320_3273_195707059948805634576815747650.nii.gz,SUCCESS
C3N-01382,1.2.826.0.1.534147.667.2747872357.202342312353484,1.3.6.1.4.1.14519.5.2.1.3320.3273.161956810284636741579538918315,1,PANCREAS - 1,C:\Users\DELL\Downloads\ml_mini_project\ml_mini_project\data\radiomics\annotations\cptac_pda\C3N-01382\51775\53484\7f8c50b7-6239-43e4-ad5f-c839592d8e68.dcm,C:\Users\DELL\Downloads\ml_mini_project\ml_mini_project\data\radiomics\ct\cptac_pda\C3N-01382\2000-06-16-TK jamy brzusznej lub miednicy malej bez kontrastu i z-51775\5-Tk miekka 5.0 CE  I Faza-18315,C:\Users\DELL\Downloads\ml_mini_project\ml_mini_project\data\radiomics\masks\C3N-01382\C3N-01382_PANCREAS_-_1_1_3_6_1_4_1_14519_5_2_1_3320_3273_161956810284636741579538918315.nii.gz,SUCCESS
C3N-01383,1.2.826.0.1.534147.667.2747872357.202342312629435.4,1.3.6.1.4.1.14519.5.2.1.3320.3273.324947681040913255556526210003,1,PANCREAS - V1,C:\Users\DELL\Downloads\ml_mini_project\ml_mini_project\data\radiomics\annotations\cptac_pda\C3N-01383\13750\435.4\ae206460-0b10-49d9-a565-12ce9e2f2a83.dcm,C:\Users\DELL\Downloads\ml_mini_project\ml_mini_project\data\radiomics\ct\cptac_pda\C3N-01383\2000-06-13-JB-13750\8-Vol. T miekka FC02-10003,C:\Users\DELL\Downloads\ml_mini_project\ml_mini_project\data\radiomics\masks\C3N-01383\C3N-01383_PANCREAS_-_V1_1_3_6_1_4_1_14519_5_2_1_3320_3273_324947681040913255556526210003.nii.gz,SUCCESS
C3N-01502,1.2.826.0.1.534147.667.2747872357.202341923528798.4,1.3.6.1.4.1.14519.5.2.1.7085.3273.215906601221545277718873447581,1,PANCREAS - 1,C:\Users\DELL\Downloads\ml_mini_project\ml_mini_project\data\radiomics\annotations\cptac_pda\C3N-01502\00058\798.4\19ea8362-f18f-4d8c-8ec5-a4be73b994eb.dcm,C:\Users\DELL\Downloads\ml_mini_project\ml_mini_project\data\radiomics\ct\cptac_pda\C3N-01502\2010-03-28-00058\2-47581,C:\Users\DELL\Downloads\ml_mini_project\ml_mini_project\data\radiomics\masks\C3N-01502\C3N-01502_PANCREAS_-_1_1_3_6_1_4_1_14519_5_2_1_7085_3273_215906601221545277718873447581.nii.gz,SUCCESS
C3N-01714,1.2.826.0.1.534147.667.2747872357.20234200150654.4,1.3.6.1.4.1.14519.5.2.1.3320.3273.110290822146863901498359737736,1,PANCREAS -1,C:\Users\DELL\Downloads\ml_mini_project\ml_mini_project\data\radiomics\annotations\cptac_pda\C3N-01714\94498\654.4\a0aec2b7-d9b1-40f6-a3c5-afef8c8b4338.dcm,C:\Users\DELL\Downloads\ml_mini_project\ml_mini_project\data\radiomics\ct\cptac_pda\C3N-01714\2000-06-09-BRZUCH-94498\3-37736,C:\Users\DELL\Downloads\ml_mini_project\ml_mini_project\data\radiomics\masks\C3N-01714\C3N-01714_PANCREAS_-1_1_3_6_1_4_1_14519_5_2_1_3320_3273_110290822146863901498359737736.nii.gz,SUCCESS
C3N-01715,1.2.826.0.1.534147.667.2747872357.2023422111021135.4,1.3.6.1.4.1.14519.5.2.1.3320.3273.245149914988867630599932971060,1,PANCREAS - 1,C:\Users\DELL\Downloads\ml_mini_project\ml_mini_project\data\radiomics\annotations\cptac_pda\C3N-01715\39140\135.4\ccf76c6c-aa14-48c7-bebc-3c1c6b55680b.dcm,C:\Users\DELL\Downloads\ml_mini_project\ml_mini_project\data\radiomics\ct\cptac_pda\C3N-01715\2000-06-14-TK JAMY BRZUSZNE-39140\3-71060,C:\Users\DELL\Downloads\ml_mini_project\ml_mini_project\data\radiomics\masks\C3N-01715\C3N-01715_PANCREAS_-_1_1_3_6_1_4_1_14519_5_2_1_3320_3273_245149914988867630599932971060.nii.gz,SUCCESS
C3N-01715,1.2.826.0.1.534147.756.812677238.202322811115597.4,1.3.6.1.4.1.14519.5.2.1.3320.3273.269419358721971772074878139271,1,PANCREAS - 1,C:\Users\DELL\Downloads\ml_mini_project\ml_mini_project\data\radiomics\annotations\cptac_pda\C3N-01715\39140\597.4\3d485ca8-f1fa-44da-97bc-87d1055189a4.dcm,C:\Users\DELL\Downloads\ml_mini_project\ml_mini_project\data\radiomics\ct\cptac_pda\C3N-01715\2000-06-14-TK JAMY BRZUSZNE-39140\5-39271,C:\Users\DELL\Downloads\ml_mini_project\ml_mini_project\data\radiomics\masks\C3N-01715\C3N-01715_PANCREAS_-_1_1_3_6_1_4_1_14519_5_2_1_3320_3273_269419358721971772074878139271.nii.gz,SUCCESS
C3N-02010,1.2.826.0.1.534147.667.2747872357.20234259922626,1.3.6.1.4.1.14519.5.2.1.7085.2626.169852148533165567779563772529,1,PANCREAS - 1,C:\Users\DELL\Downloads\ml_mini_project\ml_mini_project\data\radiomics\annotations\cptac_pda\C3N-02010\93023\22626\fd9f9e70-0c31-426b-ac5c-9cc83dc32bd9.dcm,C:\Users\DELL\Downloads\ml_mini_project\ml_mini_project\data\radiomics\ct\cptac_pda\C3N-02010\2011-05-01-93023\3-72529,C:\Users\DELL\Downloads\ml_mini_project\ml_mini_project\data\radiomics\masks\C3N-02010\C3N-02010_PANCREAS_-_1_1_3_6_1_4_1_14519_5_2_1_7085_2626_169852148533165567779563772529.nii.gz,SUCCESS
C3N-02592,1.2.826.0.1.534147.667.2747872357.20234298519393.4,1.3.6.1.4.1.14519.5.2.1.3320.3273.879611076177009012361201941155,1,PANCREAS - 1,C:\Users\DELL\Downloads\ml_mini_project\ml_mini_project\data\radiomics\annotations\cptac_pda\C3N-02592\38054\393.4\7840684e-1e49-43e4-abff-3fdb0a08159d.dcm,C:\Users\DELL\Downloads\ml_mini_project\ml_mini_project\data\radiomics\ct\cptac_pda\C3N-02592\2000-11-09-TK- j. brzuszna z kontr.-38054\3-po iv tetnicza-41155,C:\Users\DELL\Downloads\ml_mini_project\ml_mini_project\data\radiomics\masks\C3N-02592\C3N-02592_PANCREAS_-_1_1_3_6_1_4_1_14519_5_2_1_3320_3273_879611076177009012361201941155.nii.gz,SUCCESS
C3N-02971,1.2.826.0.1.534147.756.812677238.202322942514354,1.3.6.1.4.1.14519.5.2.1.7085.2626.193988406996778627662514586294,1,PANCREAS - 1,C:\Users\DELL\Downloads\ml_mini_project\ml_mini_project\data\radiomics\annotations\cptac_pda\C3N-02971\90134\14354\6854b542-2aa1-4e32-b98d-036460b3ecad.dcm,C:\Users\DELL\Downloads\ml_mini_project\ml_mini_project\data\radiomics\ct\cptac_pda\C3N-02971\2011-02-07-Abdomen^DUAL_PHASE_PANC (Adult)-90134\4-ARTERIAL  2.0  B30f-86294,C:\Users\DELL\Downloads\ml_mini_project\ml_mini_project\data\radiomics\masks\C3N-02971\C3N-02971_PANCREAS_-_1_1_3_6_1_4_1_14519_5_2_1_7085_2626_193988406996778627662514586294.nii.gz,SUCCESS
C3N-02971,1.2.826.0.1.534147.667.2747872357.202342514246746.2,1.3.6.1.4.1.14519.5.2.1.7085.2626.180954086578970008488722763048,1,PANCREAS - 1,C:\Users\DELL\Downloads\ml_mini_project\ml_mini_project\data\radiomics\annotations\cptac_pda\C3N-02971\90134\746.2\fa0e6408-ac73-417d-b470-b2a4c22e7cef.dcm,C:\Users\DELL\Downloads\ml_mini_project\ml_mini_project\data\radiomics\ct\cptac_pda\C3N-02971\2011-02-07-Abdomen^DUAL_PHASE_PANC (Adult)-90134\8-VENOUS  3.0  B30f-63048,C:\Users\DELL\Downloads\ml_mini_project\ml_mini_project\data\radiomics\masks\C3N-02971\C3N-02971_PANCREAS_-_1_1_3_6_1_4_1_14519_5_2_1_7085_2626_180954086578970008488722763048.nii.gz,SUCCESS
C3N-02998,1.2.826.0.1.534147.667.2747872357.202342514472503.4,1.3.6.1.4.1.14519.5.2.1.3320.3273.156629118601455329618966384795,1,PANCREAS - 1,C:\Users\DELL\Downloads\ml_mini_project\ml_mini_project\data\radiomics\annotations\cptac_pda\C3N-02998\16451\503.4\32591961-de45-485a-b6ec-e0ed1dd3afc9.dcm,C:\Users\DELL\Downloads\ml_mini_project\ml_mini_project\data\radiomics\ct\cptac_pda\C3N-02998\2001-01-27-TK J. BRZ. I M.M-16451\3-84795,C:\Users\DELL\Downloads\ml_mini_project\ml_mini_project\data\radiomics\masks\C3N-02998\C3N-02998_PANCREAS_-_1_1_3_6_1_4_1_14519_5_2_1_3320_3273_156629118601455329618966384795.nii.gz,SUCCESS
C3N-03000,1.2.826.0.1.534147.756.812677238.202322964755702.4,1.3.6.1.4.1.14519.5.2.1.3320.3273.181890433388041338517707398823,1,PANCREAS - 1,C:\Users\DELL\Downloads\ml_mini_project\ml_mini_project\data\radiomics\annotations\cptac_pda\C3N-03000\25403\702.4\9aa8af83-2632-4b13-b0aa-b4280207d66e.dcm,C:\Users\DELL\Downloads\ml_mini_project\ml_mini_project\data\radiomics\ct\cptac_pda\C3N-03000\2001-02-07-BRZUCH+C-25403\5-ZYLNA F.-98823,C:\Users\DELL\Downloads\ml_mini_project\ml_mini_project\data\radiomics\masks\C3N-03000\C3N-03000_PANCREAS_-_1_1_3_6_1_4_1_14519_5_2_1_3320_3273_181890433388041338517707398823.nii.gz,SUCCESS
C3N-03000,1.2.826.0.1.534147.667.2747872357.2023425151039987.4,1.3.6.1.4.1.14519.5.2.1.3320.3273.196417877619052164562718180743,1,PANCREAS - 1,C:\Users\DELL\Downloads\ml_mini_project\ml_mini_project\data\radiomics\annotations\cptac_pda\C3N-03000\25403\987.4\10b18239-0859-46bf-8b84-dd43f7d8e879.dcm,C:\Users\DELL\Downloads\ml_mini_project\ml_mini_project\data\radiomics\ct\cptac_pda\C3N-03000\2001-02-07-BRZUCH+C-25403\4-TT. F.-80743,C:\Users\DELL\Downloads\ml_mini_project\ml_mini_project\data\radiomics\masks\C3N-03000\C3N-03000_PANCREAS_-_1_1_3_6_1_4_1_14519_5_2_1_3320_3273_196417877619052164562718180743.nii.gz,SUCCESS
C3N-03426,1.2.826.0.1.534147.756.812677238.202322985030540.4,1.3.6.1.4.1.14519.5.2.1.3320.3273.270308021700086486167377365904,1,PANCREAS - 1,C:\Users\DELL\Downloads\ml_mini_project\ml_mini_project\data\radiomics\annotations\cptac_pda\C3N-03426\73815\540.4\ff19be90-df33-4d9d-8380-6d4ca42b7fc4.dcm,C:\Users\DELL\Downloads\ml_mini_project\ml_mini_project\data\radiomics\ct\cptac_pda\C3N-03426\2001-04-11-TK jamy brzusznej-73815\4-65904,C:\Users\DELL\Downloads\ml_mini_project\ml_mini_project\data\radiomics\masks\C3N-03426\C3N-03426_PANCREAS_-_1_1_3_6_1_4_1_14519_5_2_1_3320_3273_270308021700086486167377365904.nii.gz,SUCCESS
C3N-03430,1.2.826.0.1.534147.667.2747872357.20234251720346.4,1.3.6.1.4.1.14519.5.2.1.3320.3273.279093753005564478225461091080,1,PANCREAS - 1,C:\Users\DELL\Downloads\ml_mini_project\ml_mini_project\data\radiomics\annotations\cptac_pda\C3N-03430\82221\346.4\1e3166fc-9ce6-4780-8e86-74999df82ca0.dcm,C:\Users\DELL\Downloads\ml_mini_project\ml_mini_project\data\radiomics\ct\cptac_pda\C3N-03430\2001-03-08-Tomografia komputerowa jamy brzusznej z kontrastem-82221\801-91080,C:\Users\DELL\Downloads\ml_mini_project\ml_mini_project\data\radiomics\masks\C3N-03430\C3N-03430_PANCREAS_-_1_1_3_6_1_4_1_14519_5_2_1_3320_3273_279093753005564478225461091080.nii.gz,SUCCESS
C3N-03430,1.2.826.0.1.534147.756.812677238.20232298010615.4,1.3.6.1.4.1.14519.5.2.1.3320.3273.369815723860519630686719054019,1,PANCREAS - 1,C:\Users\DELL\Downloads\ml_mini_project\ml_mini_project\data\radiomics\annotations\cptac_pda\C3N-03430\82221\615.4\c9869a88-9120-4093-9591-78ae804b8999.dcm,C:\Users\DELL\Downloads\ml_mini_project\ml_mini_project\data\radiomics\ct\cptac_pda\C3N-03430\2001-03-08-Tomografia komputerowa jamy brzusznej z kontrastem-82221\501-54019,C:\Users\DELL\Downloads\ml_mini_project\ml_mini_project\data\radiomics\masks\C3N-03430\C3N-03430_PANCREAS_-_1_1_3_6_1_4_1_14519_5_2_1_3320_3273_369815723860519630686719054019.nii.gz,SUCCESS
C3N-03430,1.2.826.0.1.534147.667.2747872357.2023425164241625.4,1.3.6.1.4.1.14519.5.2.1.3320.3273.191010445987959156649751088418,1,PANCREAS - 1,C:\Users\DELL\Downloads\ml_mini_project\ml_mini_project\data\radiomics\annotations\cptac_pda\C3N-03430\82221\625.4\2c7ae87c-51d3-4c0d-937d-5e2e75f9e37f.dcm,C:\Users\DELL\Downloads\ml_mini_project\ml_mini_project\data\radiomics\ct\cptac_pda\C3N-03430\2001-03-08-Tomografia komputerowa jamy brzusznej z kontrastem-82221\601-88418,C:\Users\DELL\Downloads\ml_mini_project\ml_mini_project\data\radiomics\masks\C3N-03430\C3N-03430_PANCREAS_-_1_1_3_6_1_4_1_14519_5_2_1_3320_3273_191010445987959156649751088418.nii.gz,SUCCESS
C3N-03430,1.2.826.0.1.534147.667.2747872357.2023425164714752.4,1.3.6.1.4.1.14519.5.2.1.3320.3273.721751859365312700769114698473,1,PANCREAS - 1,C:\Users\DELL\Downloads\ml_mini_project\ml_mini_project\data\radiomics\annotations\cptac_pda\C3N-03430\82221\752.4\9daf99b0-f41d-4d78-8f24-a706a5bc2f81.dcm,C:\Users\DELL\Downloads\ml_mini_project\ml_mini_project\data\radiomics\ct\cptac_pda\C3N-03430\2001-03-08-Tomografia komputerowa jamy brzusznej z kontrastem-82221\701-98473,C:\Users\DELL\Downloads\ml_mini_project\ml_mini_project\data\radiomics\masks\C3N-03430\C3N-03430_PANCREAS_-_1_1_3_6_1_4_1_14519_5_2_1_3320_3273_721751859365312700769114698473.nii.gz,SUCCESS
C3N-03670,1.2.826.0.1.534147.667.2747872357.2023425162056301.4,1.3.6.1.4.1.14519.5.2.1.3320.3273.167987214168402313606475396280,1,PANCREAS - 1,C:\Users\DELL\Downloads\ml_mini_project\ml_mini_project\data\radiomics\annotations\cptac_pda\C3N-03670\06514\301.4\b49e2fa6-f5ea-4d92-ab4d-2b47f8dae439.dcm,C:\Users\DELL\Downloads\ml_mini_project\ml_mini_project\data\radiomics\ct\cptac_pda\C3N-03670\2001-05-01-TK - jama brzuszna z kontrastem-06514\4-96280,C:\Users\DELL\Downloads\ml_mini_project\ml_mini_project\data\radiomics\masks\C3N-03670\C3N-03670_PANCREAS_-_1_1_3_6_1_4_1_14519_5_2_1_3320_3273_167987214168402313606475396280.nii.gz,SUCCESS
C3N-03670,1.2.826.0.1.534147.667.2747872357.2023425162152495.4,1.3.6.1.4.1.14519.5.2.1.3320.3273.328001089665359780360753228140,1,PANCREAS - 1,C:\Users\DELL\Downloads\ml_mini_project\ml_mini_project\data\radiomics\annotations\cptac_pda\C3N-03670\06514\495.4\c8ff6f58-eb51-49c4-a47f-dd266a8ee8d3.dcm,C:\Users\DELL\Downloads\ml_mini_project\ml_mini_project\data\radiomics\ct\cptac_pda\C3N-03670\2001-05-01-TK - jama brzuszna z kontrastem-06514\6-28140,C:\Users\DELL\Downloads\ml_mini_project\ml_mini_project\data\radiomics\masks\C3N-03670\C3N-03670_PANCREAS_-_1_1_3_6_1_4_1_14519_5_2_1_3320_3273_328001089665359780360753228140.nii.gz,SUCCESS
