PatientID,Candidates,Selected_Phase,Selected_Phase_Priority,Selected_ROI_Volume,Selected_CT_UID,Selected_RTSTRUCT_UID,Selected_CT_Description,Selected_Mask
C3L-00401,2,venous,1,7.056945,1.3.6.1.4.1.14519.5.2.1.1078.3273.115222332781781993819030355720,1.2.826.0.1.534147.667.2747872357.202341935857782.4,VENOUS ABD/PELVIS 2.5MM,C:\Users\DELL\Downloads\ml_mini_project\ml_mini_project\data\radiomics\masks\C3L-00401\C3L-00401_PANCREAS_-_1_1_3_6_1_4_1_14519_5_2_1_1078_3273_115222332781781993819030355720.nii.gz
C3L-00599,1,contrast_unspecified,3,19.525519,1.3.6.1.4.1.14519.5.2.1.1078.3273.528962902788862099299752483230,1.2.826.0.1.534147.667.2747872357.20234194217817,ABD/PEL  ENHANCED 5/2.5mm,C:\Users\DELL\Downloads\ml_mini_project\ml_mini_project\data\radiomics\masks\C3L-00599\C3L-00599_PANCREAS_-_1_1_3_6_1_4_1_14519_5_2_1_1078_3273_528962902788862099299752483230.nii.gz
C3L-00625,2,venous,1,12.384274,1.3.6.1.4.1.14519.5.2.1.1078.3273.284434159400355227660618151357,1.2.826.0.1.534147.667.2747872357.202342565856826.4,VENOUS ABD/PELVIS,C:\Users\DELL\Downloads\ml_mini_project\ml_mini_project\data\radiomics\masks\C3L-00625\C3L-00625_PANCREAS__-_1_1_3_6_1_4_1_14519_5_2_1_1078_3273_284434159400355227660618151357.nii.gz
C3L-02112,2,venous,1,12.117638,1.3.6.1.4.1.14519.5.2.1.1078.3273.509194190879524769161030308306,1.2.826.0.1.534147.667.2747872357.202342571721348.4,VENOUS A/P THINS,C:\Users\DELL\Downloads\ml_mini_project\ml_mini_project\data\radiomics\masks\C3L-02112\C3L-02112_PANCREAS_-_V2_1_3_6_1_4_1_14519_5_2_1_1078_3273_509194190879524769161030308306.nii.gz
C3L-02115,2,venous,1,25.768058,1.3.6.1.4.1.14519.5.2.1.1078.3273.704668399080353717237616884992,1.2.826.0.1.534147.667.2747872357.202342575036617.4,5 x 2.5 PV ABD/PEL,C:\Users\DELL\Downloads\ml_mini_project\ml_mini_project\data\radiomics\masks\C3L-02115\C3L-02115_PANCREAS_-_1_1_3_6_1_4_1_14519_5_2_1_1078_3273_704668399080353717237616884992.nii.gz
C3L-02118,1,unspecified,4,11.290178,1.3.6.1.4.1.14519.5.2.1.1078.3273.282104996038162526040733366160,1.2.826.0.1.534147.667.2747872357.20234194158945.4,ABD AXIAL 5X2,C:\Users\DELL\Downloads\ml_mini_project\ml_mini_project\data\radiomics\masks\C3L-02118\C3L-02118_PANCREAS_-_2_1_3_6_1_4_1_14519_5_2_1_1078_3273_282104996038162526040733366160.nii.gz
C3L-02606,1,unspecified,4,36.207808,1.3.6.1.4.1.14519.5.2.1.1078.3273.121497034251766040723671772840,1.2.826.0.1.534147.756.812677238.202321673015865,ABD PEL AXIAL ST 3MM,C:\Users\DELL\Downloads\ml_mini_project\ml_mini_project\data\radiomics\masks\C3L-02606\C3L-02606_PANCREAS_-_1_1_3_6_1_4_1_14519_5_2_1_1078_3273_121497034251766040723671772840.nii.gz
C3L-02613,2,venous,1,13.020601,1.3.6.1.4.1.14519.5.2.1.1078.3273.318390387516429528571766938804,1.2.826.0.1.534147.667.2747872357.20234125948697,61 VENOUS ABD AXIAL 3X2,C:\Users\DELL\Downloads\ml_mini_project\ml_mini_project\data\radiomics\masks\C3L-02613\C3L-02613_PANCREAS_-_1_1_3_6_1_4_1_14519_5_2_1_1078_3273_318390387516429528571766938804.nii.gz
C3L-02890,2,venous,1,26.850651,1.3.6.1.4.1.14519.5.2.1.1078.3273.271141209378346285855652349011,1.2.826.0.1.534147.667.2747872357.20234125240618,61 VENOUS ABD AXIAL 3X2,C:\Users\DELL\Downloads\ml_mini_project\ml_mini_project\data\radiomics\masks\C3L-02890\C3L-02890_PANCREAS_-_1_1_3_6_1_4_1_14519_5_2_1_1078_3273_271141209378346285855652349011.nii.gz
C3L-03123,2,venous,1,30.82576,1.3.6.1.4.1.14519.5.2.1.1078.3273.253659253587241192987818798973,1.2.826.0.1.534147.667.2747872357.202341262120547,Venous/Phase Axial,C:\Users\DELL\Downloads\ml_mini_project\ml_mini_project\data\radiomics\masks\C3L-03123\C3L-03123_PANCREAS_-_1_1_3_6_1_4_1_14519_5_2_1_1078_3273_253659253587241192987818798973.nii.gz
C3L-03628,2,venous,1,2.398632,1.3.6.1.4.1.14519.5.2.1.1078.3273.143149128964300163871889705246,1.2.826.0.1.534147.667.2747872357.202342581541957.4,61 VENOUS ABD AXIAL 3X2,C:\Users\DELL\Downloads\ml_mini_project\ml_mini_project\data\radiomics\masks\C3L-03628\C3L-03628_PANCREAS_-_1_1_3_6_1_4_1_14519_5_2_1_1078_3273_143149128964300163871889705246.nii.gz
C3L-03632,2,venous,1,8.57991,1.3.6.1.4.1.14519.5.2.1.1078.3273.135593219989915389397811943521,1.2.826.0.1.534147.667.2747872357.20234156233728.4,VENOUS AXIAL 5 X 2.5,C:\Users\DELL\Downloads\ml_mini_project\ml_mini_project\data\radiomics\masks\C3L-03632\C3L-03632_PANCREAS_-_1_1_3_6_1_4_1_14519_5_2_1_1078_3273_135593219989915389397811943521.nii.gz
C3L-03639,1,arterial,2,5.826487,1.3.6.1.4.1.14519.5.2.1.1078.3707.147874067922819363627684798170,1.2.826.0.1.534147.756.812677238.20232176268251.4,ART THINS,C:\Users\DELL\Downloads\ml_mini_project\ml_mini_project\data\radiomics\masks\C3L-03639\C3L-03639_PANCREAS_-_1_1_3_6_1_4_1_14519_5_2_1_1078_3707_147874067922819363627684798170.nii.gz
C3L-03743,2,venous,1,8.600362,1.3.6.1.4.1.14519.5.2.1.2857.3273.763873604368773090782703713954,1.2.826.0.1.534147.667.2747872357.202341576813.4,VENOUS ST,C:\Users\DELL\Downloads\ml_mini_project\ml_mini_project\data\radiomics\masks\C3L-03743\C3L-03743_PANCREAS_-_1_1_3_6_1_4_1_14519_5_2_1_2857_3273_763873604368773090782703713954.nii.gz
C3L-04475,1,unspecified,4,4.514211,1.3.6.1.4.1.14519.5.2.1.1078.3273.266637006359890695546741377528,1.2.826.0.1.534147.667.2747872357.202341943631149,ABDOMEN 5 X 2.5,C:\Users\DELL\Downloads\ml_mini_project\ml_mini_project\data\radiomics\masks\C3L-04475\C3L-04475_PANCREAS_-_V2_1_3_6_1_4_1_14519_5_2_1_1078_3273_266637006359890695546741377528.nii.gz
C3L-04479,1,unspecified,4,1.237652,1.3.6.1.4.1.14519.5.2.1.1078.3273.147340054288591525784413209683,1.2.826.0.1.534147.667.2747872357.202341943848558.4,AXIALS 5x2.5,C:\Users\DELL\Downloads\ml_mini_project\ml_mini_project\data\radiomics\masks\C3L-04479\C3L-04479_PANCREAS_-_1_1_3_6_1_4_1_14519_5_2_1_1078_3273_147340054288591525784413209683.nii.gz
C3L-04495,1,unspecified,4,36.052555,1.3.6.1.4.1.14519.5.2.1.1078.3273.847675893530584838871551804647,1.2.826.0.1.534147.667.2747872357.20234194413631.4,CHEST STND C+ 5MM,C:\Users\DELL\Downloads\ml_mini_project\ml_mini_project\data\radiomics\masks\C3L-04495\C3L-04495_PANCREAS_-_1_1_3_6_1_4_1_14519_5_2_1_1078_3273_847675893530584838871551804647.nii.gz
C3L-04848,1,unspecified,4,8.208992,1.3.6.1.4.1.14519.5.2.1.1078.3273.287422339118300510038202282023,1.2.826.0.1.534147.667.2747872357.202341944326944.4,A/P 5/2.5MM 20 ASIR,C:\Users\DELL\Downloads\ml_mini_project\ml_mini_project\data\radiomics\masks\C3L-04848\C3L-04848_PANCREAS_-_1_1_3_6_1_4_1_14519_5_2_1_1078_3273_287422339118300510038202282023.nii.gz
C3L-04853,1,contrast_unspecified,3,2.733538,1.3.6.1.4.1.14519.5.2.1.1078.3707.745191582723535005851873488541,1.2.826.0.1.534147.667.2747872357.20234194477547.4,ABD/PEL ENHANCED STND 5MM,C:\Users\DELL\Downloads\ml_mini_project\ml_mini_project\data\radiomics\masks\C3L-04853\C3L-04853_PANCREAS_-_1_1_3_6_1_4_1_14519_5_2_1_1078_3707_745191582723535005851873488541.nii.gz
C3N-00198,2,unspecified,4,9.713832,1.3.6.1.4.1.14519.5.2.1.7085.2626.168480840630370295958226892277,1.2.826.0.1.534147.667.2747872357.20234238157998.4,Abd/PANC 2.0 B31f,C:\Users\DELL\Downloads\ml_mini_project\ml_mini_project\data\radiomics\masks\C3N-00198\C3N-00198_PANCREAS_-_1_1_3_6_1_4_1_14519_5_2_1_7085_2626_168480840630370295958226892277.nii.gz
C3N-00249,1,unspecified,4,20.81332,1.3.6.1.4.1.14519.5.2.1.7085.2626.176520109931701354483419993926,1.2.826.0.1.534147.667.2747872357.202342381051886.4,CHEST  3.0  B40f,C:\Users\DELL\Downloads\ml_mini_project\ml_mini_project\data\radiomics\masks\C3N-00249\C3N-00249_PANCREAS_-_1_1_3_6_1_4_1_14519_5_2_1_7085_2626_176520109931701354483419993926.nii.gz
C3N-00302,1,unspecified,4,3.965023,1.3.6.1.4.1.14519.5.2.1.3320.3273.153402618197058722914565659447,1.2.826.0.1.534147.756.812677238.202322845236857.4,KLP/JB/M/3D,C:\Users\DELL\Downloads\ml_mini_project\ml_mini_project\data\radiomics\masks\C3N-00302\C3N-00302_PANCREAS_-_1_1_3_6_1_4_1_14519_5_2_1_3320_3273_153402618197058722914565659447.nii.gz
C3N-00303,1,contrast_unspecified,3,21.784037,1.3.6.1.4.1.14519.5.2.1.3320.3273.228476454931090952243913193877,1.2.826.0.1.534147.667.2747872357.2023422571916.4,KONTRAST,C:\Users\DELL\Downloads\ml_mini_project\ml_mini_project\data\radiomics\masks\C3N-00303\C3N-00303_PANCREAS_-_1_1_3_6_1_4_1_14519_5_2_1_3320_3273_228476454931090952243913193877.nii.gz
C3N-00511,3,venous,1,25.2852,1.3.6.1.4.1.14519.5.2.1.3320.3273.622361704528354865565321257701,1.2.826.0.1.534147.667.2747872357.20234226413930.4,Zylna,C:\Users\DELL\Downloads\ml_mini_project\ml_mini_project\data\radiomics\masks\C3N-00511\C3N-00511_PANCREAS_-_1_1_3_6_1_4_1_14519_5_2_1_3320_3273_622361704528354865565321257701.nii.gz
C3N-00512,2,unspecified,4,7.170771,1.3.6.1.4.1.14519.5.2.1.3320.3273.141851821243248390241693658626,1.2.826.0.1.534147.667.2747872357.202342725136456.4,,C:\Users\DELL\Downloads\ml_mini_project\ml_mini_project\data\radiomics\masks\C3N-00512\C3N-00512_PANCREAS_-_1_1_3_6_1_4_1_14519_5_2_1_3320_3273_141851821243248390241693658626.nii.gz
C3N-00513,1,arterial,2,3.781162,1.3.6.1.4.1.14519.5.2.1.3320.3273.840742147390892579015461325222,1.2.826.0.1.534147.667.2747872357.2023423113822645.4,arterial,C:\Users\DELL\Downloads\ml_mini_project\ml_mini_project\data\radiomics\masks\C3N-00513\C3N-00513_PANCREAS_1_3_6_1_4_1_14519_5_2_1_3320_3273_840742147390892579015461325222.nii.gz
C3N-00518,1,contrast_unspecified,3,10.130494,1.3.6.1.4.1.14519.5.2.1.3320.3273.104386655669578826656699930336,1.2.826.0.1.534147.667.2747872357.2023423114217673.4,Contrast  3.0  B41s,C:\Users\DELL\Downloads\ml_mini_project\ml_mini_project\data\radiomics\masks\C3N-00518\C3N-00518_PANCREAS_-_V1_1_3_6_1_4_1_14519_5_2_1_3320_3273_104386655669578826656699930336.nii.gz
C3N-00957,2,venous,1,55.221836,1.3.6.1.4.1.14519.5.2.1.7085.2626.984361307626903829562789406767,1.2.826.0.1.534147.667.2747872357.2023423114723138.4,PANCREAS Venous 3.0  I40f  1,C:\Users\DELL\Downloads\ml_mini_project\ml_mini_project\data\radiomics\masks\C3N-00957\C3N-00957_PANCREAS_-_1_1_3_6_1_4_1_14519_5_2_1_7085_2626_984361307626903829562789406767.nii.gz
C3N-01165,2,venous,1,3.938295,1.3.6.1.4.1.14519.5.2.1.3320.3273.246395466384301273536587915230,1.2.826.0.1.534147.756.812677238.202322873746339.4,F.ZYLNA  1.5  I41s  3,C:\Users\DELL\Downloads\ml_mini_project\ml_mini_project\data\radiomics\masks\C3N-01165\C3N-01165_PANCREAS_-_1_1_3_6_1_4_1_14519_5_2_1_3320_3273_246395466384301273536587915230.nii.gz
C3N-01166,2,contrast_unspecified,3,23.012619,1.3.6.1.4.1.14519.5.2.1.3320.3273.315343014986917666955782092061,1.2.826.0.1.534147.667.2747872357.20234273729224.4,Abdomen +K1  1.0  B20f,C:\Users\DELL\Downloads\ml_mini_project\ml_mini_project\data\radiomics\masks\C3N-01166\C3N-01166_PANCREAS_-_1_1_3_6_1_4_1_14519_5_2_1_3320_3273_315343014986917666955782092061.nii.gz
C3N-01167,3,contrast_unspecified,3,11.216485,1.3.6.1.4.1.14519.5.2.1.3320.3273.257256432911691359657088977190,1.2.826.0.1.534147.667.2747872357.202342731213987.4,Abdomen +K2  5.0  B30f,C:\Users\DELL\Downloads\ml_mini_project\ml_mini_project\data\radiomics\masks\C3N-01167\C3N-01167_PANCREAS_-_V1_1_3_6_1_4_1_14519_5_2_1_3320_3273_257256432911691359657088977190.nii.gz
C3N-01375,1,unspecified,4,2.606706,1.3.6.1.4.1.14519.5.2.1.3320.3273.138020348644744766204502731573,1.2.826.0.1.534147.667.2747872357.202342311533363.4,,C:\Users\DELL\Downloads\ml_mini_project\ml_mini_project\data\radiomics\masks\C3N-01375\C3N-01375_PANCREAS_-_V1_1_3_6_1_4_1_14519_5_2_1_3320_3273_138020348644744766204502731573.nii.gz
C3N-01381,1,contrast_unspecified,3,2.523101,1.3.6.1.4.1.14519.5.2.1.3320.3273.195707059948805634576815747650,1.2.826.0.1.534147.667.2747872357.2023419224033871,+C Tetnicza,C:\Users\DELL\Downloads\ml_mini_project\ml_mini_project\data\radiomics\masks\C3N-01381\C3N-01381_PANCREAS_-_1_1_3_6_1_4_1_14519_5_2_1_3320_3273_195707059948805634576815747650.nii.gz
C3N-01382,1,contrast_unspecified,3,9.470453,1.3.6.1.4.1.14519.5.2.1.3320.3273.161956810284636741579538918315,1.2.826.0.1.534147.667.2747872357.202342312353484,Tk miekka 5.0 CE  I Faza,C:\Users\DELL\Downloads\ml_mini_project\ml_mini_project\data\radiomics\masks\C3N-01382\C3N-01382_PANCREAS_-_1_1_3_6_1_4_1_14519_5_2_1_3320_3273_161956810284636741579538918315.nii.gz
C3N-01383,1,unspecified,4,3.816202,1.3.6.1.4.1.14519.5.2.1.3320.3273.324947681040913255556526210003,1.2.826.0.1.534147.667.2747872357.202342312629435.4,Vol. T miekka FC02,C:\Users\DELL\Downloads\ml_mini_project\ml_mini_project\data\radiomics\masks\C3N-01383\C3N-01383_PANCREAS_-_V1_1_3_6_1_4_1_14519_5_2_1_3320_3273_324947681040913255556526210003.nii.gz
C3N-01502,1,unspecified,4,20.070631,1.3.6.1.4.1.14519.5.2.1.7085.3273.215906601221545277718873447581,1.2.826.0.1.534147.667.2747872357.202341923528798.4,,C:\Users\DELL\Downloads\ml_mini_project\ml_mini_project\data\radiomics\masks\C3N-01502\C3N-01502_PANCREAS_-_1_1_3_6_1_4_1_14519_5_2_1_7085_3273_215906601221545277718873447581.nii.gz
C3N-01714,1,unspecified,4,6.311872,1.3.6.1.4.1.14519.5.2.1.3320.3273.110290822146863901498359737736,1.2.826.0.1.534147.667.2747872357.20234200150654.4,,C:\Users\DELL\Downloads\ml_mini_project\ml_mini_project\data\radiomics\masks\C3N-01714\C3N-01714_PANCREAS_-1_1_3_6_1_4_1_14519_5_2_1_3320_3273_110290822146863901498359737736.nii.gz
C3N-01715,2,unspecified,4,191.211302,1.3.6.1.4.1.14519.5.2.1.3320.3273.269419358721971772074878139271,1.2.826.0.1.534147.756.812677238.202322811115597.4,,C:\Users\DELL\Downloads\ml_mini_project\ml_mini_project\data\radiomics\masks\C3N-01715\C3N-01715_PANCREAS_-_1_1_3_6_1_4_1_14519_5_2_1_3320_3273_269419358721971772074878139271.nii.gz
C3N-02010,1,unspecified,4,0.743776,1.3.6.1.4.1.14519.5.2.1.7085.2626.169852148533165567779563772529,1.2.826.0.1.534147.667.2747872357.20234259922626,,C:\Users\DELL\Downloads\ml_mini_project\ml_mini_project\data\radiomics\masks\C3N-02010\C3N-02010_PANCREAS_-_1_1_3_6_1_4_1_14519_5_2_1_7085_2626_169852148533165567779563772529.nii.gz
C3N-02592,1,contrast_unspecified,3,9.224042,1.3.6.1.4.1.14519.5.2.1.3320.3273.879611076177009012361201941155,1.2.826.0.1.534147.667.2747872357.20234298519393.4,po iv tetnicza,C:\Users\DELL\Downloads\ml_mini_project\ml_mini_project\data\radiomics\masks\C3N-02592\C3N-02592_PANCREAS_-_1_1_3_6_1_4_1_14519_5_2_1_3320_3273_879611076177009012361201941155.nii.gz
C3N-02971,2,venous,1,19.150211,1.3.6.1.4.1.14519.5.2.1.7085.2626.180954086578970008488722763048,1.2.826.0.1.534147.667.2747872357.202342514246746.2,VENOUS  3.0  B30f,C:\Users\DELL\Downloads\ml_mini_project\ml_mini_project\data\radiomics\masks\C3N-02971\C3N-02971_PANCREAS_-_1_1_3_6_1_4_1_14519_5_2_1_7085_2626_180954086578970008488722763048.nii.gz
C3N-02998,1,unspecified,4,1.009179,1.3.6.1.4.1.14519.5.2.1.3320.3273.156629118601455329618966384795,1.2.826.0.1.534147.667.2747872357.202342514472503.4,,C:\Users\DELL\Downloads\ml_mini_project\ml_mini_project\data\radiomics\masks\C3N-02998\C3N-02998_PANCREAS_-_1_1_3_6_1_4_1_14519_5_2_1_3320_3273_156629118601455329618966384795.nii.gz
C3N-03000,2,venous,1,47.853803,1.3.6.1.4.1.14519.5.2.1.3320.3273.181890433388041338517707398823,1.2.826.0.1.534147.756.812677238.202322964755702.4,ZYLNA F.,C:\Users\DELL\Downloads\ml_mini_project\ml_mini_project\data\radiomics\masks\C3N-03000\C3N-03000_PANCREAS_-_1_1_3_6_1_4_1_14519_5_2_1_3320_3273_181890433388041338517707398823.nii.gz
C3N-03426,1,unspecified,4,12.930106,1.3.6.1.4.1.14519.5.2.1.3320.3273.270308021700086486167377365904,1.2.826.0.1.534147.756.812677238.202322985030540.4,,C:\Users\DELL\Downloads\ml_mini_project\ml_mini_project\data\radiomics\masks\C3N-03426\C3N-03426_PANCREAS_-_1_1_3_6_1_4_1_14519_5_2_1_3320_3273_270308021700086486167377365904.nii.gz
C3N-03430,4,unspecified,4,16.354359,1.3.6.1.4.1.14519.5.2.1.3320.3273.369815723860519630686719054019,1.2.826.0.1.534147.756.812677238.20232298010615.4,,C:\Users\DELL\Downloads\ml_mini_project\ml_mini_project\data\radiomics\masks\C3N-03430\C3N-03430_PANCREAS_-_1_1_3_6_1_4_1_14519_5_2_1_3320_3273_369815723860519630686719054019.nii.gz
C3N-03670,2,unspecified,4,4.648314,1.3.6.1.4.1.14519.5.2.1.3320.3273.167987214168402313606475396280,1.2.826.0.1.534147.667.2747872357.2023425162056301.4,,C:\Users\DELL\Downloads\ml_mini_project\ml_mini_project\data\radiomics\masks\C3N-03670\C3N-03670_PANCREAS_-_1_1_3_6_1_4_1_14519_5_2_1_3320_3273_167987214168402313606475396280.nii.gz
