PatientID,risk_label,age_years,Sex,Tumor Grade,ClinicalTrialTimePointID,StructureSetLabel,ROI_role,Tracking ID,Tracking UID,ROIVolume,SeriesInstanceUID,ReferencedSeriesInstanceUID,ReferencedSeriesModality,ReferencedSeriesDescription,phase_hint,ct_download_required
C3L-00401,0,62.945927446954144,female,G2,Pre-Dose,PANCREAS1,Pancreatic lesion 1,PANCREAS - 1,2.25.106619841979241813047942530304032048637,7.524322,1.2.826.0.1.534147.667.2747872357.20234193583772.4,1.3.6.1.4.1.14519.5.2.1.1078.3273.204808131173076753072264680143,CT,ARTERIAL UPPER ABD 2.5MM,arterial,YES
C3L-00401,0,62.945927446954144,female,G2,Pre-Dose,PANCREAS1,Pancreatic lesion 1,PANCREAS - 1,2.25.106619841979241813047942530304032048637,7.056945,1.2.826.0.1.534147.667.2747872357.202341935857782.4,1.3.6.1.4.1.14519.5.2.1.1078.3273.115222332781781993819030355720,CT,VENOUS ABD/PELVIS 2.5MM,venous,YES
C3L-00599,0,62.3709787816564,male,G1,Pre-Dose,PANCREAS1,Pancreatic lesion 1,PANCREAS - 1,2.25.164401655097339963605006525234949281858,19.525519,1.2.826.0.1.534147.667.2747872357.20234194217817,1.3.6.1.4.1.14519.5.2.1.1078.3273.528962902788862099299752483230,CT,ABD/PEL  ENHANCED 5/2.5mm,contrast_unspecified,YES
C3L-00625,0,34.86926762491444,female,G2,Pre-Dose,PANCREAS1,Pancreatic lesion 1,PANCREAS - 1,2.25.100954977810749715000415822913814709002,12.960168,1.2.826.0.1.534147.667.2747872357.202342565515109.4,1.3.6.1.4.1.14519.5.2.1.1078.3273.307065441589039794210121382200,CT,ARTERIAL UPPER ABD,arterial,YES
C3L-00625,0,34.86926762491444,female,G2,Pre-Dose,PANCREAS1,Pancreatic lesion 1,PANCREAS - 1,2.25.100954977810749715000415822913814709002,12.384274,1.2.826.0.1.534147.667.2747872357.202342565856826.4,1.3.6.1.4.1.14519.5.2.1.1078.3273.284434159400355227660618151357,CT,VENOUS ABD/PELVIS,venous,YES
C3L-02112,0,66.95414099931554,male,G2,Pre-Dose,PANCREAS2,Pancreatic lesion 2,PANCREAS - 2,2.25.213034165703120324893647141780714047966,12.411718,1.2.826.0.1.534147.667.2747872357.202342571815250.4,1.3.6.1.4.1.14519.5.2.1.1078.3273.100695794070451892455483306265,CT,ART THINS,arterial,YES
C3L-02112,0,66.95414099931554,male,G2,Pre-Dose,PANCREAS2,Pancreatic lesion 2,PANCREAS - 2,2.25.213034165703120324893647141780714047966,12.117638,1.2.826.0.1.534147.667.2747872357.202342571721348.4,1.3.6.1.4.1.14519.5.2.1.1078.3273.509194190879524769161030308306,CT,VENOUS A/P THINS,venous,YES
C3L-02115,0,80.04654346338124,male,G2,Pre-Dose,PANCREAS1,Pancreatic lesion 1,PANCREAS - 1,2.25.211511688113015743200283539845191849506,25.768058,1.2.826.0.1.534147.667.2747872357.202342575036617.4,1.3.6.1.4.1.14519.5.2.1.1078.3273.704668399080353717237616884992,CT,5 x 2.5 PV ABD/PEL,venous,YES
C3L-02115,0,80.04654346338124,male,G2,Pre-Dose,PANCREAS1,Pancreatic lesion 1,PANCREAS - 1,2.25.211511688113015743200283539845191849506,27.766856,1.2.826.0.1.534147.667.2747872357.202342574129737.4,1.3.6.1.4.1.14519.5.2.1.1078.3273.114687361666119786109153935110,CT,THINS ARTERIAL ABDOMEN,arterial,YES
C3L-02118,0,67.98631074606433,female,G2,Pre-Dose,PANCREAS2,Pancreatic lesion 2,PANCREAS - 2,2.25.141385437813731330867038523697484797640,11.290178,1.2.826.0.1.534147.667.2747872357.20234194158945.4,1.3.6.1.4.1.14519.5.2.1.1078.3273.282104996038162526040733366160,CT,ABD AXIAL 5X2,unspecified,YES
C3L-02606,0,68.85147159479808,female,G2,Pre-Dose,PANCREAS1,Pancreatic lesion 1,PANCREAS - 1,2.25.250575407612533787675493247378254525545,36.207808,1.2.826.0.1.534147.756.812677238.202321673015865,1.3.6.1.4.1.14519.5.2.1.1078.3273.121497034251766040723671772840,CT,ABD PEL AXIAL ST 3MM,unspecified,YES
C3L-02613,1,52.19986310746064,female,G3,Pre-Dose,PANCREAS1,Pancreatic lesion 1,PANCREAS - 1,2.25.95162191025012781271312021050131621665,12.65995,1.2.826.0.1.534147.667.2747872357.20234125831211.4,1.3.6.1.4.1.14519.5.2.1.1078.3273.289184767481763536323572645412,CT,59 ARTERIAL ABD AXIAL 3X2,arterial,YES
C3L-02613,1,52.19986310746064,female,G3,Pre-Dose,PANCREAS1,Pancreatic lesion 1,PANCREAS - 1,2.25.95162191025012781271312021050131621665,13.020601,1.2.826.0.1.534147.667.2747872357.20234125948697,1.3.6.1.4.1.14519.5.2.1.1078.3273.318390387516429528571766938804,CT,61 VENOUS ABD AXIAL 3X2,venous,YES
C3L-02890,0,65.84531143052703,male,G3,Pre-Dose,PANCREAS1,Pancreatic lesion 1,PANCREAS - 1,2.25.273274776362441797879002233420455276135,30.96994,1.2.826.0.1.534147.667.2747872357.202341254925153.4,1.3.6.1.4.1.14519.5.2.1.1078.3273.260667850345575274602837514238,CT,59 ARTERIAL ABD AXIAL 3X2,arterial,YES
C3L-02890,0,65.84531143052703,male,G3,Pre-Dose,PANCREAS1,Pancreatic lesion 1,PANCREAS - 1,2.25.273274776362441797879002233420455276135,26.850651,1.2.826.0.1.534147.667.2747872357.20234125240618,1.3.6.1.4.1.14519.5.2.1.1078.3273.271141209378346285855652349011,CT,61 VENOUS ABD AXIAL 3X2,venous,YES
C3L-03123,0,60.60780287474333,female,G2,Pre-Dose,PANCREAS1,Pancreatic lesion 1,PANCREAS - 1,2.25.246768597882503812165702892169625419365,28.336143,1.2.826.0.1.534147.756.812677238.202321691935902.4,1.3.6.1.4.1.14519.5.2.1.1078.3273.878693805588095257666542243238,CT,Pancreatic/Phase Axial,unspecified,YES
C3L-03123,0,60.60780287474333,female,G2,Pre-Dose,PANCREAS1,Pancreatic lesion 1,PANCREAS - 1,2.25.246768597882503812165702892169625419365,30.82576,1.2.826.0.1.534147.667.2747872357.202341262120547,1.3.6.1.4.1.14519.5.2.1.1078.3273.253659253587241192987818798973,CT,Venous/Phase Axial,venous,YES
C3L-03628,0,69.21834360027378,female,G2,Pre-Dose,PANCREAS1,Pancreatic lesion 1,PANCREAS - 1,2.25.217024992950515915165780457846287972228,3.049161,1.2.826.0.1.534147.667.2747872357.20234258145484.4,1.3.6.1.4.1.14519.5.2.1.1078.3273.139544023362693574988083545035,CT,59 ARTERIAL ABD AXIAL 3X2,arterial,YES
C3L-03628,0,69.21834360027378,female,G2,Pre-Dose,PANCREAS1,Pancreatic lesion 1,PANCREAS - 1,2.25.217024992950515915165780457846287972228,2.398632,1.2.826.0.1.534147.667.2747872357.202342581541957.4,1.3.6.1.4.1.14519.5.2.1.1078.3273.143149128964300163871889705246,CT,61 VENOUS ABD AXIAL 3X2,venous,YES
C3L-03632,0,74.05886379192334,male,G1,Pre-Dose,PANCREAS1,Pancreatic lesion 1,PANCREAS - 1,2.25.245076285254938176852305348978444642913,6.525478,1.2.826.0.1.534147.667.2747872357.202341563028732.4,1.3.6.1.4.1.14519.5.2.1.1078.3273.155971527466699061555353618253,CT,ARTERIAL AXIAL 2.5 X 1.25,arterial,YES
C3L-03632,0,74.05886379192334,male,G1,Pre-Dose,PANCREAS1,Pancreatic lesion 1,PANCREAS - 1,2.25.245076285254938176852305348978444642913,8.57991,1.2.826.0.1.534147.667.2747872357.20234156233728.4,1.3.6.1.4.1.14519.5.2.1.1078.3273.135593219989915389397811943521,CT,VENOUS AXIAL 5 X 2.5,venous,YES
C3L-03639,1,76.00547570157427,male,G3,Pre-Dose,PANCREAS1,Pancreatic lesion 1,PANCREAS - 1,2.25.266125851266157757963760753341902302878,5.826487,1.2.826.0.1.534147.756.812677238.20232176268251.4,1.3.6.1.4.1.14519.5.2.1.1078.3707.147874067922819363627684798170,CT,ART THINS,arterial,YES
C3L-03743,0,71.32375085557837,female,G3,Pre-Dose,PANCREAS1,Pancreatic lesion 1,PANCREAS - 1,2.25.41002513104327630249142114279939902009,8.91909,1.2.826.0.1.534147.667.2747872357.202341565351315,1.3.6.1.4.1.14519.5.2.1.2857.3273.106345717013707649468313582498,CT,ART ST,arterial,YES
C3L-03743,0,71.32375085557837,female,G3,Pre-Dose,PANCREAS1,Pancreatic lesion 1,PANCREAS - 1,2.25.41002513104327630249142114279939902009,8.600362,1.2.826.0.1.534147.667.2747872357.202341576813.4,1.3.6.1.4.1.14519.5.2.1.2857.3273.763873604368773090782703713954,CT,VENOUS ST,venous,YES
C3L-04475,0,77.80698151950719,male,G2,Pre-Dose,PANCREAS2,Pancreatic lesion 2,PANCREAS - 2,2.25.327615732998208551005973838669188633917,4.514211,1.2.826.0.1.534147.667.2747872357.202341943631149,1.3.6.1.4.1.14519.5.2.1.1078.3273.266637006359890695546741377528,CT,ABDOMEN 5 X 2.5,unspecified,YES
C3L-04479,0,66.27515400410678,male,G3,Pre-Dose,PANCREAS1,Pancreatic lesion 1,PANCREAS - 1,2.25.32703287022633259895271264252066081688,1.237652,1.2.826.0.1.534147.667.2747872357.202341943848558.4,1.3.6.1.4.1.14519.5.2.1.1078.3273.147340054288591525784413209683,CT,AXIALS 5x2.5,unspecified,YES
C3L-04495,1,36.89801505817933,female,G2,Pre-Dose,PANCREAS1,Pancreatic lesion 1,PANCREAS - 1,2.25.32244759222160106295730905905336963235,36.052555,1.2.826.0.1.534147.667.2747872357.20234194413631.4,1.3.6.1.4.1.14519.5.2.1.1078.3273.847675893530584838871551804647,CT,CHEST STND C+ 5MM,unspecified,YES
C3L-04848,1,71.96167008898016,female,G3,Pre-Dose,PANCREAS1,Pancreatic lesion 1,PANCREAS - 1,2.25.65719900578378580631845465548104694688,8.208992,1.2.826.0.1.534147.667.2747872357.202341944326944.4,1.3.6.1.4.1.14519.5.2.1.1078.3273.287422339118300510038202282023,CT,A/P 5/2.5MM 20 ASIR,unspecified,YES
C3L-04853,1,85.48117727583846,female,G2,Pre-Dose,PANCREAS1,Pancreatic lesion 1,PANCREAS - 1,2.25.83956523737314067687367000519360878510,2.733538,1.2.826.0.1.534147.667.2747872357.20234194477547.4,1.3.6.1.4.1.14519.5.2.1.1078.3707.745191582723535005851873488541,CT,ABD/PEL ENHANCED STND 5MM,contrast_unspecified,YES
C3N-00198,0,55.59479808350445,male,G2,Pre-Dose,PANCREAS1,Pancreatic lesion 1,PANCREAS - 1,2.25.64254854628571223507354108660558304219,9.280169,1.2.826.0.1.534147.667.2747872357.20234238414278.4,1.3.6.1.4.1.14519.5.2.1.7085.2626.119403521930927333027265674239,CT,ABD/PANC 3.0 B31f,unspecified,YES
C3N-00198,0,55.59479808350445,male,G2,Pre-Dose,PANCREAS1,Pancreatic lesion 1,PANCREAS - 1,2.25.64254854628571223507354108660558304219,9.713832,1.2.826.0.1.534147.667.2747872357.20234238157998.4,1.3.6.1.4.1.14519.5.2.1.7085.2626.168480840630370295958226892277,CT,Abd/PANC 2.0 B31f,unspecified,YES
C3N-00249,0,71.4798083504449,male,G2,Pre-Dose,PANCREAS1,Pancreatic lesion 1,PANCREAS - 1,2.25.308704561191533490797641590059504489414,20.81332,1.2.826.0.1.534147.667.2747872357.202342381051886.4,1.3.6.1.4.1.14519.5.2.1.7085.2626.176520109931701354483419993926,CT,CHEST  3.0  B40f,unspecified,YES
C3N-00302,1,58.95140314852841,male,G3,Pre-Dose,PANCREAS1,Pancreatic lesion 1,PANCREAS - 1,2.25.213795741304252603226906116008247330546,3.965023,1.2.826.0.1.534147.756.812677238.202322845236857.4,1.3.6.1.4.1.14519.5.2.1.3320.3273.153402618197058722914565659447,CT,KLP/JB/M/3D,unspecified,YES
C3N-00303,0,65.95756331279945,male,G3,Pre-Dose,PANCREAS1,Pancreatic lesion 1,PANCREAS - 1,2.25.306271997877733591100659514499135846892,21.784037,1.2.826.0.1.534147.667.2747872357.2023422571916.4,1.3.6.1.4.1.14519.5.2.1.3320.3273.228476454931090952243913193877,CT,KONTRAST,contrast_unspecified,YES
C3N-00511,0,45.05133470225873,female,G2,Pre-Dose,PANCREAS1,Pancreatic lesion 1,PANCREAS - 1,2.25.197218517521196440942532277412454471784,26.061783,1.2.826.0.1.534147.667.2747872357.202342264926370.4,1.3.6.1.4.1.14519.5.2.1.3320.3273.156537442467537046462107067735,CT,Tetnicza,contrast_unspecified,YES
C3N-00511,0,45.05133470225873,female,G2,Pre-Dose,PANCREAS1,Pancreatic lesion 1,PANCREAS - 1,2.25.197218517521196440942532277412454471784,25.2852,1.2.826.0.1.534147.667.2747872357.20234226413930.4,1.3.6.1.4.1.14519.5.2.1.3320.3273.622361704528354865565321257701,CT,Zylna,venous,YES
C3N-00511,0,45.05133470225873,female,G2,Pre-Dose,PANCREAS1,Pancreatic lesion 1,PANCREAS - 1,2.25.197218517521196440942532277412454471784,22.43789,1.2.826.0.1.534147.667.2747872357.202342265723847.4,1.3.6.1.4.1.14519.5.2.1.3320.3273.282256482624204671206350667660,CT,Zylna,venous,YES
C3N-00512,0,42.59822039698837,male,G2,Pre-Dose,PANCREAS1,Pancreatic lesion 1,PANCREAS - 1,2.25.20755366990880293173003658034805617695,7.170771,1.2.826.0.1.534147.667.2747872357.202342725136456.4,1.3.6.1.4.1.14519.5.2.1.3320.3273.141851821243248390241693658626,CT,,unspecified,YES
C3N-00512,0,42.59822039698837,male,G2,Pre-Dose,PANCREAS1,Pancreatic lesion 1,PANCREAS - 1,2.25.20755366990880293173003658034805617695,1.822006,1.2.826.0.1.534147.667.2747872357.202342725413939.4,1.3.6.1.4.1.14519.5.2.1.3320.3273.252149503614876255926821119760,CT,,unspecified,YES
C3N-00513,0,63.30184804928131,male,G3,Pre-Dose,PANCREAS1,Pancreatic lesion 1,PANCREAS - 1,2.25.75912013895771612153401656098429503447,3.781162,1.2.826.0.1.534147.667.2747872357.2023423113822645.4,1.3.6.1.4.1.14519.5.2.1.3320.3273.840742147390892579015461325222,CT,arterial,arterial,YES
C3N-00518,0,69.71115674195757,male,G3,Pre-Dose,PANCREAS1,Pancreatic lesion 1,PANCREAS - 1,2.25.125199246839415313841801975518698330517,10.130494,1.2.826.0.1.534147.667.2747872357.2023423114217673.4,1.3.6.1.4.1.14519.5.2.1.3320.3273.104386655669578826656699930336,CT,Contrast  3.0  B41s,contrast_unspecified,YES
C3N-00957,0,74.16563997262149,male,G2,Pre-Dose,PANCREAS1,Pancreatic lesion 1,PANCREAS - 1,2.25.224721482738466397985973481159512037470,45.615069,1.2.826.0.1.534147.667.2747872357.2023429821032.4,1.3.6.1.4.1.14519.5.2.1.7085.2626.844407029514937074618033906988,CT,PANCREAS Arterial  2.0  I40f  1,arterial,YES
C3N-00957,0,74.16563997262149,male,G2,Pre-Dose,PANCREAS1,Pancreatic lesion 1,PANCREAS - 1,2.25.224721482738466397985973481159512037470,55.221836,1.2.826.0.1.534147.667.2747872357.2023423114723138.4,1.3.6.1.4.1.14519.5.2.1.7085.2626.984361307626903829562789406767,CT,PANCREAS Venous 3.0  I40f  1,venous,YES
C3N-01165,1,63.134839151266256,female,G2,Pre-Dose,PANCREAS1,Pancreatic lesion 1,PANCREAS - 1,2.25.257264721472610809417777200384970903250,2.762634,1.2.826.0.1.534147.667.2747872357.202342311511338,1.3.6.1.4.1.14519.5.2.1.3320.3273.233973575227965710161496181391,CT,F. TETNICZA  5.0  B41s,contrast_unspecified,YES
C3N-01165,1,63.134839151266256,female,G2,Pre-Dose,PANCREAS1,Pancreatic lesion 1,PANCREAS - 1,2.25.257264721472610809417777200384970903250,3.938295,1.2.826.0.1.534147.756.812677238.202322873746339.4,1.3.6.1.4.1.14519.5.2.1.3320.3273.246395466384301273536587915230,CT,F.ZYLNA  1.5  I41s  3,venous,YES
C3N-01166,0,62.67488021902806,female,G2,Pre-Dose,PANCREAS1,Pancreatic lesion 1,PANCREAS - 1,2.25.187532736113693485414434277771260180476,23.012619,1.2.826.0.1.534147.667.2747872357.20234273729224.4,1.3.6.1.4.1.14519.5.2.1.3320.3273.315343014986917666955782092061,CT,Abdomen +K1  1.0  B20f,contrast_unspecified,YES
C3N-01166,0,62.67488021902806,female,G2,Pre-Dose,PANCREAS1,Pancreatic lesion 1,PANCREAS - 1,2.25.187532736113693485414434277771260180476,14.436261,1.2.826.0.1.534147.667.2747872357.20234273557850.4,1.3.6.1.4.1.14519.5.2.1.3320.3273.330551802279356159708868376454,CT,Abdomen +K4  1.0  B20f,contrast_unspecified,YES
C3N-01167,0,77.06776180698152,female,G2,Pre-Dose,PANCREAS1,Pancreatic lesion 1,PANCREAS - 1,2.25.176700564178277641851369576112735776399,10.828205,1.2.826.0.1.534147.667.2747872357.202342731326428.4,1.3.6.1.4.1.14519.5.2.1.3320.3273.145960701435993819838833134346,CT,Abdomen +K1  1.0  B20f,contrast_unspecified,YES
C3N-01167,0,77.06776180698152,female,G2,Pre-Dose,PANCREAS1,Pancreatic lesion 1,PANCREAS - 1,2.25.176700564178277641851369576112735776399,11.216485,1.2.826.0.1.534147.667.2747872357.202342731213987.4,1.3.6.1.4.1.14519.5.2.1.3320.3273.257256432911691359657088977190,CT,Abdomen +K2  5.0  B30f,contrast_unspecified,YES
C3N-01167,0,77.06776180698152,female,G2,Pre-Dose,PANCREAS1,Pancreatic lesion 1,PANCREAS - 1,2.25.176700564178277641851369576112735776399,9.599674,1.2.826.0.1.534147.667.2747872357.202342731124307.4,1.3.6.1.4.1.14519.5.2.1.3320.3273.483334061780934084458569725002,CT,Abdomen +K3  1.0  B20f,contrast_unspecified,YES
C3N-01375,1,70.89664613278576,female,G2,Pre-Dose,PANCREAS1,Pancreatic lesion 1,PANCREAS - 1,2.25.192030347415303289873514357576205648591,2.606706,1.2.826.0.1.534147.667.2747872357.202342311533363.4,1.3.6.1.4.1.14519.5.2.1.3320.3273.138020348644744766204502731573,CT,,unspecified,YES
C3N-01381,0,43.1047227926078,female,G2,Pre-Dose,PANCREAS1,Pancreatic lesion 1,PANCREAS - 1,2.25.36048930384827790909867126439123438913,2.523101,1.2.826.0.1.534147.667.2747872357.2023419224033871,1.3.6.1.4.1.14519.5.2.1.3320.3273.195707059948805634576815747650,CT,+C Tetnicza,contrast_unspecified,YES
C3N-01382,0,74.2943189596167,female,G3,Pre-Dose,PANCREAS1,Pancreatic lesion 1,PANCREAS - 1,2.25.125836108395635855732820510328213402215,9.470453,1.2.826.0.1.534147.667.2747872357.202342312353484,1.3.6.1.4.1.14519.5.2.1.3320.3273.161956810284636741579538918315,CT,Tk miekka 5.0 CE  I Faza,contrast_unspecified,YES
C3N-01383,0,80.53935660506502,female,G2,Pre-Dose,PANCREAS1,Pancreatic lesion 1,PANCREAS - 1,2.25.40121963102020504147070766400801534856,3.816202,1.2.826.0.1.534147.667.2747872357.202342312629435.4,1.3.6.1.4.1.14519.5.2.1.3320.3273.324947681040913255556526210003,CT,Vol. T miekka FC02,unspecified,YES
C3N-01502,0,75.35112936344969,male,G2,Pre-Dose,PANCREAS1,Pancreatic lesion 1,PANCREAS - 1,2.25.333823176099395583689684895479299239375,20.070631,1.2.826.0.1.534147.667.2747872357.202341923528798.4,1.3.6.1.4.1.14519.5.2.1.7085.3273.215906601221545277718873447581,CT,,unspecified,YES
C3N-01714,0,63.41683778234086,male,G2,Pre-Dose,PANCREAS1,Pancreatic lesion 1,PANCREAS - 1,2.25.20262214974530521048896449320072113887,6.311872,1.2.826.0.1.534147.667.2747872357.20234200150654.4,1.3.6.1.4.1.14519.5.2.1.3320.3273.110290822146863901498359737736,CT,,unspecified,YES
C3N-01715,1,61.69472963723477,female,G3,Pre-Dose,PANCREAS1,Pancreatic lesion 1,PANCREAS - 1,2.25.33373036939640064085757314622230264063,162.449854,1.2.826.0.1.534147.667.2747872357.2023422111021135.4,1.3.6.1.4.1.14519.5.2.1.3320.3273.245149914988867630599932971060,CT,,unspecified,YES
C3N-01715,1,61.69472963723477,female,G3,Pre-Dose,PANCREAS1,Pancreatic lesion 1,PANCREAS - 1,2.25.33373036939640064085757314622230264063,191.211302,1.2.826.0.1.534147.756.812677238.202322811115597.4,1.3.6.1.4.1.14519.5.2.1.3320.3273.269419358721971772074878139271,CT,,unspecified,YES
C3N-02010,0,62.26420260095825,female,G3,Pre-Dose,PANCREAS1,Pancreatic lesion 1,PANCREAS - 1,2.25.59721633167402607714186199989284755453,0.743776,1.2.826.0.1.534147.667.2747872357.20234259922626,1.3.6.1.4.1.14519.5.2.1.7085.2626.169852148533165567779563772529,CT,,unspecified,YES
C3N-02592,1,63.841204654346335,female,G2,Pre-Dose,PANCREAS1,Pancreatic lesion 1,PANCREAS - 1,2.25.18669484629275335400123239523259675124,9.224042,1.2.826.0.1.534147.667.2747872357.20234298519393.4,1.3.6.1.4.1.14519.5.2.1.3320.3273.879611076177009012361201941155,CT,po iv tetnicza,contrast_unspecified,YES
C3N-02971,1,78.39835728952772,female,G1,Pre-Dose,PANCREAS1,Pancreatic lesion 1,PANCREAS - 1,2.25.89353837643330957540482232854759607550,16.049163,1.2.826.0.1.534147.756.812677238.202322942514354,1.3.6.1.4.1.14519.5.2.1.7085.2626.193988406996778627662514586294,CT,ARTERIAL  2.0  B30f,arterial,YES
C3N-02971,1,78.39835728952772,female,G1,Pre-Dose,PANCREAS1,Pancreatic lesion 1,PANCREAS - 1,2.25.89353837643330957540482232854759607550,19.150211,1.2.826.0.1.534147.667.2747872357.202342514246746.2,1.3.6.1.4.1.14519.5.2.1.7085.2626.180954086578970008488722763048,CT,VENOUS  3.0  B30f,venous,YES
C3N-02998,0,64.9801505817933,female,G2,Pre-Dose,PANCREAS1,Pancreatic lesion 1,PANCREAS - 1,2.25.110646297197438210462326526060403377075,1.009179,1.2.826.0.1.534147.667.2747872357.202342514472503.4,1.3.6.1.4.1.14519.5.2.1.3320.3273.156629118601455329618966384795,CT,,unspecified,YES
C3N-03000,0,57.06776180698152,male,G3,Pre-Dose,PANCREAS1,Pancreatic lesion 1,PANCREAS - 1,2.25.126526262565515466941051601641454664245,42.131858,1.2.826.0.1.534147.667.2747872357.2023425151039987.4,1.3.6.1.4.1.14519.5.2.1.3320.3273.196417877619052164562718180743,CT,TT. F.,unspecified,YES
C3N-03000,0,57.06776180698152,male,G3,Pre-Dose,PANCREAS1,Pancreatic lesion 1,PANCREAS - 1,2.25.126526262565515466941051601641454664245,47.853803,1.2.826.0.1.534147.756.812677238.202322964755702.4,1.3.6.1.4.1.14519.5.2.1.3320.3273.181890433388041338517707398823,CT,ZYLNA F.,venous,YES
C3N-03426,1,68.42984257357973,female,G2,Pre-Dose,PANCREAS1,Pancreatic lesion 1,PANCREAS - 1,2.25.168938332192783233014259196924429024855,12.930106,1.2.826.0.1.534147.756.812677238.202322985030540.4,1.3.6.1.4.1.14519.5.2.1.3320.3273.270308021700086486167377365904,CT,,unspecified,YES
C3N-03430,1,54.59000684462697,female,G2,Pre-Dose,PANCREAS1,Pancreatic lesion 1,PANCREAS - 1,2.25.58260682390363494886063517602751077594,16.354359,1.2.826.0.1.534147.756.812677238.20232298010615.4,1.3.6.1.4.1.14519.5.2.1.3320.3273.369815723860519630686719054019,CT,,unspecified,YES
C3N-03430,1,54.59000684462697,female,G2,Pre-Dose,PANCREAS1,Pancreatic lesion 1,PANCREAS - 1,2.25.58260682390363494886063517602751077594,13.618239,1.2.826.0.1.534147.667.2747872357.2023425164241625.4,1.3.6.1.4.1.14519.5.2.1.3320.3273.191010445987959156649751088418,CT,,unspecified,YES
C3N-03430,1,54.59000684462697,female,G2,Pre-Dose,PANCREAS1,Pancreatic lesion 1,PANCREAS - 1,2.25.58260682390363494886063517602751077594,11.287917,1.2.826.0.1.534147.667.2747872357.2023425164714752.4,1.3.6.1.4.1.14519.5.2.1.3320.3273.721751859365312700769114698473,CT,,unspecified,YES
C3N-03430,1,54.59000684462697,female,G2,Pre-Dose,PANCREAS1,Pancreatic lesion 1,PANCREAS - 1,2.25.58260682390363494886063517602751077594,8.82164,1.2.826.0.1.534147.667.2747872357.20234251720346.4,1.3.6.1.4.1.14519.5.2.1.3320.3273.279093753005564478225461091080,CT,,unspecified,YES
C3N-03670,0,60.328542094455855,male,G2,Pre-Dose,PANCREAS1,Pancreatic lesion 1,PANCREAS - 1,2.25.15823121279639749912738596773456640255,4.648314,1.2.826.0.1.534147.667.2747872357.2023425162056301.4,1.3.6.1.4.1.14519.5.2.1.3320.3273.167987214168402313606475396280,CT,,unspecified,YES
C3N-03670,0,60.328542094455855,male,G2,Pre-Dose,PANCREAS1,Pancreatic lesion 1,PANCREAS - 1,2.25.15823121279639749912738596773456640255,4.626382,1.2.826.0.1.534147.667.2747872357.2023425162152495.4,1.3.6.1.4.1.14519.5.2.1.3320.3273.328001089665359780360753228140,CT,,unspecified,YES
