PatientID,ClinicalTrialTimePointID,SeriesInstanceUID,StructureSetLabel,ROIVolume,Annotation Type,ReferencedSeriesInstanceUID,ReferencedSeriesDescription,ReferencedSeriesModality
C3L-00401,Pre-Dose,1.2.826.0.1.534147.667.2747872357.20234193583772.4,PANCREAS1,7.524322,Segmentation,1.3.6.1.4.1.14519.5.2.1.1078.3273.204808131173076753072264680143,ARTERIAL UPPER ABD 2.5MM,CT
C3L-00401,Pre-Dose,1.2.826.0.1.534147.667.2747872357.202341935857782.4,PANCREAS1,7.056945,Segmentation,1.3.6.1.4.1.14519.5.2.1.1078.3273.115222332781781993819030355720,VENOUS ABD/PELVIS 2.5MM,CT
C3L-00599,Pre-Dose,1.2.826.0.1.534147.667.2747872357.20234194217817,PANCREAS1,19.525519,Segmentation,1.3.6.1.4.1.14519.5.2.1.1078.3273.528962902788862099299752483230,ABD/PEL  ENHANCED 5/2.5mm,CT
C3L-00625,Pre-Dose,1.2.826.0.1.534147.667.2747872357.202342565515109.4,PANCREAS1,12.960168,Segmentation,1.3.6.1.4.1.14519.5.2.1.1078.3273.307065441589039794210121382200,ARTERIAL UPPER ABD,CT
C3L-00625,Pre-Dose,1.2.826.0.1.534147.667.2747872357.202342565856826.4,PANCREAS1,12.384274,Segmentation,1.3.6.1.4.1.14519.5.2.1.1078.3273.284434159400355227660618151357,VENOUS ABD/PELVIS,CT
C3L-02112,Pre-Dose,1.2.826.0.1.534147.667.2747872357.202342571721348.4,PANCREAS2,12.117638,Segmentation,1.3.6.1.4.1.14519.5.2.1.1078.3273.509194190879524769161030308306,VENOUS A/P THINS,CT
C3L-02112,Pre-Dose,1.2.826.0.1.534147.667.2747872357.202342571815250.4,PANCREAS2,12.411718,Segmentation,1.3.6.1.4.1.14519.5.2.1.1078.3273.100695794070451892455483306265,ART THINS,CT
C3L-02115,Pre-Dose,1.2.826.0.1.534147.667.2747872357.202342574129737.4,PANCREAS1,27.766856,Segmentation,1.3.6.1.4.1.14519.5.2.1.1078.3273.114687361666119786109153935110,THINS ARTERIAL ABDOMEN,CT
C3L-02115,Pre-Dose,1.2.826.0.1.534147.667.2747872357.202342575036617.4,PANCREAS1,25.768058,Segmentation,1.3.6.1.4.1.14519.5.2.1.1078.3273.704668399080353717237616884992,5 x 2.5 PV ABD/PEL,CT
C3L-02118,Pre-Dose,1.2.826.0.1.534147.667.2747872357.20234194158945.4,PANCREAS2,11.290178,Segmentation,1.3.6.1.4.1.14519.5.2.1.1078.3273.282104996038162526040733366160,ABD AXIAL 5X2,CT
C3L-02606,Pre-Dose,1.2.826.0.1.534147.756.812677238.202321673015865,PANCREAS1,36.207808,Segmentation,1.3.6.1.4.1.14519.5.2.1.1078.3273.121497034251766040723671772840,ABD PEL AXIAL ST 3MM,CT
C3L-02613,Pre-Dose,1.2.826.0.1.534147.667.2747872357.20234125831211.4,PANCREAS1,12.65995,Segmentation,1.3.6.1.4.1.14519.5.2.1.1078.3273.289184767481763536323572645412,59 ARTERIAL ABD AXIAL 3X2,CT
C3L-02613,Pre-Dose,1.2.826.0.1.534147.667.2747872357.20234125948697,PANCREAS1,13.020601,Segmentation,1.3.6.1.4.1.14519.5.2.1.1078.3273.318390387516429528571766938804,61 VENOUS ABD AXIAL 3X2,CT
C3L-02890,Pre-Dose,1.2.826.0.1.534147.667.2747872357.20234125240618,PANCREAS1,26.850651,Segmentation,1.3.6.1.4.1.14519.5.2.1.1078.3273.271141209378346285855652349011,61 VENOUS ABD AXIAL 3X2,CT
C3L-02890,Pre-Dose,1.2.826.0.1.534147.667.2747872357.202341254925153.4,PANCREAS1,30.96994,Segmentation,1.3.6.1.4.1.14519.5.2.1.1078.3273.260667850345575274602837514238,59 ARTERIAL ABD AXIAL 3X2,CT
C3L-03123,Pre-Dose,1.2.826.0.1.534147.756.812677238.202321691935902.4,PANCREAS1,28.336143,Segmentation,1.3.6.1.4.1.14519.5.2.1.1078.3273.878693805588095257666542243238,Pancreatic/Phase Axial,CT
C3L-03123,Pre-Dose,1.2.826.0.1.534147.667.2747872357.202341262120547,PANCREAS1,30.82576,Segmentation,1.3.6.1.4.1.14519.5.2.1.1078.3273.253659253587241192987818798973,Venous/Phase Axial,CT
C3L-03628,Pre-Dose,1.2.826.0.1.534147.667.2747872357.20234258145484.4,PANCREAS1,3.049161,Segmentation,1.3.6.1.4.1.14519.5.2.1.1078.3273.139544023362693574988083545035,59 ARTERIAL ABD AXIAL 3X2,CT
C3L-03628,Pre-Dose,1.2.826.0.1.534147.667.2747872357.202342581541957.4,PANCREAS1,2.398632,Segmentation,1.3.6.1.4.1.14519.5.2.1.1078.3273.143149128964300163871889705246,61 VENOUS ABD AXIAL 3X2,CT
C3L-03632,Pre-Dose,1.2.826.0.1.534147.667.2747872357.20234156233728.4,PANCREAS1,8.57991,Segmentation,1.3.6.1.4.1.14519.5.2.1.1078.3273.135593219989915389397811943521,VENOUS AXIAL 5 X 2.5,CT
C3L-03632,Pre-Dose,1.2.826.0.1.534147.667.2747872357.202341563028732.4,PANCREAS1,6.525478,Segmentation,1.3.6.1.4.1.14519.5.2.1.1078.3273.155971527466699061555353618253,ARTERIAL AXIAL 2.5 X 1.25,CT
C3L-03639,Pre-Dose,1.2.826.0.1.534147.756.812677238.20232176268251.4,PANCREAS1,5.826487,Segmentation,1.3.6.1.4.1.14519.5.2.1.1078.3707.147874067922819363627684798170,ART THINS,CT
C3L-03743,Pre-Dose,1.2.826.0.1.534147.667.2747872357.202341565351315,PANCREAS1,8.91909,Segmentation,1.3.6.1.4.1.14519.5.2.1.2857.3273.106345717013707649468313582498,ART ST,CT
C3L-03743,Pre-Dose,1.2.826.0.1.534147.667.2747872357.202341576813.4,PANCREAS1,8.600362,Segmentation,1.3.6.1.4.1.14519.5.2.1.2857.3273.763873604368773090782703713954,VENOUS ST,CT
C3L-04475,Pre-Dose,1.2.826.0.1.534147.667.2747872357.202341943631149,PANCREAS2,4.514211,Segmentation,1.3.6.1.4.1.14519.5.2.1.1078.3273.266637006359890695546741377528,ABDOMEN 5 X 2.5,CT
C3L-04479,Pre-Dose,1.2.826.0.1.534147.667.2747872357.202341943848558.4,PANCREAS1,1.237652,Segmentation,1.3.6.1.4.1.14519.5.2.1.1078.3273.147340054288591525784413209683,AXIALS 5x2.5,CT
C3L-04495,Pre-Dose,1.2.826.0.1.534147.667.2747872357.20234194413631.4,PANCREAS1,36.052555,Segmentation,1.3.6.1.4.1.14519.5.2.1.1078.3273.847675893530584838871551804647,CHEST STND C+ 5MM,CT
C3L-04848,Pre-Dose,1.2.826.0.1.534147.667.2747872357.202341944326944.4,PANCREAS1,8.208992,Segmentation,1.3.6.1.4.1.14519.5.2.1.1078.3273.287422339118300510038202282023,A/P 5/2.5MM 20 ASIR,CT
C3L-04853,Pre-Dose,1.2.826.0.1.534147.667.2747872357.20234194477547.4,PANCREAS1,2.733538,Segmentation,1.3.6.1.4.1.14519.5.2.1.1078.3707.745191582723535005851873488541,ABD/PEL ENHANCED STND 5MM,CT
C3N-00198,Pre-Dose,1.2.826.0.1.534147.667.2747872357.20234238157998.4,PANCREAS1,9.713832,Segmentation,1.3.6.1.4.1.14519.5.2.1.7085.2626.168480840630370295958226892277,Abd/PANC 2.0 B31f,CT
C3N-00198,Pre-Dose,1.2.826.0.1.534147.667.2747872357.20234238414278.4,PANCREAS1,9.280169,Segmentation,1.3.6.1.4.1.14519.5.2.1.7085.2626.119403521930927333027265674239,ABD/PANC 3.0 B31f,CT
C3N-00249,Pre-Dose,1.2.826.0.1.534147.667.2747872357.202342381051886.4,PANCREAS1,20.81332,Segmentation,1.3.6.1.4.1.14519.5.2.1.7085.2626.176520109931701354483419993926,CHEST  3.0  B40f,CT
C3N-00302,Pre-Dose,1.2.826.0.1.534147.756.812677238.202322845236857.4,PANCREAS1,3.965023,Segmentation,1.3.6.1.4.1.14519.5.2.1.3320.3273.153402618197058722914565659447,KLP/JB/M/3D,CT
C3N-00303,Pre-Dose,1.2.826.0.1.534147.667.2747872357.2023422571916.4,PANCREAS1,21.784037,Segmentation,1.3.6.1.4.1.14519.5.2.1.3320.3273.228476454931090952243913193877,KONTRAST,CT
C3N-00511,Pre-Dose,1.2.826.0.1.534147.667.2747872357.20234226413930.4,PANCREAS1,25.2852,Segmentation,1.3.6.1.4.1.14519.5.2.1.3320.3273.622361704528354865565321257701,Zylna,CT
C3N-00511,Pre-Dose,1.2.826.0.1.534147.667.2747872357.202342264926370.4,PANCREAS1,26.061783,Segmentation,1.3.6.1.4.1.14519.5.2.1.3320.3273.156537442467537046462107067735,Tetnicza,CT
C3N-00511,Pre-Dose,1.2.826.0.1.534147.667.2747872357.202342265723847.4,PANCREAS1,22.43789,Segmentation,1.3.6.1.4.1.14519.5.2.1.3320.3273.282256482624204671206350667660,Zylna,CT
C3N-00512,Pre-Dose,1.2.826.0.1.534147.667.2747872357.202342725136456.4,PANCREAS1,7.170771,Segmentation,1.3.6.1.4.1.14519.5.2.1.3320.3273.141851821243248390241693658626,,CT
C3N-00512,Pre-Dose,1.2.826.0.1.534147.667.2747872357.202342725413939.4,PANCREAS1,1.822006,Segmentation,1.3.6.1.4.1.14519.5.2.1.3320.3273.252149503614876255926821119760,,CT
C3N-00513,Pre-Dose,1.2.826.0.1.534147.667.2747872357.2023423113822645.4,PANCREAS1,3.781162,Segmentation,1.3.6.1.4.1.14519.5.2.1.3320.3273.840742147390892579015461325222,arterial,CT
C3N-00518,Pre-Dose,1.2.826.0.1.534147.667.2747872357.2023423114217673.4,PANCREAS1,10.130494,Segmentation,1.3.6.1.4.1.14519.5.2.1.3320.3273.104386655669578826656699930336,Contrast  3.0  B41s,CT
C3N-00957,Pre-Dose,1.2.826.0.1.534147.667.2747872357.2023423114723138.4,PANCREAS1,55.221836,Segmentation,1.3.6.1.4.1.14519.5.2.1.7085.2626.984361307626903829562789406767,PANCREAS Venous 3.0  I40f  1,CT
C3N-00957,Pre-Dose,1.2.826.0.1.534147.667.2747872357.2023429821032.4,PANCREAS1,45.615069,Segmentation,1.3.6.1.4.1.14519.5.2.1.7085.2626.844407029514937074618033906988,PANCREAS Arterial  2.0  I40f  1,CT
C3N-01165,Pre-Dose,1.2.826.0.1.534147.667.2747872357.202342311511338,PANCREAS1,2.762634,Segmentation,1.3.6.1.4.1.14519.5.2.1.3320.3273.233973575227965710161496181391,F. TETNICZA  5.0  B41s,CT
C3N-01165,Pre-Dose,1.2.826.0.1.534147.756.812677238.202322873746339.4,PANCREAS1,3.938295,Segmentation,1.3.6.1.4.1.14519.5.2.1.3320.3273.246395466384301273536587915230,F.ZYLNA  1.5  I41s  3,CT
C3N-01166,Pre-Dose,1.2.826.0.1.534147.667.2747872357.20234273557850.4,PANCREAS1,14.436261,Segmentation,1.3.6.1.4.1.14519.5.2.1.3320.3273.330551802279356159708868376454,Abdomen +K4  1.0  B20f,CT
C3N-01166,Pre-Dose,1.2.826.0.1.534147.667.2747872357.20234273729224.4,PANCREAS1,23.012619,Segmentation,1.3.6.1.4.1.14519.5.2.1.3320.3273.315343014986917666955782092061,Abdomen +K1  1.0  B20f,CT
C3N-01167,Pre-Dose,1.2.826.0.1.534147.667.2747872357.202342731124307.4,PANCREAS1,9.599674,Segmentation,1.3.6.1.4.1.14519.5.2.1.3320.3273.483334061780934084458569725002,Abdomen +K3  1.0  B20f,CT
C3N-01167,Pre-Dose,1.2.826.0.1.534147.667.2747872357.202342731213987.4,PANCREAS1,11.216485,Segmentation,1.3.6.1.4.1.14519.5.2.1.3320.3273.257256432911691359657088977190,Abdomen +K2  5.0  B30f,CT
C3N-01167,Pre-Dose,1.2.826.0.1.534147.667.2747872357.202342731326428.4,PANCREAS1,10.828205,Segmentation,1.3.6.1.4.1.14519.5.2.1.3320.3273.145960701435993819838833134346,Abdomen +K1  1.0  B20f,CT
C3N-01375,Pre-Dose,1.2.826.0.1.534147.667.2747872357.202342311533363.4,PANCREAS1,2.606706,Segmentation,1.3.6.1.4.1.14519.5.2.1.3320.3273.138020348644744766204502731573,,CT
C3N-01381,Pre-Dose,1.2.826.0.1.534147.667.2747872357.2023419224033871,PANCREAS1,2.523101,Segmentation,1.3.6.1.4.1.14519.5.2.1.3320.3273.195707059948805634576815747650,+C Tetnicza,CT
C3N-01382,Pre-Dose,1.2.826.0.1.534147.667.2747872357.202342312353484,PANCREAS1,9.470453,Segmentation,1.3.6.1.4.1.14519.5.2.1.3320.3273.161956810284636741579538918315,Tk miekka 5.0 CE  I Faza,CT
C3N-01383,Pre-Dose,1.2.826.0.1.534147.667.2747872357.202342312629435.4,PANCREAS1,3.816202,Segmentation,1.3.6.1.4.1.14519.5.2.1.3320.3273.324947681040913255556526210003,Vol. T miekka FC02,CT
C3N-01502,Pre-Dose,1.2.826.0.1.534147.667.2747872357.202341923528798.4,PANCREAS1,20.070631,Segmentation,1.3.6.1.4.1.14519.5.2.1.7085.3273.215906601221545277718873447581,,CT
C3N-01714,Pre-Dose,1.2.826.0.1.534147.667.2747872357.20234200150654.4,PANCREAS1,6.311872,Segmentation,1.3.6.1.4.1.14519.5.2.1.3320.3273.110290822146863901498359737736,,CT
C3N-01715,Pre-Dose,1.2.826.0.1.534147.667.2747872357.2023422111021135.4,PANCREAS1,162.449854,Segmentation,1.3.6.1.4.1.14519.5.2.1.3320.3273.245149914988867630599932971060,,CT
C3N-01715,Pre-Dose,1.2.826.0.1.534147.756.812677238.202322811115597.4,PANCREAS1,191.211302,Segmentation,1.3.6.1.4.1.14519.5.2.1.3320.3273.269419358721971772074878139271,,CT
C3N-02010,Pre-Dose,1.2.826.0.1.534147.667.2747872357.20234259922626,PANCREAS1,0.743776,Segmentation,1.3.6.1.4.1.14519.5.2.1.7085.2626.169852148533165567779563772529,,CT
C3N-02592,Pre-Dose,1.2.826.0.1.534147.667.2747872357.20234298519393.4,PANCREAS1,9.224042,Segmentation,1.3.6.1.4.1.14519.5.2.1.3320.3273.879611076177009012361201941155,po iv tetnicza,CT
C3N-02971,Pre-Dose,1.2.826.0.1.534147.756.812677238.202322942514354,PANCREAS1,16.049163,Segmentation,1.3.6.1.4.1.14519.5.2.1.7085.2626.193988406996778627662514586294,ARTERIAL  2.0  B30f,CT
C3N-02971,Pre-Dose,1.2.826.0.1.534147.667.2747872357.202342514246746.2,PANCREAS1,19.150211,Segmentation,1.3.6.1.4.1.14519.5.2.1.7085.2626.180954086578970008488722763048,VENOUS  3.0  B30f,CT
C3N-02998,Pre-Dose,1.2.826.0.1.534147.667.2747872357.202342514472503.4,PANCREAS1,1.009179,Segmentation,1.3.6.1.4.1.14519.5.2.1.3320.3273.156629118601455329618966384795,,CT
C3N-03000,Pre-Dose,1.2.826.0.1.534147.756.812677238.202322964755702.4,PANCREAS1,47.853803,Segmentation,1.3.6.1.4.1.14519.5.2.1.3320.3273.181890433388041338517707398823,ZYLNA F.,CT
C3N-03000,Pre-Dose,1.2.826.0.1.534147.667.2747872357.2023425151039987.4,PANCREAS1,42.131858,Segmentation,1.3.6.1.4.1.14519.5.2.1.3320.3273.196417877619052164562718180743,TT. F.,CT
C3N-03426,Pre-Dose,1.2.826.0.1.534147.756.812677238.202322985030540.4,PANCREAS1,12.930106,Segmentation,1.3.6.1.4.1.14519.5.2.1.3320.3273.270308021700086486167377365904,,CT
C3N-03430,Pre-Dose,1.2.826.0.1.534147.756.812677238.20232298010615.4,PANCREAS1,16.354359,Segmentation,1.3.6.1.4.1.14519.5.2.1.3320.3273.369815723860519630686719054019,,CT
C3N-03430,Pre-Dose,1.2.826.0.1.534147.667.2747872357.2023425164241625.4,PANCREAS1,13.618239,Segmentation,1.3.6.1.4.1.14519.5.2.1.3320.3273.191010445987959156649751088418,,CT
C3N-03430,Pre-Dose,1.2.826.0.1.534147.667.2747872357.2023425164714752.4,PANCREAS1,11.287917,Segmentation,1.3.6.1.4.1.14519.5.2.1.3320.3273.721751859365312700769114698473,,CT
C3N-03430,Pre-Dose,1.2.826.0.1.534147.667.2747872357.20234251720346.4,PANCREAS1,8.82164,Segmentation,1.3.6.1.4.1.14519.5.2.1.3320.3273.279093753005564478225461091080,,CT
C3N-03670,Pre-Dose,1.2.826.0.1.534147.667.2747872357.2023425162056301.4,PANCREAS1,4.648314,Segmentation,1.3.6.1.4.1.14519.5.2.1.3320.3273.167987214168402313606475396280,,CT
C3N-03670,Pre-Dose,1.2.826.0.1.534147.667.2747872357.2023425162152495.4,PANCREAS1,4.626382,Segmentation,1.3.6.1.4.1.14519.5.2.1.3320.3273.328001089665359780360753228140,,CT
