PatientID,risk_label,roi_labels,ct_candidate_series,mr_candidate_series,has_ct
C3L-00401,0,PANCREAS1,2,0,True
C3L-00599,0,PANCREAS1,1,0,True
C3L-00625,0,PANCREAS1,2,0,True
C3L-02112,0,PANCREAS2,2,0,True
C3L-02115,0,PANCREAS1,2,0,True
C3L-02118,0,PANCREAS2,1,0,True
C3L-02606,0,PANCREAS1,1,0,True
C3L-02610,1,PANCREAS2,0,1,False
C3L-02613,1,PANCREAS1,2,0,True
C3L-02890,0,PANCREAS1,2,0,True
C3L-03123,0,PANCREAS1,2,0,True
C3L-03628,0,PANCREAS1,2,0,True
C3L-03632,0,PANCREAS1,2,0,True
C3L-03639,1,PANCREAS1,1,0,True
C3L-03743,0,PANCREAS1,2,0,True
C3L-04475,0,PANCREAS2,1,0,True
C3L-04479,0,PANCREAS1,1,0,True
C3L-04495,1,PANCREAS1,1,0,True
C3L-04848,1,PANCREAS1,1,0,True
C3L-04853,1,PANCREAS1,1,0,True
C3N-00198,0,PANCREAS1,2,0,True
C3N-00249,0,PANCREAS1,1,0,True
C3N-00302,1,PANCREAS1,1,2,True
C3N-00303,0,PANCREAS1,1,0,True
C3N-00511,0,PANCREAS1,3,0,True
C3N-00512,0,PANCREAS1,2,0,True
C3N-00513,0,PANCREAS1,1,0,True
C3N-00514,0,PANCREAS1,0,4,False
C3N-00518,0,PANCREAS1,1,0,True
C3N-00957,0,PANCREAS1,2,0,True
C3N-01165,1,PANCREAS1,2,0,True
C3N-01166,0,PANCREAS1,2,0,True
C3N-01167,0,PANCREAS1,3,0,True
C3N-01375,1,PANCREAS1,1,0,True
C3N-01381,0,PANCREAS1,1,0,True
C3N-01382,0,PANCREAS1,1,0,True
C3N-01383,0,PANCREAS1,1,0,True
C3N-01502,0,PANCREAS1,1,0,True
C3N-01714,0,PANCREAS1,1,0,True
C3N-01715,1,PANCREAS1,2,0,True
C3N-01716,1,PANCREAS1,0,3,False
C3N-02010,0,PANCREAS1,1,1,True
C3N-02295,0,PANCREAS1,0,2,False
C3N-02592,1,PANCREAS1,1,0,True
C3N-02971,1,PANCREAS1,2,0,True
C3N-02998,0,PANCREAS1,1,0,True
C3N-03000,0,PANCREAS1,2,0,True
C3N-03426,1,PANCREAS1,1,0,True
C3N-03430,1,PANCREAS1,4,0,True
C3N-03670,0,PANCREAS1,2,0,True
