feature,coef,exp(coef),se(coef),coef lower 95%,coef upper 95%,exp(coef) lower 95%,exp(coef) upper 95%,cmp to,z,p,-log2(p),hazard_ratio,model
age_years,0.006358360995936164,1.0063786182848398,0.01425291257176301,-0.021576834319517495,0.03429355631138982,0.9786542803446515,1.0348883601512755,0.0,0.44610959085885055,0.6555180852096396,0.6092925111110626,1.0063786182848398,Clinical Cox
Sex_encoded,-0.779843087456228,0.45847794660216545,0.3155750158609824,-1.39835875296441,-0.16132742194804617,0.24700202278755096,0.8510133850253326,0.0,-2.4711813301461283,0.013466751472007868,6.214454312281686,0.45847794660216545,Clinical Cox
Tumor_Grade_encoded,0.4594014293548747,1.583126088527159,0.30230193751480605,-0.133099480630823,1.0519023393405724,0.8753780046209756,2.863092514256723,0.0,1.5196774229486183,0.128592068571463,2.959126433446193,1.583126088527159,Clinical Cox
original_gldm_LargeDependenceHighGrayLevelEmphasis,0.4302219266338054,1.5375987197946412,0.20039818034086984,0.03744871059833782,0.822995142669273,1.0381587491752344,2.277310502842043,0.0,2.146835494723624,0.03180638045161986,4.974539986448444,1.5375987197946412,Radiomic Cox
original_glcm_MCC,0.290394551002239,1.3369548808651375,0.16689466066065214,-0.036712973104672975,0.6175020751091509,0.9639527760180404,1.8542903739048535,0.0,1.739987066408912,0.08186128902012196,3.6106748055701257,1.3369548808651375,Radiomic Cox
original_glszm_LargeAreaEmphasis,0.417228165437565,1.5177487712439979,0.18505214611815712,0.05453262378413348,0.7799237070909966,1.0560469280987668,2.1813058409817416,0.0,2.2546518599744414,0.024155189546663385,5.371523016079115,1.5177487712439979,Radiomic Cox
age_years,0.007552827916189047,1.0075814224655248,0.0144228746265815,-0.020715486905447274,0.03582114273782537,0.9794976048238349,1.0364704496446833,0.0,0.5236700804615684,0.600508029040641,0.7357445593982884,1.0075814224655248,Combined Cox
Sex_encoded,-0.8843134814913587,0.4129976064777207,0.33595440532976306,-1.5427720163852654,-0.22585494659745187,0.21378765640080555,0.7978338217831905,0.0,-2.6322425527456392,0.008482328185220269,6.881323982106159,0.4129976064777207,Combined Cox
Tumor_Grade_encoded,0.4528625881302112,1.5728080491697416,0.29907227101496486,-0.13330829183372228,1.0390334680941447,0.8751952349696785,2.8264838069174716,0.0,1.5142245939194778,0.1299688860215821,2.9437618051330916,1.5728080491697416,Combined Cox
original_gldm_LargeDependenceHighGrayLevelEmphasis,0.37898431524036197,1.4608001232649312,0.20501630568903909,-0.02284026015360885,0.7808088906343328,0.9774186040012975,2.183237551848364,0.0,1.8485569426618726,0.06452181488511778,3.954069170237548,1.4608001232649312,Combined Cox
original_glcm_MCC,0.3819600338274881,1.4651535273841714,0.17189647056707924,0.04504914244646335,0.7188709252085128,1.0460792655399107,2.052114910908134,0.0,2.2220353481803206,0.02628091684066758,5.249840583124688,1.4651535273841714,Combined Cox
original_glszm_LargeAreaEmphasis,0.3417134449803243,1.4073569545270885,0.18376600539909943,-0.01846130718470368,0.7018881971453523,0.9817080589055248,2.0175586616492986,0.0,1.8595030361475056,0.06295586930155107,3.989515304800787,1.4073569545270885,Combined Cox
