PatientID,survival_time_days,event,age_years,Sex_encoded,Tumor_Grade_encoded,original_shape_Elongation,original_shape_Flatness,original_shape_LeastAxisLength,original_shape_MajorAxisLength,original_shape_Maximum2DDiameterColumn,original_shape_Maximum2DDiameterRow,original_shape_Maximum2DDiameterSlice,original_shape_Maximum3DDiameter,original_shape_MeshVolume,original_shape_MinorAxisLength,original_shape_Sphericity,original_shape_SurfaceArea,original_shape_SurfaceVolumeRatio,original_firstorder_10Percentile,original_firstorder_90Percentile,original_firstorder_Energy,original_firstorder_Entropy,original_firstorder_InterquartileRange,original_firstorder_Kurtosis,original_firstorder_Maximum,original_firstorder_Minimum,original_firstorder_Range,original_firstorder_Skewness,original_firstorder_TotalEnergy,original_firstorder_Uniformity,original_glcm_Autocorrelation,original_glcm_ClusterProminence,original_glcm_ClusterShade,original_glcm_Contrast,original_glcm_Correlation,original_glcm_DifferenceAverage,original_glcm_Id,original_glcm_Idmn,original_glcm_Idn,original_glcm_Imc1,original_glcm_InverseVariance,original_glcm_JointEnergy,original_glcm_JointEntropy,original_glcm_MCC,original_glrlm_LongRunEmphasis,original_glrlm_LongRunLowGrayLevelEmphasis,original_glrlm_LowGrayLevelRunEmphasis,original_glrlm_RunEntropy,original_glrlm_RunLengthNonUniformity,original_glrlm_RunLengthNonUniformityNormalized,original_glszm_GrayLevelNonUniformity,original_glszm_GrayLevelNonUniformityNormalized,original_glszm_GrayLevelVariance,original_glszm_HighGrayLevelZoneEmphasis,original_glszm_LargeAreaEmphasis,original_glszm_SizeZoneNonUniformityNormalized,original_glszm_SmallAreaHighGrayLevelEmphasis,original_glszm_ZoneEntropy,original_glszm_ZonePercentage,original_gldm_DependenceEntropy,original_gldm_DependenceVariance,original_gldm_LargeDependenceHighGrayLevelEmphasis,original_gldm_SmallDependenceLowGrayLevelEmphasis,original_ngtdm_Coarseness,original_ngtdm_Strength
C3N-00518,427.0,1,69.71115674195757,1,3,0.8782662049446468,0.7680347250555298,21.91486636287591,28.53369209483521,32.27628834086256,32.85442842916654,33.18733706676768,34.84220596792668,10694.805413246157,25.060177469189988,0.7776782545741208,3018.5573204075745,0.2822451838786062,13.0,70.0,21773732.0,1.9445906786175355,30.0,2.97256610184418,116.0,-45.0,161.0,-0.1080253809694652,24114202.20071411,0.30042085332662,17.541320498688215,13.473456008809135,-0.4214751997645012,1.3738177043672943,0.212619131569979,0.8752403763637571,0.6372424911987905,0.9740491009363292,0.8972362732868444,-0.024671965697102,0.5143710827871977,0.0930631073333068,3.845835832710539,0.219809356111092,2.7697091080547485,0.1844260449855371,0.0712571148348593,3.2752122484155426,3679.252294353592,0.5434703631097708,125.30845771144278,0.3117125813717482,3.669742085591941,22.902985074626866,66829.2487562189,0.3206851315561496,13.272727955727785,4.275800155357321,0.0414775072224515,5.606415107907022,15.099660462594588,1678.786421791168,0.0053834188600365,0.0006723881187441,0.0108689950282292
C3L-02890,1007.0,1,65.84531143052703,1,3,0.6038623174158394,0.0099606381788691,0.7015072101661116,70.42793820724387,43.735328,66.34882857710289,43.76766466097966,69.35144495366396,690.2846161025697,42.52877797664583,0.1063234442007911,3552.5528793515014,5.146504494638232,-976.0,73.0,406863335.0,4.4061551017598095,969.5,1.1673221742220234,153.0,-1009.0,1162.0,0.0890612166710956,624345685.8244798,0.076226820747111,818.4854260089687,2111406.281628294,5014.477972666231,10.1109865470852,0.9850422935879902,1.7387892376681613,0.5856150018166792,0.9958156128074696,0.9674586054903096,-0.4844626398333824,0.4091643864684592,0.025358694122142,6.682876905375771,0.9874411595297298,3.268174474959612,0.2350347594394972,0.0481591866410861,5.820675717944984,346.3796445880452,0.5595793935186514,34.55088852988691,0.055817267415003,313.2724729291342,895.4927302100161,3.268174474959612,0.5595793935186514,716.6679770238737,5.820675717944983,0.6765027322404371,5.591667499803363,0.5038024425930903,2328.544262295082,0.0274316833266981,0.023160159463393,61.46097107154749
C3N-03000,487.0,1,57.06776180698152,1,3,0.8266317678536435,0.5501655467381515,30.33265789813105,55.13369217314461,62.81449001772797,64.94126473224235,64.98983010181361,65.88694891104483,48105.25600954789,45.57526142938511,0.5381358989989111,11886.495945437691,0.2470934972901603,4.0,111.0,1155931002.0,2.8167850038114834,56.0,3.1861172453448474,275.0,-166.0,441.0,-0.1692847498432614,247429543.33926284,0.1670704576424357,98.7331838308979,215.82966177549,-4.854693532682044,3.2843824606238865,0.4236676507627393,1.3936471733394618,0.5319461787621225,0.9911552221620276,0.9345449934901052,-0.0610192465775787,0.4550809371645592,0.0322380005143314,5.429115113511407,0.4344201641055813,2.014216879754647,0.0227819854851848,0.0116871961732042,3.822510197089569,114497.01316664107,0.6482836131990137,1317.7273552368852,0.1195976906187044,10.34418917001144,102.09548012343438,680543.6959520784,0.2830312555427955,56.11877191462712,5.9300411606505925,0.0489976341676005,6.201300599065404,8.42067470142081,5247.725563441663,0.0009260477148762,3.619777921641755e-05,0.0053665574888629
C3N-00512,1006.0,1,42.59822039698837,1,2,0.8211582004319304,0.6252610886962613,18.72922352747525,29.954244500529786,32.58835645690804,30.02661579748873,139.54445976103815,140.2005016541043,8893.623352050781,24.597173509353084,0.6587610576324979,3151.1956020393923,0.3543207843755557,2.0,92.0,34554867.0,2.5574358990832344,47.0,3.228255992513235,158.0,-200.0,358.0,-0.2992040453119662,31635925.59814453,0.1981694204052594,110.73967328258112,113.58218516748995,-4.366034042561921,1.344650182600547,0.6448845117751145,0.8503339356916645,0.647354343087647,0.9941385687484172,0.9486193586444452,-0.1631388022749181,0.5061566637821069,0.0569134833012128,4.595309189851511,0.6541677965897372,2.8694026460843824,0.0277114601464021,0.010050179523314,3.9062140674999952,3641.0035942693767,0.5361265069348532,36.24375,0.11326171875,6.592880859375,114.428125,53007.021875,0.2920703125,65.00117016626703,5.482569924475032,0.0328036904151717,6.450676856361282,16.733219605606454,11104.847667862634,0.0005796894059411,0.0009637039941423,0.0768053376815919
C3N-01167,754.0,1,77.06776180698152,0,2,0.8831282682443653,0.6787072713894582,21.07906394107867,31.057666286564665,38.102657387641614,35.630920560659106,37.36475612124345,38.83378039799885,11725.171875,27.42790304336526,0.730985263456342,3414.457000119456,0.2912074156797344,30.0,83.0,17387743.0,1.8840791032068651,26.0,3.485646481118003,126.0,-26.0,152.0,-0.3957958386926377,44012724.46875,0.327277963723152,23.59016632630949,13.09664379201732,-0.8633570966195019,0.9487575064613916,0.3357549455024709,0.6822480881610322,0.6992808107839803,0.9858928871888362,0.9270531059938713,-0.0722712077455274,0.4851604185332021,0.1324823602582689,3.463428748819533,0.3512448282538752,3.730969923562021,0.1764451014934711,0.0523866719427282,3.410317931288072,1551.3681115464171,0.4983392192755796,29.929936305732483,0.1906365369791878,3.28354091443872,24.49044585987261,42003.891719745225,0.2569272587123209,12.654332988017575,4.903556988420818,0.0336404542532676,5.821309978321257,24.504799046540292,3069.7917291622025,0.003215558600975,0.0016205334739009,0.0401936082222822
C3L-04853,279.0,1,85.48117727583846,0,2,0.3645154543781946,0.295811679967753,10.969835831963374,37.08384953954224,34.86320668962745,34.628412930849954,18.74725944920132,36.2582860481378,2822.536986463991,13.517636264998844,0.6118498550609989,1578.576708965384,0.5592758275748898,6.0,90.70000000000029,8803419.0,2.4097367002038874,50.75,2.2966518310330333,146.0,-37.0,183.0,0.0020543233753265,9705292.738927815,0.207674848963476,19.38355572599219,69.10907123563558,1.554232506731291,1.1592916938667903,0.6543409352170129,0.7728561730062482,0.6714688840471758,0.9828902895428556,0.9182561763247048,-0.1839296417649607,0.4938435824801411,0.06416242501777,4.324709161457468,0.6679067904619534,3.023673432336245,0.2183379788114418,0.0696079938983808,3.694687605872392,994.4594923374772,0.5451951248913157,17.701030927835053,0.1824848549261345,3.3550855563821878,31.762886597938145,12498.845360824742,0.1958762886597938,15.49169164814472,5.070051472716934,0.0373939861218195,6.324343817979086,21.16388570029051,1952.0774865073247,0.0031228507449315,0.003890749142086,0.0818163968626317
C3L-04475,893.0,1,77.80698151950719,1,2,0.5968871559161258,0.4156315708972777,14.694928070940414,35.35565895347307,38.31346728056212,37.20475285366664,30.6820914171589,38.49276361528624,6017.787935287203,21.10333871827905,0.6507370642848848,2458.686558457186,0.4085698241441676,24.0,86.0,16811489.0,2.06653857503142,30.0,3.740802778954959,142.0,-59.0,201.0,-0.4456991392276354,23151228.737300884,0.2876074259836734,34.60534824748594,24.905892431255214,-1.5067488094184267,1.0639895392349192,0.4126670560322096,0.7403802790162008,0.6790995693989509,0.9873956279198232,0.9288163009023684,-0.0864937583002072,0.4997392747644392,0.1068473902249469,3.7611433941646535,0.4627209781824265,3.223075271412672,0.1041823305683615,0.0359782180487694,3.513937342332904,1542.5192682661657,0.5192442472575637,26.01492537313433,0.1941412341278681,4.910726219648029,34.02238805970149,39590.05223880597,0.2950545778569837,18.10360084116225,4.791824693588493,0.03044762553965,5.925269898491345,21.78474258680236,4087.918882072256,0.0022849038049175,0.0018013309914711,0.0619403362633666
C3N-01375,143.0,1,70.89664613278576,0,2,0.8317977357278379,0.6525101880849254,13.512508144757254,20.70850140197133,24.804488958157844,21.828661730478096,22.73382093483557,25.191025467901675,931.1636747738512,17.225284576476508,0.226236692247842,2038.317183722677,2.1889998922238,-961.0,91.0,365058085.0,2.509723312579833,41.0,5.005955741170877,117.0,-996.0,1113.0,-1.991949563827084,133622010.81693782,0.2484843904003194,1366.758574042472,3401316.1724755685,-44525.213293880006,1.101659668513324,0.9981975494717782,0.6376040279500034,0.724034141060367,0.999468170859195,0.9863314540018124,-0.4544991992106667,0.4563582385919505,0.0858368924365609,4.267051842256517,0.9999999999981236,3.302287287402675,0.1878777154182823,0.0562649090651222,3.436030617059627,1531.6502906069825,0.681547379467813,31.94054054054054,0.1726515704894083,228.4066033601169,1548.6486486486488,2591.291891891892,0.20409057706355,694.787072122719,5.494311881249738,0.0702620584884162,5.86526835040114,11.861140172305436,80960.83516900873,0.0024331485738954,0.004214266145766,25.311195172847164
C3N-01715,109.0,1,61.69472963723477,0,3,0.8955664876756652,0.7492382433655369,56.58380805376803,75.52178303071756,82.90927996526942,90.90096515533232,80.69463461712532,92.46380668625932,201192.483357888,67.63477797182337,0.7525134243648601,22065.361152534144,0.1096728902803169,32.0,107.0,1998466875.0,2.3060839020590738,40.0,2.974433350746888,196.0,-68.0,264.0,0.1880353210602006,1091259117.6814992,0.2348292113373557,39.97494126653513,70.01602240477624,2.292510939428222,0.764936032334171,0.7315830057078127,0.5943846635450328,0.7297246995311837,0.9938111120758714,0.9515441984347964,-0.2627816462267182,0.4590997645124408,0.0891945619712199,3.981917692638902,0.7382854222185545,8.807328512488441,0.2537727240459111,0.0299319235682867,4.304106373019327,78429.2988880301,0.3837460029747289,366.2619324796275,0.1421272535815395,4.92579005136179,39.11447419480015,11504563.404346138,0.1127349803017017,10.87741519148504,6.945025155814818,0.0069919444768522,6.666936410781805,28.565208372293444,8043.615491891569,0.0005833802806667,2.7565057718054983e-05,0.0014978383557445
C3N-01502,1695.0,0,75.35112936344969,1,2,0.7221303570975155,0.6488590568927294,27.83721588150506,42.90179136099684,39.48368633773202,41.84683423573375,51.47153749311864,52.21621502533735,25097.82046079636,30.980685915639757,0.7031150899902349,5895.876501140271,0.2349158768726483,37.0,119.0,87426952.0,2.482735609543355,43.0,3.883563299184817,225.0,-102.0,327.0,-0.3070459604666529,180719297.8477478,0.2136236173249067,75.25678567262221,67.50537956080134,-1.666105971538021,2.595087523947184,0.2439759766863222,1.2309718668915228,0.5599825589964877,0.9888702365848284,0.9277829168684764,-0.025199073098096,0.4782282177622619,0.0504044419706544,4.797329053847236,0.2654817394246988,2.04394970527614,0.0296378594666902,0.0151233677589704,3.507441902361814,6190.955974654456,0.6485217530885763,133.2511111111111,0.1480567901234568,6.925155555555556,73.29333333333334,31175.94777777778,0.3809456790123456,47.10800560186522,5.0669606410284125,0.0737765390605787,5.88551468285747,10.803224118955107,4237.723665874252,0.0018207737531419,0.0005456333250313,0.0567669638504559
C3N-00302,323.0,1,58.95140314852841,1,3,0.74025856306776,0.598785272830579,16.72025573720726,27.923625539698445,33.328761897629896,25.8679040409666,34.28530645582057,35.181929857194625,6809.539240264902,20.670702917659376,0.793446192088592,2189.668960907475,0.3215590488061118,3.0,62.0,21019122.0,1.998814764190128,32.0,3.2122231392843297,133.0,-92.0,225.0,-0.0879355449968103,10669539.302819826,0.2913454700836073,33.70278652508314,21.169707689260026,-0.1570829860884897,0.9299342923050424,0.4868121701567399,0.6821570277880962,0.6971386986170868,0.9909767928052832,0.9398177598872944,-0.108816489470059,0.4933877665082301,0.1026171609417448,3.7336883144933113,0.4943991845155266,4.043241623074939,0.1318886195985271,0.0334099787936191,3.678678010540457,3669.5330979915766,0.4479087058472709,57.27177700348432,0.1995532299772973,4.501523631463293,38.400696864111495,176046.17770034843,0.2593572824727749,19.312350257973677,4.949653017968924,0.0213398765707487,6.027731444696945,22.215538435170146,4970.2742954866535,0.0013487522333323,0.0006016170978518,0.027270835864705
C3L-03628,596.0,1,69.21834360027378,0,2,0.7981473234296318,0.6804701962478283,13.04939364792023,19.177024533735224,22.060686155945486,19.54359177963252,20.82247438353869,22.38523415478482,2690.616607666015,15.306090802945151,0.8172136661231043,1144.7651054294463,0.425465710041267,44.0,107.0,17879492.0,2.0902734634366475,32.0,3.1748511792774656,173.0,-15.0,188.0,-0.1982197100237143,17596851.104736328,0.277113030601132,21.339896969120414,25.68684380155839,-1.2515162481967996,1.3184594209052247,0.3679936352971932,0.8439544453101765,0.6479767807054666,0.9806481272167814,0.911266328678946,-0.063837201141932,0.5109452668202654,0.0865171272740482,4.009311351290273,0.3866344855664642,2.7314778163604894,0.1545973336863615,0.0615350766371263,3.394385092848748,1066.915445149773,0.5459821105880539,20.86,0.2086,3.9219,23.37,19170.6,0.2722,11.829060498556982,4.6003381916066255,0.0362844702467343,5.812860114104267,15.288062883251426,1996.138969521045,0.0043392549690557,0.0027708324362878,0.0608827564279181
C3L-02613,211.0,1,52.19986310746064,0,3,0.690319989040059,0.6348254239818535,23.480962475019545,36.98806252550269,43.80759434008566,36.58255809032273,32.8707306583503,44.94240989441344,15343.265065603657,25.53359891721803,0.752656203108588,3967.339239818092,0.2585720329313755,9.0,126.0,87456282.0,2.8892591609683844,62.0,3.093294511058839,259.0,-92.0,351.0,0.531146800802469,92660896.81654942,0.1569960738112186,49.40152785494486,361.5137639456959,21.231347237834687,2.3319417524651262,0.636821744993073,1.1537241420352784,0.5771360070951115,0.9899742885577344,0.9319837978166926,-0.1377841616940845,0.4846384188378252,0.0357762534321393,5.297480821091813,0.6484841067758912,2.2605456192685085,0.058104543554177,0.0249755633211925,3.992779135684056,6740.735515296601,0.6129208621029736,63.734299516908216,0.1026317222494496,9.395697034288366,73.73107890499195,47685.83252818036,0.3293399820039882,42.25715083257852,5.608555858384953,0.0427627048615893,6.472653958968415,11.858431833575132,3006.7640820823576,0.0017701359352816,0.0006535992377703,0.0615666632510986
C3N-00957,1189.0,0,74.16563997262149,1,2,0.6340680105572597,0.5645733040771528,36.40351983470948,64.47970453405408,76.17718340877882,57.621960375671016,62.81959917175608,80.96142337678675,52815.07824039459,40.88451797522759,0.6027667332273736,11293.801074623389,0.213836681699461,20.0,90.0,146284476.0,2.3601006770822623,34.0,78.00295680128764,967.0,-112.0,1079.0,4.942899016733673,258561985.4018097,0.2522349209986159,63.55463057077458,4807.679264186872,116.48615209630556,2.5225836337301115,0.5171885935628016,0.949574428478174,0.6423595416678819,0.9987649842921604,0.9795499395677524,-0.0982428535226296,0.4931947362654015,0.0812858685454172,4.359636488016929,0.5882158725644149,3.065915621247684,0.0542767007879985,0.0191746281394603,3.804105563865473,11058.310423773422,0.5366512141293643,159.23573017049665,0.1180398296297232,23.645715108410208,95.07264640474426,153822.2038547072,0.3153647019646654,61.62374644761722,5.988038006078393,0.0450282052137921,6.221567815287953,20.65014615627639,6730.09419540038,0.001299119392481,0.0002541154265648,1.0585514988407834
C3L-00625,1198.0,1,34.86926762491444,0,2,0.7451070211694386,0.7063885840345067,23.863126518997312,33.78186887265949,41.69299298518278,37.43516530700112,30.428659522110078,42.15884443462012,14157.1044921875,25.171107685243893,0.8016719401352237,3530.2359509336216,0.2493614391898963,33.0,102.0,48395114.0,2.1680202596321854,37.0,2.6929391951338597,159.0,-14.0,173.0,0.0356251629098959,73845083.61816406,0.253972153621672,17.601064517538305,35.24186046753298,0.592962749633907,1.0248660666797365,0.5591763232501538,0.7300047809244644,0.6805925679910464,0.9847392418489276,0.9220761319824036,-0.1374553125687735,0.5046724405631915,0.0823068087312941,4.007915990452552,0.5631300598502338,3.5522101449972205,0.2613498724034656,0.0741014018390155,3.687179845980228,2880.689991542763,0.4770600846902114,34.119170984455955,0.1767832693495127,4.206126338962119,24.015544041450777,108716.25388601037,0.3690031947166367,13.702328972618098,4.732207888232188,0.0207281709805606,6.143712608157,18.5414142575071,2151.4878101170657,0.0037145348352381,0.0009263034690646,0.0213285884811701
C3N-00198,1592.0,0,55.59479808350445,1,2,0.4185498382977808,0.3790056280861482,17.92744904413839,47.30127395380912,49.446714138176056,23.521023051530413,49.566649909017706,51.11060740641931,11246.710876464844,19.79794056464584,0.7321906129695565,3315.4589484387307,0.2947936498818286,0.0,91.0,32533494.0,2.617241291036947,46.0,3.728432071003148,174.0,-106.0,280.0,-0.4830262242680887,41318172.79980469,0.1969710577167347,56.55579835996352,124.1520219226352,-6.594214035276216,2.4855156403063723,0.3932345277575793,1.1925739961181614,0.5693075107023841,0.983664092557867,0.914855318604147,-0.0577629999446489,0.4817140663360089,0.0473875833394441,4.945572088062095,0.4171980421084589,2.1363150267377318,0.0452885113600235,0.0233115846814522,3.683894546206772,4354.815785902578,0.6343492245183573,75.51943462897526,0.1334265629487195,7.880482962703992,53.52650176678445,23886.606007067137,0.3589444243279351,33.50051421566116,5.245596430372877,0.0636169495335506,6.130995367220182,11.936437853218296,3552.743733842869,0.0031389822849034,0.0008341933865231,0.047184173529233
C3N-01382,764.0,1,74.2943189596167,0,3,0.7344432844368558,0.5905078859723768,19.808314951699867,33.544539238594474,40.503857840951405,29.977117940188982,40.18862681157445,41.41407641128799,10744.13963541703,24.636561573314317,0.7151753673392061,3292.4511450926952,0.3064415818126045,39.0,104.0,20193558.0,2.2148953260419773,32.5,9.783574540094362,309.0,-65.0,374.0,0.9558742375317208,62218876.39275,0.2735934937211311,40.5759091511521,133.71380620266353,6.3043650027281,1.5470965295807395,0.4255114410335799,0.8320437519727922,0.6689686024661898,0.9941985846096878,0.9531944857546976,-0.1318045749781038,0.4699437888775263,0.0994340859028826,4.021988341176963,0.4928866180924107,3.83992159583868,0.1075860997297572,0.0299373446839612,3.591566064956321,1426.6736248066145,0.5465643660195268,16.097744360902254,0.1210356718864831,7.982927242919329,56.35338345864662,22839.87218045113,0.2057210695912714,27.7742561762466,5.712542304213256,0.037794828076158,6.01239082789161,18.17530474965561,3868.3546462063086,0.0015986098591808,0.002310453653776,0.4340811453620927
C3L-04848,196.0,1,71.96167008898016,0,3,0.566411287140865,0.4036278209260324,16.510406162312705,40.905025140321904,28.20842033449225,40.732438,42.2038630505628,42.2038630505628,9141.46838166785,23.16906794025917,0.6580650032788564,3212.86618028916,0.3514606238459665,-14.0,72.0,7348030.0,2.486362444289176,39.0,3.625547297151946,137.0,-101.0,238.0,0.0765018046011769,16483704.807733327,0.2261030105975124,43.313770583960086,118.28244967555254,4.075115781212085,1.0451945283900783,0.6830670332783443,0.7168007659976284,0.6911469083212813,0.9916109536637184,0.9423126655135948,-0.2027162195207008,0.477037982153461,0.0903194200154764,4.228744417781734,0.6929281166945793,3.632515954737082,0.1003738873958154,0.0298200690820274,4.009492698089465,1382.0617035523833,0.5117321592551168,13.752136752136751,0.1175396303601431,7.193659142377091,45.8034188034188,30263.34188034188,0.2509314047775586,24.734634663581737,5.3757306379245255,0.0284879474068663,6.460929262408041,29.451038743321533,5414.226686145605,0.0017793385619995,0.0026614644111799,0.1311322974978119
C3L-00401,1262.0,1,62.945927446954144,0,2,0.6784365929560789,0.6048050487629132,18.42666769904879,30.46711950692088,38.06229927570267,25.447235999225065,35.76083312155353,38.75689622859756,7685.444003191488,20.67000875546109,0.6729204342612212,2798.7646702981,0.3641643435481246,53.0,110.0,62787581.0,1.987247644899841,29.0,3.5459873686325056,162.0,-28.0,190.0,-0.2293466170558337,55375926.46440136,0.3017646222318256,33.628442003921265,18.86342233264347,-0.4980917773896529,1.1658342758557874,0.3238328908618575,0.7837780656751405,0.6653647642365942,0.9862460116628504,0.9249716074431208,-0.0525612817445952,0.5072154259268615,0.1048712946966923,3.770662986596712,0.3347558132182036,3.0655367576332235,0.0990486844850802,0.0342289083329872,3.400165444355548,3174.365221452238,0.5281177478319208,72.44508670520231,0.2093788633098332,3.8043786962477855,34.309248554913296,61363.326589595374,0.2597814828427278,18.177560803690515,5.084536596750632,0.0394751853964632,5.808615359821464,19.311795494253357,3643.005590416429,0.0021507505738658,0.0008271904832344,0.0287229410097563
C3N-01714,435.0,1,63.41683778234086,1,2,0.4869694246854699,0.3952474249809045,15.111724846902128,38.23358203442366,39.30839416126948,37.66823333766605,21.66971301247638,41.60779313669184,3374.711289356246,18.61858544696801,0.2602592490389994,4180.571944561431,1.2387939548330695,37.0,117.0,30189224.0,2.461390928120199,36.0,4.850918921632728,185.0,-110.0,295.0,-0.6534878659110406,25974865.204845957,0.2345255526356001,76.59333397692268,127.95745523400292,-10.419049870442874,1.4199000449555577,0.5134892578765228,0.8717591189869563,0.6427714306686572,0.9918303831249238,0.9402430295937318,-0.1243094336075455,0.5049975187127035,0.087775494357681,4.201615543058258,0.6478449422140292,1.9187360722662616,0.028234562808267,0.0153794791927985,3.2197488267103136,2618.656439892672,0.7394930449165371,82.25714285714285,0.1566802721088435,3.8652154195011343,76.19619047619048,798.504761904762,0.2119219954648526,35.24011539315469,5.779375932915981,0.1291512915129151,5.637340074350508,7.608585939733935,2690.9771217712178,0.0022728909799819,0.002155701461506,0.2053370370439926
C3N-01381,455.0,1,43.1047227926078,0,2,0.8013762326535372,0.7046985633653051,14.124204390064854,20.042902205752164,22.023539417355263,22.285165000000003,23.359865589457197,24.039083351064782,2673.5594143537114,16.06190546108894,0.667665286017409,1395.2495395813853,0.5218696588864339,46.0,114.0,18804167.0,2.10580506965229,36.0,2.502634362125561,167.0,13.0,154.0,0.0469012252837652,19058544.363144584,0.2610058928835735,13.730085597937991,27.27476322403951,0.479545678329312,1.0133547982952522,0.5250698909002415,0.7261029494442478,0.6816243056390658,0.980531353800803,0.9131186677437028,-0.1254005454466186,0.5045871021209526,0.0858804549580177,3.9109188416566,0.5296627294553997,2.975074913325417,0.2934125655070437,0.1002334506455523,3.415060867949433,1023.003160817198,0.5402739190348282,21.542056074766357,0.2013276268669752,3.423006376102716,20.953271028037385,15490.22429906542,0.2732989780766879,11.783367643514556,4.72156842220059,0.0401350337584396,6.02459955970601,18.134653318243288,1312.894973743436,0.0070998719111362,0.0031115550215807,0.0517950415283887
C3N-01383,791.0,1,80.53935660506502,0,2,0.851151086216291,0.6953637335002516,15.684936614069992,22.556449032964007,24.60589360295618,28.408625450732387,23.549475747880248,29.776104513518884,4343.370643200031,19.19894609558972,0.7416936431672697,1735.7113182179037,0.3996231178049077,-16.0,77.0,19124144.0,2.6863430953414595,48.0,23.885393881415208,664.0,-165.0,829.0,1.4356439707188469,12173114.329292797,0.190166632763779,79.0465506045447,972.3414460249,16.96776826641003,1.904742231318973,0.627234530528119,0.9489718963251816,0.6341938960412825,0.9983892178027536,0.9735912145512876,-0.1564079514739364,0.4813769979001084,0.0524741620709088,4.861633312100544,0.6879015792026758,2.909040731791352,0.0418839828378928,0.0154022426103427,4.0689255334491,2556.9961894344424,0.5403620495310709,38.64420485175202,0.1041622772284421,15.633873627770791,101.05929919137466,21343.97843665768,0.3984205287668645,69.30817984523999,5.421322938038973,0.054128975780566,6.637419392537003,20.81795154069679,8216.314560840385,0.001443574785944,0.001535547598728,1.3089793711961166
C3N-00303,599.0,1,65.95756331279945,1,3,0.7451611508820418,0.6348694700235141,28.30915577418641,44.59051365808771,51.15698642143087,54.05692071917016,39.29797795122848,55.31557437637176,13719.531593533442,33.22711847588204,0.1730293251048023,16017.34758381978,1.1674850175912266,-91.0,78.0,59600700.0,3.135434390489777,116.0,1.9011440123484824,185.0,-137.0,322.0,0.4781942253155609,65331000.171514176,0.1317262403702359,37.74243278454636,1145.0990196850807,60.25460481947737,2.523935122244364,0.8122533097958461,1.1456318795232243,0.5927911405314117,0.987739529698583,0.9289100749491608,-0.2421605619712115,0.467217008911548,0.0359085826038441,5.500730148104411,0.8330847258897317,1.8545866259510613,0.1109286690127571,0.0572200921454744,3.811334969013524,8816.653818740962,0.7715052818836174,189.65363735070576,0.1029607151741073,7.476325714036459,46.15635179153095,844.92888165038,0.2172342530012107,21.74702356068312,6.362846421822465,0.143536195745344,6.263800039360401,6.977818894975271,968.3407620977168,0.0082994779322087,0.0010235091031985,0.087393001895086
C3L-03123,1777.0,0,60.60780287474333,0,2,0.8199802747010947,0.6479889896938734,28.70851401876286,44.30401515359929,53.53053468815719,48.938612321969245,41.99167384137002,55.22246499387726,32280.55596799984,36.328418516009805,0.7625413349643702,6429.562239530895,0.1991775558607048,39.0,89.0,54068672.0,1.7727072480580062,27.0,3.0127763907011857,134.0,-26.0,160.0,-0.1112057385041266,146845322.55948797,0.3399035935420306,25.984533660369173,9.512033564459664,-0.0824829275823557,0.8873566496717753,0.3317961348046533,0.662903171015009,0.7039211438285263,0.9867125749483528,0.9287877836401368,-0.0735953619069781,0.4854301336208451,0.1307679882282219,3.3769419374772176,0.3330630009195164,4.421736641840572,0.1825702379147779,0.0430205579864404,3.440415078979347,3455.0765684120056,0.4578242995811311,60.768,0.243072,3.1096960000000005,27.632,187365.192,0.220448,12.078020741458364,4.848400852840921,0.0209626027167533,5.833972422385632,23.4974668963837,3852.85686734865,0.0015344177041756,0.0006051875642867,0.016586329551069
C3N-00249,1590.0,1,71.4798083504449,1,2,0.6954756873857008,0.6380068116273572,27.30575352747157,42.79852978030606,54.95513084553616,36.689244295469706,49.70477416904047,55.06846768171873,21627.669105529785,29.765336918055745,0.6600933887397058,5687.026069431333,0.2629514092194645,1.0,93.5,34864713.0,2.637195606766719,48.0,3.487463331576753,181.0,-111.0,292.0,-0.3610863472288948,81516269.58563232,0.1917003750803558,57.39291763362616,113.36702701357832,-4.804547739546117,2.459096895990592,0.3967857182129389,1.1922412746936055,0.5681378981588212,0.9860960446748632,0.9204840762054598,-0.0568964352938117,0.4817900371808961,0.0451367655644285,4.965032306609472,0.4172187403442745,2.053773079085711,0.0428492781643907,0.0226715970210947,3.659847698154085,4708.974898145892,0.647602638413027,80.13649851632047,0.1188968820716921,7.568247056855303,56.58902077151336,21153.210682492583,0.4018570208419551,37.9905653008329,5.219167178026381,0.0725043029259896,6.126909407642192,11.142384959681364,3319.1611445783133,0.0029775207766795,0.0007895843990658,0.0533219621466961
C3L-03639,246.0,1,76.00547570157427,1,3,0.808196478682939,0.5685895600985603,17.16338744669282,30.18589972654033,35.57052123150019,30.81630848789565,31.23927805568553,36.33258342254519,9337.385130759942,24.396137864866187,0.7738568721372795,2771.02426596424,0.2967666243984856,19.0,107.0,9024520.0,2.563646121738347,48.0,3.190569871188842,194.0,-58.0,252.0,0.0768912465300502,48736505.99204724,0.1988802250952285,36.25982314089031,67.85179316408481,1.470996098045722,3.191763760758223,0.1761734944982791,1.3650493811389448,0.539364743933176,0.9755880320906372,0.8968885385251082,-0.0409597180897236,0.4535783881315979,0.0438946769254597,4.934406837872181,0.258195270150001,1.632726979355091,0.0568082212784735,0.036334328902402,3.222260157278139,1189.2107556430028,0.7679448939053436,39.140845070422536,0.13781987700853,4.431660384844276,41.28169014084507,658.2992957746479,0.2660930370958143,22.22081562631181,5.334078289274816,0.1616391576550939,5.550805040253107,5.597092239222637,949.8292544109278,0.0068923133627431,0.0039148563682177,0.1659201123043368
C3N-03426,123.0,1,68.42984257357973,0,2,0.6185106173238024,0.6106143936006858,22.43083314181325,36.73485816399212,42.780973524707335,42.780973524707335,28.020722370908285,43.21607940354445,5966.79929952092,22.720899800313088,0.2388479212347152,6660.757339883456,1.116303231519494,-88.0,127.0,74544088.0,2.979807651128369,120.0,10.474248090088247,162.0,-754.0,916.0,-1.969710296569212,68157415.23849624,0.1705131768515406,1195.3461676979316,7202.61497965018,-277.8260349602503,1.2758205110165026,0.8840262035296897,0.6855612699615521,0.7234078510583294,0.9991274405056116,0.9827780350690788,-0.351341872731582,0.4078702330491035,0.0896215005178175,4.342971490865403,0.925912136253792,4.031240007900243,0.003872438888998,0.0012718445531042,4.174521908169238,3298.789500927232,0.6119701588932667,30.743718592964825,0.0772455241029266,38.4707456882402,940.8844221105528,5076.550251256282,0.1850710840635337,373.9572660371552,6.778900196414179,0.0593409870284777,6.5875030477119445,18.301928498826324,98417.49619800207,0.0002604757704123,0.002381471361759,6.015994408786786
C3N-01166,1170.0,1,62.67488021902806,0,2,0.8760274284843521,0.6490345498183779,24.240564031656422,37.34864968042112,39.52062050034976,43.71115197843102,42.34542606879465,44.29845418880964,20940.382825533856,32.71844153690223,0.723233531091677,5079.979770463727,0.2425924976056027,25.0,91.0,190527584.0,2.1669216574984254,35.0,3.34629076157612,220.0,-92.0,312.0,-0.0721216402495271,85106473.33287354,0.2623671679644163,47.39576111686279,34.44230735976711,-0.2351715266863953,1.3684215332568548,0.4041283140149612,0.865715399115958,0.6414739012757791,0.9921032016807392,0.9404852471708288,-0.0677059287613996,0.5112014361781215,0.0782400042254772,4.146078700944733,0.4144654168776865,3.055818466892272,0.0695582507369983,0.0238087069886226,3.5992685576776187,16362.132906384662,0.5165662398742076,248.0,0.1949685534591195,5.398005789921284,50.463050314465406,431062.7932389937,0.2758234939282465,27.01297512397458,5.235469333688075,0.0271001555276221,5.954574454945663,15.66233229790462,5125.56055989944,0.0011119139150709,0.0001656553903691,0.0137999908879584
C3L-02118,632.0,1,67.98631074606433,0,2,0.687660294831033,0.5260313908039259,20.103696587056177,38.21767472152565,40.53935444811785,44.12527719166788,33.15146999163428,45.58551856966259,13154.882726402147,26.28077746676084,0.7043651942520341,3825.9934679158473,0.290842081034823,43.0,107.0,46387741.0,2.126612208315714,31.0,4.359766177153451,175.0,-57.0,232.0,-0.8058286109324717,88698222.61542068,0.281721198503124,45.095032440559535,36.89233899871994,-3.4477211312750624,1.3681700735277085,0.3420429955928563,0.8267161292844144,0.6616420351854383,0.9891684335870272,0.9343909055239842,-0.0857961932490099,0.484982831580412,0.1021713734730281,3.894679740530491,0.368752183830042,3.4249942154601265,0.083164787473861,0.0273112008144161,3.515466662814112,2700.681459648495,0.5451735113399081,41.53164556962025,0.1752390108422795,4.442165607363492,36.219409282700425,52604.71729957806,0.1985258772632591,16.009318199851204,5.481826621374378,0.0342485549132947,5.967767419497708,20.712210230879748,4929.291184971098,0.0018598397641742,0.0010674555953377,0.0597421783389351
C3N-00513,394.0,1,63.30184804928131,1,3,0.7624173178175213,0.5137990673259503,13.033567734689022,25.36705214846298,23.874858116806816,29.529910683915045,28.368090086508293,31.77558889015916,4242.911338806152,19.340279859968337,0.7475788424632338,1695.3905596089644,0.3995818965394653,31.0,91.0,63995147.0,2.099011939631578,32.0,206.00726963226123,1015.0,-27.0,1042.0,9.999730289606832,21970990.104675293,0.285120404474566,25.604574219838565,5455.639831884465,111.8331186530315,1.645067547191402,0.537440020083077,0.8048128489852504,0.6684651447675066,0.999155160353288,0.982071404714514,-0.0934744636116304,0.4996701045786666,0.0949400583174377,3.948546308123035,0.7678373362966212,3.3719593200121,0.1559840238474608,0.0478547183699769,3.632149997000881,4033.2943082898846,0.4953509962920673,60.887468030690535,0.1557224246309221,31.62738338969525,76.32225063938618,105846.18158567775,0.2547667793905063,53.91227293807522,5.696684495131241,0.0315398886827458,6.010698750500754,19.429183587384557,2944.42518351214,0.0020629078490426,0.000618083167342,2.7885341219174844
C3N-02010,449.0,0,62.26420260095825,0,3,0.6176022138308196,0.4115241071965484,8.813885359316942,21.417664737456885,23.71189377190274,15.811388300841896,21.87723202898392,24.946505266269263,1710.6298828125,13.227597156939652,0.7500816153214602,922.17421171562,0.5390845915771357,25.0,75.0,2643937.0,1.849897293863096,28.0,10.119368288194655,229.0,-49.0,278.0,0.943060112311015,5236234.60546875,0.3327240193129406,20.79521829897451,28.8625705568517,1.7947007670284223,1.0781944666621182,0.3152844920446087,0.7125488279751047,0.6931878275698572,0.99278402226763,0.9470725943446034,-0.071684377084455,0.4865444377265975,0.1268814480355633,3.47778433072822,0.3872183672049857,2.89898619745094,0.1607943242688858,0.06000126597852,3.1082847827437514,362.4392982005446,0.5618274878998727,12.0,0.2068965517241379,3.944411414982164,25.77586206896552,3996.137931034483,0.2800237812128419,15.075399397426088,4.422168282026812,0.0657596371882086,5.597682012415282,19.255999300702896,1891.6984126984128,0.0051018307317538,0.0080362371741197,0.5322855465365357
C3L-03632,1481.0,1,74.05886379192334,1,1,0.7279721020556227,0.61651718309283,20.10440132651228,32.60963664573989,41.12196037398996,35.1312411047845,33.7646452599646,44.41081576193602,9426.26953125,23.73890573626933,0.6774621598685242,3185.3633915088853,0.337924072821041,-8.0,73.0,16609207.0,2.393767400299132,44.0,2.8899338604901668,123.0,-88.0,211.0,-0.3989630802218264,20528347.274780277,0.2179804228403949,37.32391163048538,69.14944011310152,-4.0221782677905145,1.1194167585119137,0.6303415711887934,0.7600495512089404,0.6738407676000532,0.9867811271307356,0.9271470372117048,-0.1681540959069829,0.5002273623698916,0.07109988333921,4.256595495227463,0.6403068854539824,3.280556861997611,0.1066700490456974,0.03866175152417,3.826444907022769,2624.6750892348896,0.5113309808504503,33.948356807511736,0.1593819568427781,5.032467103088012,28.370892018779344,53315.2441314554,0.2229495911305076,12.544656519390353,5.363337942372165,0.0277814008086604,6.358312359178779,20.93832642352777,4693.4613277683575,0.0024611857887327,0.0013136657518772,0.0406354065796398
C3N-03670,1533.0,1,60.328542094455855,1,2,0.888298852701739,0.6071000737702915,14.956249287552176,24.63555834323811,28.71822399035421,28.34007634725362,26.241138815474603,29.102050121753663,5241.795902252197,21.88373821196517,0.7128991489043973,2046.960361946625,0.3905074520484716,45.0,116.0,13981759.0,2.2019081910659843,30.0,4.272602888503927,168.0,-40.0,208.0,-0.9161349038914656,43096698.40690613,0.2745593574183266,36.51935266693076,56.11442334097239,-5.447648792453308,0.912369222515326,0.5634977560635585,0.6516204369174309,0.71255536169462,0.9892043109405684,0.9371102945167072,-0.1601594889382437,0.4691595361770476,0.1223132595258251,3.7084652901991104,0.5911228181044037,3.795062632623176,0.1221326097734426,0.0385935787161301,3.6836514362750497,617.4582296350102,0.5179305449910411,8.433333333333334,0.1405555555555555,5.509722222222223,31.35,12880.65,0.1783333333333333,12.458597465192684,5.110649970428217,0.0347021399652978,6.17049676583,27.87703453588815,4684.744360902256,0.0034181250910065,0.0051708017335759,0.1883934889854005
C3L-04495,288.0,1,36.89801505817933,0,2,0.705037149393836,0.4716637679424919,26.12687713820072,55.3930128069245,50.79865314772136,55.88355582059541,61.15863208539583,66.41052679523703,38145.08574893922,39.0541318457303,0.6695000206842604,8185.136507150682,0.2145790564221841,34.0,90.0,75500261.0,1.9909512408693208,28.0,4.43364593356216,196.0,-61.0,257.0,-0.0970810590804261,166469898.7678435,0.3080344657699848,36.45245735597497,21.96626512884272,-0.0328096276998823,1.0888837276753054,0.3427443165679917,0.7364507103115122,0.6834153978218684,0.9912905562726452,0.9408023779532244,-0.0738998356800891,0.4904022072546553,0.1160531135471318,3.670674270075311,0.3664080148842809,3.603747149694773,0.1079128076414815,0.031924147173945,3.4768690828951705,6094.595603839925,0.512836357047235,93.20532319391636,0.1771964319275976,4.148708236348654,37.85931558935361,150786.08174904942,0.229221182899854,17.443801540162134,5.524822116752365,0.030297793905881,5.902404370636717,21.62299238569974,4284.597258222452,0.0017103063904493,0.0004357190195194,0.0251367409721121
C3N-00511,991.0,1,45.05133470225873,0,2,0.7830366133929754,0.6618147109209814,28.56572124138986,43.16271725304776,50.49935417175824,52.02707640855034,39.25546287849415,52.25716558393913,26225.01363615943,33.79798794266507,0.7207767677405441,5922.34668018086,0.2258281639943569,53.0,116.0,130750132.0,2.0564237003482786,34.0,3.6006369500094872,154.0,-55.0,209.0,-0.6705996428995622,217868538.59195724,0.2798373028977466,50.34046651362849,33.489785334161986,-3.5338891827158383,0.8760307591380927,0.5785628405653239,0.6500262566408697,0.7092092343165071,0.991504476886303,0.942567809975331,-0.1549798530377839,0.4833456617473716,0.1029542402979862,3.751606331598114,0.6073317773285776,4.273374519308586,0.0908548499004993,0.0229517120238287,3.762078323600552,4191.818209607618,0.440396245281228,88.20449438202247,0.1982123469258932,4.051791440474688,46.57977528089888,144968.68988764044,0.3078853680090898,26.143368836268863,4.974362643222484,0.0281984665103605,6.173761163131974,24.507651830221736,8165.385019960712,0.0010863139215538,0.0005176880128483,0.0295518973522576
C3L-03743,732.0,1,71.32375085557837,0,3,0.9181630728682256,0.6678526385287759,19.13683855886064,28.654283078101656,31.72199798641315,32.409730406160435,32.86365060747208,34.85292760300058,9118.376057942707,26.30930460182582,0.6952293222575349,3035.9949388093723,0.3329534688542287,48.0,146.0,91739683.0,2.720916569636552,51.0,76.05149940849016,1040.0,-58.0,1098.0,3.940685354012509,108403336.35742188,0.1822399174061266,58.3236627631746,1311.810093508837,23.197370186201187,3.201118811801328,0.3826050299648103,1.2866546713105949,0.553438045659131,0.9984868175552976,0.9728292423370574,-0.0643748677998847,0.4708065339200764,0.0403225179654341,5.142968223641079,0.5739412387593387,2.0115196833266524,0.0418343276051485,0.0225021467217942,3.714254525803045,4025.7875819179694,0.6555855948293843,60.92263056092843,0.117838743831583,19.64970500095402,72.82398452611218,17939.216634429402,0.3269756705289032,50.21101972230914,5.517755690941793,0.0666494778909372,6.1488466704826505,9.94830444122721,3174.464225860513,0.0026507501749036,0.0009752004472138,1.7909843646179595
C3L-00599,1352.0,1,62.3709787816564,1,1,0.7552188605568294,0.6467629267878379,26.223068043797888,40.54510077446047,45.631688294018886,41.08394607386199,41.875291510179366,47.98198107427933,21571.28651936849,30.620424808049854,0.7185715994806869,5215.125624509052,0.2417623825925486,29.0,92.0,299443701.0,2.319722963886017,30.0,136.5874095097126,2211.0,-74.0,2285.0,10.731193816566506,456914826.965332,0.2804110970022634,62.27527799459224,924058.631805946,8356.853739721559,16.03075560796561,0.7024797132969222,1.1359268423202329,0.692164698781353,0.9984043219855524,0.989021138018091,-0.1872744232557606,0.4562167554730517,0.1112609659798447,4.084937924137474,0.7887517102577827,4.334579553996269,0.1302572857363548,0.0345854243764373,4.106662208665287,4099.507543806804,0.4650676910347174,29.59203036053131,0.0561518602666628,426.5172380269976,737.4003795066413,103075.440227704,0.4001274623823943,648.0597008449963,6.746936307818083,0.0371624003948945,6.327679660392976,29.41764432209185,5935.7235737959245,0.0018849534806853,0.0006025022600044,32.74237107145883
C3N-02998,650.0,1,64.9801505817933,0,2,0.6493583732238946,0.4837150593108745,9.50738921911665,19.654937418449137,20.835948,16.371102,21.477203603469263,21.477203603469263,720.5298116554685,12.763098187861583,0.3469922374878685,1120.122879029967,1.5545822822464554,-75.0,67.70000000000005,3272955.0,2.815696621865698,47.0,4.907748302540654,171.0,-117.0,288.0,1.539059058230705,2927699.130610572,0.190759561013333,24.28686516230192,1759.9946327873497,130.17093066781936,2.2578479792581887,0.7753348994314431,1.091957133808322,0.5953042230877756,0.985333369116356,0.921813278799552,-0.1921437494220514,0.4937417312514142,0.0529316459412988,5.031771597507664,0.8524487308258857,1.4331687463716618,0.1249297738535689,0.0890475544659881,3.176722713692402,703.9534077812185,0.8722460208242331,29.391666666666666,0.1224652777777777,6.827760416666667,33.479166666666664,46.66666666666666,0.2731944444444444,19.2581830357728,5.413473526176679,0.2810304449648712,5.090599596593854,2.17798046388671,282.6873536299766,0.0249192559858371,0.0102300642129904,0.8175401376177802
C3L-04479,1590.0,1,66.27515400410678,1,3,0.8357056464264421,0.765178738282568,11.744232136886918,15.348351371140645,18.16747653063617,16.16764142577587,17.035701173460517,18.93379594148168,1598.5971185303204,12.826703904199258,0.8103974726256031,815.8532797961014,0.5103557802895085,74.0,112.0,10521604.0,1.430806472643871,20.0,2.9315445625776992,145.0,54.0,91.0,0.2907530112225117,14110575.3663734,0.4378937675183573,4.766215111251897,4.3937454459071725,0.3731736058865336,0.4236250559189639,0.4694281626267559,0.4041347815286338,0.8011809883007381,0.9754248250822432,0.919822719507284,-0.1415440759397524,0.3870807914370949,0.2435525069376504,2.5656193487297188,0.4871725955523078,5.9517850690786025,1.6138207072472133,0.2983807290324968,3.3354819968482663,245.65477724299848,0.3680439669163974,6.652173913043479,0.2892249527410208,1.4669187145557654,7.608695652173913,26072.391304347828,0.2249527410207939,3.5583320403187177,3.8820451081368574,0.0190239867659222,5.580684265599574,32.23562323106068,946.5773366418528,0.0078004749389216,0.0069112964152161,0.0339978602743785
C3N-02592,294.0,1,63.841204654346335,0,2,0.453988971419481,0.4295888880821625,18.930952164767906,44.06760204921128,44.32144655807164,41.199258564323706,23.8878605742017,45.339733195619935,10047.257995605469,20.00620532724444,0.6851686272522297,3286.3843837648724,0.327092664008657,-7.0,90.0,38682149.0,2.7709439909652143,49.0,123.01596533124926,1467.0,-421.0,1888.0,4.147883494657892,41647528.58642578,0.1837195556582944,367.5511975735763,3185.788040827022,25.718624552968496,3.7181594213677847,0.3984797513892992,1.2844969139500113,0.5608672108034054,0.9993915400255792,0.9836745624141202,-0.0845224447699686,0.472129530144634,0.0411409321147986,5.217465689057538,0.7732354268328971,2.1233638648711635,0.006374907580753,0.0032405574172258,3.827214908754996,4685.126869267867,0.6413303061094106,54.76923076923077,0.0957504034427111,27.808523644187986,405.472027972028,24195.17832167832,0.3101557533375715,248.4980515123903,6.073792411598195,0.0610328638497652,6.286304316246426,11.2324318002845,21564.455719163467,0.0003997467825455,0.0008529282615112,2.3638070497163977
C3N-02971,70.0,1,78.39835728952772,0,1,0.9316325670540972,0.5938270779333534,25.667590693806293,43.22401528595674,47.32844498514518,51.685086877806505,52.33734000513856,53.132334339765066,24635.87565422058,40.26890031924141,0.5673250280165038,7217.124271953502,0.2929518062702624,20.0,95.0,61110091.0,2.3788979231001983,38.0,5.16635715583554,312.0,-100.0,412.0,-0.432611672926253,106371057.59925842,0.2362976607450187,47.41488728194453,97.01052252105498,-3.4622430770890564,1.4976840501596564,0.498749418663041,0.8863014142643417,0.6409324129506241,0.994922917280669,0.95247410066281,-0.1069450116209031,0.5025162150159773,0.0727675094440361,4.363240203178184,0.5303482272125287,2.778200970753027,0.0689160764376616,0.027633193481906,3.684152816786738,5754.641850118219,0.5627819658324131,77.80204778156997,0.1327679996272525,6.758506214399702,48.9419795221843,69819.89931740615,0.2998287691178697,30.56327098162892,5.566204372459137,0.0412588889671196,6.206433460326617,17.436577963837927,4396.387523762585,0.002104787603948,0.000568667607436,0.1139842510258335
C3L-02115,723.0,1,80.04654346338124,1,2,0.8511894611472175,0.8014543279085786,30.8875435402821,38.539368326682016,44.09801593910575,46.75355361243277,38.234745349657096,47.01190943693151,27251.724243164062,32.80430415894261,0.7971224421778548,5493.996923286953,0.2016018096420115,49.0,108.0,155996619.0,2.0075202833772408,30.0,3.6410013019203578,168.0,-36.0,204.0,-0.6254379332722413,192805879.80651852,0.2966671309824119,33.96532715794227,31.37716041927282,-3.0200275343441114,0.8111813492317987,0.5691205216963353,0.6287081364788704,0.714457714608497,0.9902958639691756,0.9387581359312608,-0.1485169979495585,0.4838093442129313,0.1133698566795241,3.656243483807346,0.5892093171789331,4.432203561490531,0.1436507667069829,0.0363438289860501,3.7754325498424026,5574.790957663356,0.4261763326659684,65.41081081081082,0.1767859751643535,4.227764791818847,33.067567567567565,378032.3405405405,0.2675675675675675,18.13591379484508,5.1634759204826,0.0167466280438128,6.104055680514646,22.99317781167719,5694.816103919617,0.0012361303372236,0.0003961806875603,0.0145315582218279
C3L-02606,403.0,1,68.85147159479808,0,2,0.6629383403766707,0.5684491656115631,33.04388220790932,58.12988074731225,63.809803561291616,61.05406811716664,46.26754840226841,64.83588329738787,43663.702148028126,38.53652666891696,0.6382102950495222,9395.805603662298,0.2151857295977505,57.0,127.0,254682391.0,2.2294637959521477,37.0,3.0698893680627184,191.0,-31.0,222.0,-0.2240562093379856,411822564.1619718,0.2491338269052942,39.47718656454882,40.59309239030771,-1.9498861053855776,1.5065147588267012,0.4186406176578974,0.9057420915833564,0.6330870802261869,0.985636749491028,0.9219971599161756,-0.0731896970482575,0.5057673727375405,0.0701771005473464,4.294520095928819,0.4351140241938818,2.817951565281854,0.0801665913147807,0.0295722383005183,3.5567262886935915,10398.750848732212,0.5462839972875652,165.8625393494229,0.1740425386667606,4.968640478127832,42.93389296956978,174978.8625393494,0.3286545277573774,25.9108031532368,5.0046876982104695,0.0352102268528781,6.066310609049864,15.78692332159649,3761.1874307248954,0.0017792081645962,0.0002742874741807,0.011335928029774
C3N-03430,39.0,1,54.59000684462697,0,2,0.8120070415411716,0.7111048308959879,24.02982246908372,33.7922362850584,40.178670669675306,32.34206007813442,37.72376375289945,40.28251841274142,15644.048738479616,27.439533812890502,0.7714236098803271,3921.2449414700495,0.250654099013702,23.0,86.0,111550763.0,2.0511673110877138,35.0,2.8297175448715928,230.0,-44.0,274.0,0.0699810111148812,58255384.27238463,0.273008452246133,22.93716015121914,30.659472501314312,0.0165919450017866,0.4965615770460763,0.7481643645751858,0.4435754786993046,0.7866565376864774,0.996593155354031,0.966166268168696,-0.2992402708832926,0.4006692361812874,0.1228401339290639,3.438898230781691,0.7548978230144994,8.072697988591957,0.4278885719116408,0.0511520500913089,4.289381048908099,4325.653291202859,0.3080493721117182,48.5672131147541,0.1592367643106692,4.417801666218758,30.34426229508197,779282.7573770492,0.2289384574039236,14.653198519237431,5.502470126071188,0.0101656501016565,6.427427506697736,30.306729020017592,5816.287404592874,0.0009897708193018,0.0003755395156742,0.0359421402383799
C3N-01165,241.0,1,63.134839151266256,0,2,0.8351734348486846,0.6099517747049451,10.123527520104904,16.597258898053056,16.571994643666965,18.338665996528388,17.634881029671394,19.07794144375764,1666.2006889343272,13.861589722959865,0.8407617628474513,808.4057219930289,0.4851790827850822,41.0,89.0,14440810.0,1.7105095776853236,24.0,3.2517674696093826,141.0,-10.0,151.0,-0.1454618621211735,7731879.734069823,0.3573427193954495,16.75053355459031,8.69764379923445,-0.3091593250195595,0.7584885468096546,0.3823503224216023,0.6050744329592402,0.7220286891733588,0.9852230210713392,0.9264628986858322,-0.0752377324585141,0.4802804368156662,0.1443936777136625,3.2603383955337373,0.3883673985500318,4.176432453377067,0.2767291066361759,0.0678760384986492,3.416395916408404,813.3743794233077,0.4331524917259509,27.33333333333333,0.3796296296296296,2.865547839506173,24.51388888888889,48114.15277777778,0.3217592592592592,15.625532144151562,3.68426986050279,0.0229811682093839,5.70487419070938,24.206042795365665,2630.2173635493136,0.0023654130050852,0.0023720256329706,0.0443373545913275
C3L-02112,1747.0,1,66.95414099931554,1,2,0.5885243616527654,0.5629978142713228,22.648276739188823,40.22800118416455,36.40063328454087,46.89849671514669,35.33159398050313,51.84039696812226,12200.012683868408,23.67515871747713,0.5100797745268186,5024.423164541553,0.411837536135118,29.0,105.0,216191026.0,2.3717539955202653,40.0,3.771902904092466,325.0,-91.0,416.0,-0.1343030242492968,66800968.574523926,0.2306039497199471,52.92696536015045,75.67116356168975,-1.46354707557398,1.6648710111380784,0.4587465171902482,0.9568059399464556,0.6204122523408748,0.9949516632942884,0.9514390095069112,-0.0824239246399827,0.5041338636802949,0.0627011883788423,4.507596181891941,0.4736881935148239,2.684151075956362,0.0567468108020794,0.0221488485826538,3.6789304207842655,15504.66483132186,0.5528237079718361,192.11258278145692,0.1413631955713443,5.955645220238878,56.7645327446652,237194.92641648272,0.2608218937765887,29.68363846456383,5.769782802587029,0.034336390510119,6.139490301649209,14.299293612353065,4756.13438944895,0.0012315362436791,0.0002025571329707,0.035120573946227
