feature,coef,hazard_ratio,p_value,ci_lower,ci_upper
original_gldm_LargeDependenceHighGrayLevelEmphasis,0.4947427894972524,1.6400763399409874,0.007576477268426999,1.1406742986936163,2.3581230890490295
original_glcm_MCC,0.35985059510444245,1.4331152841253243,0.022589180939632435,1.0518530076233148,1.9525726529358505
original_glszm_LargeAreaEmphasis,0.39729419197922333,1.4877935626070156,0.028357389047102485,1.0430045763017899,2.122262677680139
original_glcm_Imc1,-0.2738679843199802,0.7604324576427169,0.043476690625720404,0.5829145533389832,0.9920107832687229
original_glcm_Correlation,0.3127387787166987,1.3671643519517473,0.0471044956740282,1.0040083670264803,1.8616760842176763
original_glcm_ClusterShade,-0.3162003728327995,0.7289133810949401,0.05793529460962531,0.5256940449534512,1.0106919076595282
original_glcm_Autocorrelation,0.3064828711946491,1.3586381954287472,0.07317057257937994,0.9716394090943243,1.8997765310882808
original_firstorder_Energy,0.2963913552385024,1.344996425243172,0.10910488460734041,0.9359659474126116,1.9327790598768704
original_glszm_SizeZoneNonUniformityNormalized,-0.2344676325438853,0.7909918358705753,0.13384691896735143,0.5821562693569236,1.0747425001624473
original_glszm_HighGrayLevelZoneEmphasis,0.19422010876159065,1.2143635455978719,0.23963000736964704,0.878536061138454,1.6785637905017434
original_firstorder_Minimum,-0.1671793893625313,0.8460478257431038,0.24494843321519055,0.638271144619145,1.1214621395296631
original_glszm_ZoneEntropy,0.18315184248849922,1.2009967565725534,0.25979825901310116,0.8733625344463583,1.651540056286196
original_shape_Sphericity,-0.15029534386409424,0.8604538091406652,0.32446215759762354,0.638103595894513,1.1602830048728874
original_glrlm_RunLengthNonUniformity,0.14520425169379791,1.1562757174242537,0.3511402020956903,0.8521174875453199,1.5690014044382181
original_shape_Maximum2DDiameterColumn,-0.15292371016645578,0.8581951908823107,0.36640656125072146,0.6158434990746516,1.1959190715825814
original_glrlm_LongRunEmphasis,0.16336748792012742,1.1774693159410665,0.3734125430051459,0.8217152648793261,1.6872438048066802
original_glcm_Idn,0.140238394335629,1.1505480503039942,0.3789853633323088,0.8418212158705329,1.5724963817755682
original_gldm_DependenceEntropy,0.15319068386059206,1.1655472087957168,0.38565037734845353,0.8245612443823374,1.6475432300351593
original_shape_Maximum3DDiameter,-0.1360389640784028,0.8728086236425197,0.42615726350663885,0.6243190124993734,1.2202013365811346
original_shape_Elongation,0.12735987725485873,1.1358257020746456,0.43704751542056175,0.8238025319326714,1.5660306632789036
original_firstorder_Uniformity,-0.10774048391937754,0.8978605754557133,0.43928650012266357,0.6833290178776368,1.1797444450134884
original_firstorder_10Percentile,-0.10596956297004705,0.8994520243075015,0.446225728520647,0.6847944679937359,1.1813967282782762
original_glcm_Idmn,0.1243609659174947,1.132424563904336,0.4474970697714268,0.8215809724373492,1.5608752344026755
original_shape_Maximum2DDiameterSlice,-0.13421006567170463,0.8744063625493702,0.45114205555250064,0.6167420738962586,1.2397183834671068
original_glcm_DifferenceAverage,-0.1118954079848951,0.8941377722812066,0.457406457558166,0.6656338085374366,1.20108435834511
original_glcm_Id,0.10337102694155992,1.1089027655607124,0.47734492389717853,0.8338069893599721,1.4747601773068417
original_glcm_ClusterProminence,0.11574758893617426,1.1227124513212767,0.4953779336854207,0.8049295190735284,1.5659548053382895
original_shape_MajorAxisLength,-0.11358491087782313,0.8926283993322752,0.4955763365166126,0.6438650305298743,1.2375038579728088
original_glcm_Contrast,-0.08704909538538261,0.9166320921226122,0.5492037495950406,0.6894225090839727,1.2187220191366537
original_shape_MeshVolume,0.13918431016447488,1.1493359147746869,0.5640773873727467,0.716220776306607,1.844365716117499
original_firstorder_Entropy,0.07378819187094719,1.0765787532139126,0.5757670515609574,0.8313866448335963,1.3940827881636264
original_shape_SurfaceVolumeRatio,0.06242050645052971,1.064409841838229,0.6104259325314381,0.8371790565986099,1.353316596338711
original_shape_LeastAxisLength,-0.08920018541093987,0.914662453166988,0.6125451822249295,0.6476469157160561,1.291764668266005
original_glrlm_RunEntropy,0.060517124008488014,1.062385789717844,0.6560680884089054,0.8139821279740759,1.3865950214454257
original_glcm_JointEnergy,-0.05755091258447538,0.9440738239245271,0.658586098672415,0.7313766528005385,1.2186270666511803
original_glszm_SmallAreaHighGrayLevelEmphasis,0.062013934025430234,1.0639771701096903,0.6588347986796643,0.807936070612674,1.4011596457825812
original_glrlm_LongRunLowGrayLevelEmphasis,-0.048178847132752015,0.9529633370752583,0.688819444829061,0.7527809076686074,1.2063790573835826
original_glszm_GrayLevelNonUniformity,0.05930007927882149,1.0610936051742879,0.714747067141358,0.772052986735491,1.4583450336777375
original_shape_Maximum2DDiameterRow,0.06248052421922377,1.0644737272590232,0.71927561267404,0.7571248007750269,1.496588560914688
original_glrlm_RunLengthNonUniformityNormalized,0.05884519642221833,1.0606110416473016,0.7239378717375178,0.76514069942341,1.4701816051764935
original_glcm_InverseVariance,-0.04973275219022433,0.951483672453097,0.7266293451407636,0.7199744662913274,1.2574351193428392
original_glrlm_LowGrayLevelRunEmphasis,-0.041475132503121966,0.9593731922547035,0.7311736057874445,0.7572347774789614,1.2154710129416266
original_shape_SurfaceArea,0.06494578552451033,1.0671011704856952,0.7391396601464666,0.7280985640769883,1.563943350850415
original_firstorder_Range,0.03752882832134362,1.0382419274223185,0.7866216762436665,0.7912090468315129,1.3624039110452162
original_firstorder_Kurtosis,0.041348907910413804,1.0422156794097959,0.796158383796957,0.7615669305711944,1.4262876692832958
original_firstorder_TotalEnergy,0.04788428085440757,1.0490492532170652,0.7997636902121964,0.7246146865678719,1.5187441768366674
original_firstorder_Mean,-0.03133463747683257,0.9691512044923701,0.8027597561725226,0.757893094593153,1.2392962330303534
original_firstorder_Maximum,-0.027887654347939626,0.972497616543123,0.8451244439200045,0.7351380165764697,1.2864953149701204
original_glcm_JointEntropy,0.025225821553373922,1.0255466849227755,0.8552003648576851,0.7821517128460939,1.3446828609874173
original_firstorder_Skewness,-0.02677158403455654,0.9735835981659815,0.8601359705059747,0.7228424667720386,1.3113023462091993
original_gldm_DependenceVariance,-0.020422374549955526,0.979784749754791,0.8909255659949764,0.7317564903287159,1.3118819833368638
original_glszm_GrayLevelNonUniformityNormalized,-0.021038568239886292,0.9791811985458221,0.893613807693115,0.7193725644985537,1.3328223328255109
original_glszm_GrayLevelVariance,-0.014389531235972652,0.9857135032704928,0.9141683606539273,0.7587708498488249,1.2805329971800743
original_shape_MinorAxisLength,-0.013664357013516808,0.9864285765388051,0.9417328843434591,0.683810587961737,1.4229690995466429
original_firstorder_90Percentile,-0.011894517262684394,0.9881759428680039,0.9424323864473033,0.7155322310496804,1.364706789840288
original_shape_Flatness,-0.0091422740399348,0.9908993894842528,0.9504734184999265,0.7425772653714392,1.3222618653550147
original_firstorder_InterquartileRange,-0.0046163357747906406,0.9953943031259935,0.9724884012257203,0.7656976630787271,1.2939961377338167
original_glszm_ZonePercentage,0.0019882989947905103,1.0019902769719562,0.9883906052536368,0.7665672138934427,1.3097149172960811
original_ngtdm_Strength,-0.0012918673705288003,0.9987089667309013,0.9923700029345016,0.7663887603325924,1.3014538467341965
original_gldm_SmallDependenceLowGrayLevelEmphasis,-0.001345968706720667,0.9986549367028958,0.9926804964476721,0.7490792055520294,1.3313834841618677
original_ngtdm_Coarseness,-0.0007465077065625369,0.9992537708609935,0.9956342615023378,0.7647951783867297,1.305588903797985
