Model,Fold,Accuracy,Precision,Recall,F1,ROC_AUC
clinical_only,1,0.7,0.5,1.0,0.6666666666666666,0.9047619047619048
clinical_only,2,0.5555555555555556,0.3333333333333333,1.0,0.5,0.7142857142857143
clinical_only,3,0.6666666666666666,0.4,1.0,0.5714285714285714,0.7857142857142857
clinical_only,4,0.5555555555555556,0.3333333333333333,0.3333333333333333,0.3333333333333333,0.5555555555555556
clinical_only,5,0.5555555555555556,0.3333333333333333,0.3333333333333333,0.3333333333333333,0.6111111111111112
radiomics_only,1,0.5,0.0,0.0,0.0,0.42857142857142855
radiomics_only,2,0.4444444444444444,0.2,0.5,0.2857142857142857,0.5714285714285714
radiomics_only,3,0.8888888888888888,0.6666666666666666,1.0,0.8,0.8571428571428572
radiomics_only,4,0.6666666666666666,0.5,0.3333333333333333,0.4,0.4444444444444444
radiomics_only,5,0.5555555555555556,0.3333333333333333,0.3333333333333333,0.3333333333333333,0.5555555555555556
combined,1,0.7,0.5,0.3333333333333333,0.4,0.47619047619047616
combined,2,0.4444444444444444,0.2,0.5,0.2857142857142857,0.7142857142857143
combined,3,0.7777777777777778,0.5,1.0,0.6666666666666666,0.8571428571428572
combined,4,0.5555555555555556,0.3333333333333333,0.3333333333333333,0.3333333333333333,0.4444444444444444
combined,5,0.7777777777777778,1.0,0.3333333333333333,0.5,0.4444444444444444
