PatientID,Actual,Predicted,Probability_Class1
C3L-02613,1,0,0.2957230347830816
C3L-03628,0,0,0.009607200368069932
C3L-03632,0,0,0.35519902997724084
C3L-04475,0,0,0.11566209922849682
C3N-00303,0,1,0.556650965295081
C3N-00511,0,0,0.25114304204833166
C3N-00513,0,0,0.2546244584063685
C3N-01165,1,0,0.10259997266822629
C3N-01383,0,0,0.37240322199887843
C3N-02971,1,0,0.13643216370181638
C3L-02115,0,0,0.40340875766141704
C3L-02118,0,0,0.41364652911205446
C3L-03123,0,1,0.5101709997501264
C3L-04479,0,1,0.5584165027492081
C3L-04853,1,0,0.33161974640114733
C3N-00198,0,0,0.12496032230683336
C3N-01715,1,1,0.7748864240714861
C3N-02010,0,0,0.40159621715656635
C3N-02998,0,0,0.39169770883961663
C3L-00599,0,0,0.4052416922561084
C3L-02112,0,0,0.14108058369910728
C3L-02606,0,0,0.2539488550742911
C3L-03743,0,0,0.35308076191211474
C3L-04848,1,0,0.48074238243338574
C3N-01381,0,0,0.27391123099796016
C3N-01502,0,0,0.25593067084513926
C3N-02592,1,0,0.30832221511259417
C3N-03000,0,0,0.39630946277563667
C3L-00625,0,0,0.28644699048759936
C3L-02890,0,0,0.4141732339917565
C3L-04495,1,0,0.1913556120774594
C3N-00249,0,0,0.25530915577225266
C3N-00957,0,0,0.29613537069103013
C3N-01167,0,0,0.24676497750006612
C3N-01375,1,0,0.4218904081048221
C3N-01382,0,0,0.3263698882899253
C3N-03430,1,1,0.5914760443709832
C3L-00401,0,0,0.2055023963768195
C3L-03639,1,0,0.0501888273074762
C3N-00302,1,0,0.09937232552607196
C3N-00512,0,0,0.32277804863889575
C3N-00518,0,0,0.07123849508777735
C3N-01166,0,0,0.25384667764404356
C3N-01714,0,0,0.14102625406094818
C3N-03426,1,1,0.7910395127658066
C3N-03670,0,0,0.14710826992845544
