PatientID,risk_label,CT_UID,Mask_File,Status,Feature_Count,NaN_Count,Inf_Count,NonNumeric_Count,Mask_Voxel_Count
C3L-00401,0,1.3.6.1.4.1.14519.5.2.1.1078.3273.115222332781781993819030355720,C:\Users\DELL\Downloads\ml_mini_project\ml_mini_project\data\radiomics\masks\C3L-00401\C3L-00401_PANCREAS_-_1_1_3_6_1_4_1_14519_5_2_1_1078_3273_115222332781781993819030355720.nii.gz,SUCCESS,107,0,0,0,8765
C3L-00599,0,1.3.6.1.4.1.14519.5.2.1.1078.3273.528962902788862099299752483230,C:\Users\DELL\Downloads\ml_mini_project\ml_mini_project\data\radiomics\masks\C3L-00599\C3L-00599_PANCREAS_-_1_1_3_6_1_4_1_14519_5_2_1_1078_3273_528962902788862099299752483230.nii.gz,SUCCESS,107,0,0,0,14181
C3L-00625,0,1.3.6.1.4.1.14519.5.2.1.1078.3273.284434159400355227660618151357,C:\Users\DELL\Downloads\ml_mini_project\ml_mini_project\data\radiomics\masks\C3L-00625\C3L-00625_PANCREAS__-_1_1_3_6_1_4_1_14519_5_2_1_1078_3273_284434159400355227660618151357.nii.gz,SUCCESS,107,0,0,0,9311
C3L-02112,0,1.3.6.1.4.1.14519.5.2.1.1078.3273.509194190879524769161030308306,C:\Users\DELL\Downloads\ml_mini_project\ml_mini_project\data\radiomics\masks\C3L-02112\C3L-02112_PANCREAS_-_V2_1_3_6_1_4_1_14519_5_2_1_1078_3273_509194190879524769161030308306.nii.gz,SUCCESS,107,0,0,0,39579
C3L-02115,0,1.3.6.1.4.1.14519.5.2.1.1078.3273.704668399080353717237616884992,C:\Users\DELL\Downloads\ml_mini_project\ml_mini_project\data\radiomics\masks\C3L-02115\C3L-02115_PANCREAS_-_1_1_3_6_1_4_1_14519_5_2_1_1078_3273_704668399080353717237616884992.nii.gz,SUCCESS,107,0,0,0,22094
C3L-02118,0,1.3.6.1.4.1.14519.5.2.1.1078.3273.282104996038162526040733366160,C:\Users\DELL\Downloads\ml_mini_project\ml_mini_project\data\radiomics\masks\C3L-02118\C3L-02118_PANCREAS_-_2_1_3_6_1_4_1_14519_5_2_1_1078_3273_282104996038162526040733366160.nii.gz,SUCCESS,107,0,0,0,6920
C3L-02606,0,1.3.6.1.4.1.14519.5.2.1.1078.3273.121497034251766040723671772840,C:\Users\DELL\Downloads\ml_mini_project\ml_mini_project\data\radiomics\masks\C3L-02606\C3L-02606_PANCREAS_-_1_1_3_6_1_4_1_14519_5_2_1_1078_3273_121497034251766040723671772840.nii.gz,SUCCESS,107,0,0,0,27066
C3L-02613,1,1.3.6.1.4.1.14519.5.2.1.1078.3273.318390387516429528571766938804,C:\Users\DELL\Downloads\ml_mini_project\ml_mini_project\data\radiomics\masks\C3L-02613\C3L-02613_PANCREAS_-_1_1_3_6_1_4_1_14519_5_2_1_1078_3273_318390387516429528571766938804.nii.gz,SUCCESS,107,0,0,0,14522
C3L-02890,0,1.3.6.1.4.1.14519.5.2.1.1078.3273.271141209378346285855652349011,C:\Users\DELL\Downloads\ml_mini_project\ml_mini_project\data\radiomics\masks\C3L-02890\C3L-02890_PANCREAS_-_1_1_3_6_1_4_1_14519_5_2_1_1078_3273_271141209378346285855652349011.nii.gz,SUCCESS,107,0,0,0,915
C3L-03123,0,1.3.6.1.4.1.14519.5.2.1.1078.3273.253659253587241192987818798973,C:\Users\DELL\Downloads\ml_mini_project\ml_mini_project\data\radiomics\masks\C3L-03123\C3L-03123_PANCREAS_-_1_1_3_6_1_4_1_14519_5_2_1_1078_3273_253659253587241192987818798973.nii.gz,SUCCESS,107,0,0,0,11926
C3L-03628,0,1.3.6.1.4.1.14519.5.2.1.1078.3273.143149128964300163871889705246,C:\Users\DELL\Downloads\ml_mini_project\ml_mini_project\data\radiomics\masks\C3L-03628\C3L-03628_PANCREAS_-_1_1_3_6_1_4_1_14519_5_2_1_1078_3273_143149128964300163871889705246.nii.gz,SUCCESS,107,0,0,0,2756
C3L-03632,0,1.3.6.1.4.1.14519.5.2.1.1078.3273.135593219989915389397811943521,C:\Users\DELL\Downloads\ml_mini_project\ml_mini_project\data\radiomics\masks\C3L-03632\C3L-03632_PANCREAS_-_1_1_3_6_1_4_1_14519_5_2_1_1078_3273_135593219989915389397811943521.nii.gz,SUCCESS,107,0,0,0,7667
C3L-03639,1,1.3.6.1.4.1.14519.5.2.1.1078.3707.147874067922819363627684798170,C:\Users\DELL\Downloads\ml_mini_project\ml_mini_project\data\radiomics\masks\C3L-03639\C3L-03639_PANCREAS_-_1_1_3_6_1_4_1_14519_5_2_1_1078_3707_147874067922819363627684798170.nii.gz,SUCCESS,107,0,0,0,1757
C3L-03743,0,1.3.6.1.4.1.14519.5.2.1.2857.3273.763873604368773090782703713954,C:\Users\DELL\Downloads\ml_mini_project\ml_mini_project\data\radiomics\masks\C3L-03743\C3L-03743_PANCREAS_-_1_1_3_6_1_4_1_14519_5_2_1_2857_3273_763873604368773090782703713954.nii.gz,SUCCESS,107,0,0,0,7757
C3L-04475,0,1.3.6.1.4.1.14519.5.2.1.1078.3273.266637006359890695546741377528,C:\Users\DELL\Downloads\ml_mini_project\ml_mini_project\data\radiomics\masks\C3L-04475\C3L-04475_PANCREAS_-_V2_1_3_6_1_4_1_14519_5_2_1_1078_3273_266637006359890695546741377528.nii.gz,SUCCESS,107,0,0,0,4401
C3L-04479,0,1.3.6.1.4.1.14519.5.2.1.1078.3273.147340054288591525784413209683,C:\Users\DELL\Downloads\ml_mini_project\ml_mini_project\data\radiomics\masks\C3L-04479\C3L-04479_PANCREAS_-_1_1_3_6_1_4_1_14519_5_2_1_1078_3273_147340054288591525784413209683.nii.gz,SUCCESS,107,0,0,0,1209
C3L-04495,1,1.3.6.1.4.1.14519.5.2.1.1078.3273.847675893530584838871551804647,C:\Users\DELL\Downloads\ml_mini_project\ml_mini_project\data\radiomics\masks\C3L-04495\C3L-04495_PANCREAS_-_1_1_3_6_1_4_1_14519_5_2_1_1078_3273_847675893530584838871551804647.nii.gz,SUCCESS,107,0,0,0,17361
C3L-04848,1,1.3.6.1.4.1.14519.5.2.1.1078.3273.287422339118300510038202282023,C:\Users\DELL\Downloads\ml_mini_project\ml_mini_project\data\radiomics\masks\C3L-04848\C3L-04848_PANCREAS_-_1_1_3_6_1_4_1_14519_5_2_1_1078_3273_287422339118300510038202282023.nii.gz,SUCCESS,107,0,0,0,4107
C3L-04853,1,1.3.6.1.4.1.14519.5.2.1.1078.3707.745191582723535005851873488541,C:\Users\DELL\Downloads\ml_mini_project\ml_mini_project\data\radiomics\masks\C3L-04853\C3L-04853_PANCREAS_-_1_1_3_6_1_4_1_14519_5_2_1_1078_3707_745191582723535005851873488541.nii.gz,SUCCESS,107,0,0,0,2594
C3N-00198,0,1.3.6.1.4.1.14519.5.2.1.7085.2626.168480840630370295958226892277,C:\Users\DELL\Downloads\ml_mini_project\ml_mini_project\data\radiomics\masks\C3N-00198\C3N-00198_PANCREAS_-_1_1_3_6_1_4_1_14519_5_2_1_7085_2626_168480840630370295958226892277.nii.gz,SUCCESS,107,0,0,0,8897
C3N-00249,0,1.3.6.1.4.1.14519.5.2.1.7085.2626.176520109931701354483419993926,C:\Users\DELL\Downloads\ml_mini_project\ml_mini_project\data\radiomics\masks\C3N-00249\C3N-00249_PANCREAS_-_1_1_3_6_1_4_1_14519_5_2_1_7085_2626_176520109931701354483419993926.nii.gz,SUCCESS,107,0,0,0,9296
C3N-00302,1,1.3.6.1.4.1.14519.5.2.1.3320.3273.153402618197058722914565659447,C:\Users\DELL\Downloads\ml_mini_project\ml_mini_project\data\radiomics\masks\C3N-00302\C3N-00302_PANCREAS_-_1_1_3_6_1_4_1_14519_5_2_1_3320_3273_153402618197058722914565659447.nii.gz,SUCCESS,107,0,0,0,13449
C3N-00303,0,1.3.6.1.4.1.14519.5.2.1.3320.3273.228476454931090952243913193877,C:\Users\DELL\Downloads\ml_mini_project\ml_mini_project\data\radiomics\masks\C3N-00303\C3N-00303_PANCREAS_-_1_1_3_6_1_4_1_14519_5_2_1_3320_3273_228476454931090952243913193877.nii.gz,SUCCESS,107,0,0,0,12833
C3N-00511,0,1.3.6.1.4.1.14519.5.2.1.3320.3273.622361704528354865565321257701,C:\Users\DELL\Downloads\ml_mini_project\ml_mini_project\data\radiomics\masks\C3N-00511\C3N-00511_PANCREAS_-_1_1_3_6_1_4_1_14519_5_2_1_3320_3273_622361704528354865565321257701.nii.gz,SUCCESS,107,0,0,0,15781
C3N-00512,0,1.3.6.1.4.1.14519.5.2.1.3320.3273.141851821243248390241693658626,C:\Users\DELL\Downloads\ml_mini_project\ml_mini_project\data\radiomics\masks\C3N-00512\C3N-00512_PANCREAS_-_1_1_3_6_1_4_1_14519_5_2_1_3320_3273_141851821243248390241693658626.nii.gz,SUCCESS,107,0,0,0,9755
C3N-00513,0,1.3.6.1.4.1.14519.5.2.1.3320.3273.840742147390892579015461325222,C:\Users\DELL\Downloads\ml_mini_project\ml_mini_project\data\radiomics\masks\C3N-00513\C3N-00513_PANCREAS_1_3_6_1_4_1_14519_5_2_1_3320_3273_840742147390892579015461325222.nii.gz,SUCCESS,107,0,0,0,12397
C3N-00518,0,1.3.6.1.4.1.14519.5.2.1.3320.3273.104386655669578826656699930336,C:\Users\DELL\Downloads\ml_mini_project\ml_mini_project\data\radiomics\masks\C3N-00518\C3N-00518_PANCREAS_-_V1_1_3_6_1_4_1_14519_5_2_1_3320_3273_104386655669578826656699930336.nii.gz,SUCCESS,107,0,0,0,9692
C3N-00957,0,1.3.6.1.4.1.14519.5.2.1.7085.2626.984361307626903829562789406767,C:\Users\DELL\Downloads\ml_mini_project\ml_mini_project\data\radiomics\masks\C3N-00957\C3N-00957_PANCREAS_-_1_1_3_6_1_4_1_14519_5_2_1_7085_2626_984361307626903829562789406767.nii.gz,SUCCESS,107,0,0,0,29959
C3N-01165,1,1.3.6.1.4.1.14519.5.2.1.3320.3273.246395466384301273536587915230,C:\Users\DELL\Downloads\ml_mini_project\ml_mini_project\data\radiomics\masks\C3N-01165\C3N-01165_PANCREAS_-_1_1_3_6_1_4_1_14519_5_2_1_3320_3273_246395466384301273536587915230.nii.gz,SUCCESS,107,0,0,0,3133
C3N-01166,0,1.3.6.1.4.1.14519.5.2.1.3320.3273.315343014986917666955782092061,C:\Users\DELL\Downloads\ml_mini_project\ml_mini_project\data\radiomics\masks\C3N-01166\C3N-01166_PANCREAS_-_1_1_3_6_1_4_1_14519_5_2_1_3320_3273_315343014986917666955782092061.nii.gz,SUCCESS,107,0,0,0,46937
C3N-01167,0,1.3.6.1.4.1.14519.5.2.1.3320.3273.257256432911691359657088977190,C:\Users\DELL\Downloads\ml_mini_project\ml_mini_project\data\radiomics\masks\C3N-01167\C3N-01167_PANCREAS_-_V1_1_3_6_1_4_1_14519_5_2_1_3320_3273_257256432911691359657088977190.nii.gz,SUCCESS,107,0,0,0,4667
C3N-01375,1,1.3.6.1.4.1.14519.5.2.1.3320.3273.138020348644744766204502731573,C:\Users\DELL\Downloads\ml_mini_project\ml_mini_project\data\radiomics\masks\C3N-01375\C3N-01375_PANCREAS_-_V1_1_3_6_1_4_1_14519_5_2_1_3320_3273_138020348644744766204502731573.nii.gz,SUCCESS,107,0,0,0,2633
C3N-01381,0,1.3.6.1.4.1.14519.5.2.1.3320.3273.195707059948805634576815747650,C:\Users\DELL\Downloads\ml_mini_project\ml_mini_project\data\radiomics\masks\C3N-01381\C3N-01381_PANCREAS_-_1_1_3_6_1_4_1_14519_5_2_1_3320_3273_195707059948805634576815747650.nii.gz,SUCCESS,107,0,0,0,2666
C3N-01382,0,1.3.6.1.4.1.14519.5.2.1.3320.3273.161956810284636741579538918315,C:\Users\DELL\Downloads\ml_mini_project\ml_mini_project\data\radiomics\masks\C3N-01382\C3N-01382_PANCREAS_-_1_1_3_6_1_4_1_14519_5_2_1_3320_3273_161956810284636741579538918315.nii.gz,SUCCESS,107,0,0,0,3519
C3N-01383,0,1.3.6.1.4.1.14519.5.2.1.3320.3273.324947681040913255556526210003,C:\Users\DELL\Downloads\ml_mini_project\ml_mini_project\data\radiomics\masks\C3N-01383\C3N-01383_PANCREAS_-_V1_1_3_6_1_4_1_14519_5_2_1_3320_3273_324947681040913255556526210003.nii.gz,SUCCESS,107,0,0,0,6854
C3N-01502,0,1.3.6.1.4.1.14519.5.2.1.7085.3273.215906601221545277718873447581,C:\Users\DELL\Downloads\ml_mini_project\ml_mini_project\data\radiomics\masks\C3N-01502\C3N-01502_PANCREAS_-_1_1_3_6_1_4_1_14519_5_2_1_7085_3273_215906601221545277718873447581.nii.gz,SUCCESS,107,0,0,0,12199
C3N-01714,0,1.3.6.1.4.1.14519.5.2.1.3320.3273.110290822146863901498359737736,C:\Users\DELL\Downloads\ml_mini_project\ml_mini_project\data\radiomics\masks\C3N-01714\C3N-01714_PANCREAS_-1_1_3_6_1_4_1_14519_5_2_1_3320_3273_110290822146863901498359737736.nii.gz,SUCCESS,107,0,0,0,4065
C3N-01715,1,1.3.6.1.4.1.14519.5.2.1.3320.3273.269419358721971772074878139271,C:\Users\DELL\Downloads\ml_mini_project\ml_mini_project\data\radiomics\masks\C3N-01715\C3N-01715_PANCREAS_-_1_1_3_6_1_4_1_14519_5_2_1_3320_3273_269419358721971772074878139271.nii.gz,SUCCESS,107,0,0,0,368567
C3N-02010,0,1.3.6.1.4.1.14519.5.2.1.7085.2626.169852148533165567779563772529,C:\Users\DELL\Downloads\ml_mini_project\ml_mini_project\data\radiomics\masks\C3N-02010\C3N-02010_PANCREAS_-_1_1_3_6_1_4_1_14519_5_2_1_7085_2626_169852148533165567779563772529.nii.gz,SUCCESS,107,0,0,0,882
C3N-02592,1,1.3.6.1.4.1.14519.5.2.1.3320.3273.879611076177009012361201941155,C:\Users\DELL\Downloads\ml_mini_project\ml_mini_project\data\radiomics\masks\C3N-02592\C3N-02592_PANCREAS_-_1_1_3_6_1_4_1_14519_5_2_1_3320_3273_879611076177009012361201941155.nii.gz,SUCCESS,107,0,0,0,9372
C3N-02971,1,1.3.6.1.4.1.14519.5.2.1.7085.2626.180954086578970008488722763048,C:\Users\DELL\Downloads\ml_mini_project\ml_mini_project\data\radiomics\masks\C3N-02971\C3N-02971_PANCREAS_-_1_1_3_6_1_4_1_14519_5_2_1_7085_2626_180954086578970008488722763048.nii.gz,SUCCESS,107,0,0,0,14203
C3N-02998,0,1.3.6.1.4.1.14519.5.2.1.3320.3273.156629118601455329618966384795,C:\Users\DELL\Downloads\ml_mini_project\ml_mini_project\data\radiomics\masks\C3N-02998\C3N-02998_PANCREAS_-_1_1_3_6_1_4_1_14519_5_2_1_3320_3273_156629118601455329618966384795.nii.gz,SUCCESS,107,0,0,0,854
C3N-03000,0,1.3.6.1.4.1.14519.5.2.1.3320.3273.181890433388041338517707398823,C:\Users\DELL\Downloads\ml_mini_project\ml_mini_project\data\radiomics\masks\C3N-03000\C3N-03000_PANCREAS_-_1_1_3_6_1_4_1_14519_5_2_1_3320_3273_181890433388041338517707398823.nii.gz,SUCCESS,107,0,0,0,224868
C3N-03426,1,1.3.6.1.4.1.14519.5.2.1.3320.3273.270308021700086486167377365904,C:\Users\DELL\Downloads\ml_mini_project\ml_mini_project\data\radiomics\masks\C3N-03426\C3N-03426_PANCREAS_-_1_1_3_6_1_4_1_14519_5_2_1_3320_3273_270308021700086486167377365904.nii.gz,SUCCESS,107,0,0,0,6707
C3N-03430,1,1.3.6.1.4.1.14519.5.2.1.3320.3273.369815723860519630686719054019,C:\Users\DELL\Downloads\ml_mini_project\ml_mini_project\data\radiomics\masks\C3N-03430\C3N-03430_PANCREAS_-_1_1_3_6_1_4_1_14519_5_2_1_3320_3273_369815723860519630686719054019.nii.gz,SUCCESS,107,0,0,0,30003
C3N-03670,0,1.3.6.1.4.1.14519.5.2.1.3320.3273.167987214168402313606475396280,C:\Users\DELL\Downloads\ml_mini_project\ml_mini_project\data\radiomics\masks\C3N-03670\C3N-03670_PANCREAS_-_1_1_3_6_1_4_1_14519_5_2_1_3320_3273_167987214168402313606475396280.nii.gz,SUCCESS,107,0,0,0,1729
