PatientID,risk_label,age_years,Sex,Tumor Grade,StructureSetLabel,ROI_role,ROIVolume,normalized_phase,ReferencedSeriesDescription,original_shape_Elongation,original_shape_Flatness,original_shape_LeastAxisLength,original_shape_MajorAxisLength,original_shape_Maximum2DDiameterColumn,original_shape_Maximum2DDiameterRow,original_shape_Maximum2DDiameterSlice,original_shape_Maximum3DDiameter,original_shape_MeshVolume,original_shape_MinorAxisLength,original_shape_Sphericity,original_shape_SurfaceArea,original_shape_SurfaceVolumeRatio,original_shape_VoxelVolume,original_firstorder_10Percentile,original_firstorder_90Percentile,original_firstorder_Energy,original_firstorder_Entropy,original_firstorder_InterquartileRange,original_firstorder_Kurtosis,original_firstorder_Maximum,original_firstorder_MeanAbsoluteDeviation,original_firstorder_Mean,original_firstorder_Median,original_firstorder_Minimum,original_firstorder_Range,original_firstorder_RobustMeanAbsoluteDeviation,original_firstorder_RootMeanSquared,original_firstorder_Skewness,original_firstorder_TotalEnergy,original_firstorder_Uniformity,original_firstorder_Variance,original_glcm_Autocorrelation,original_glcm_ClusterProminence,original_glcm_ClusterShade,original_glcm_ClusterTendency,original_glcm_Contrast,original_glcm_Correlation,original_glcm_DifferenceAverage,original_glcm_DifferenceEntropy,original_glcm_DifferenceVariance,original_glcm_Id,original_glcm_Idm,original_glcm_Idmn,original_glcm_Idn,original_glcm_Imc1,original_glcm_Imc2,original_glcm_InverseVariance,original_glcm_JointAverage,original_glcm_JointEnergy,original_glcm_JointEntropy,original_glcm_MCC,original_glcm_MaximumProbability,original_glcm_SumAverage,original_glcm_SumEntropy,original_glcm_SumSquares,original_glrlm_GrayLevelNonUniformity,original_glrlm_GrayLevelNonUniformityNormalized,original_glrlm_GrayLevelVariance,original_glrlm_HighGrayLevelRunEmphasis,original_glrlm_LongRunEmphasis,original_glrlm_LongRunHighGrayLevelEmphasis,original_glrlm_LongRunLowGrayLevelEmphasis,original_glrlm_LowGrayLevelRunEmphasis,original_glrlm_RunEntropy,original_glrlm_RunLengthNonUniformity,original_glrlm_RunLengthNonUniformityNormalized,original_glrlm_RunPercentage,original_glrlm_RunVariance,original_glrlm_ShortRunEmphasis,original_glrlm_ShortRunHighGrayLevelEmphasis,original_glrlm_ShortRunLowGrayLevelEmphasis,original_glszm_GrayLevelNonUniformity,original_glszm_GrayLevelNonUniformityNormalized,original_glszm_GrayLevelVariance,original_glszm_HighGrayLevelZoneEmphasis,original_glszm_LargeAreaEmphasis,original_glszm_LargeAreaHighGrayLevelEmphasis,original_glszm_LargeAreaLowGrayLevelEmphasis,original_glszm_LowGrayLevelZoneEmphasis,original_glszm_SizeZoneNonUniformity,original_glszm_SizeZoneNonUniformityNormalized,original_glszm_SmallAreaEmphasis,original_glszm_SmallAreaHighGrayLevelEmphasis,original_glszm_SmallAreaLowGrayLevelEmphasis,original_glszm_ZoneEntropy,original_glszm_ZonePercentage,original_glszm_ZoneVariance,original_gldm_DependenceEntropy,original_gldm_DependenceNonUniformity,original_gldm_DependenceNonUniformityNormalized,original_gldm_DependenceVariance,original_gldm_GrayLevelNonUniformity,original_gldm_GrayLevelVariance,original_gldm_HighGrayLevelEmphasis,original_gldm_LargeDependenceEmphasis,original_gldm_LargeDependenceHighGrayLevelEmphasis,original_gldm_LargeDependenceLowGrayLevelEmphasis,original_gldm_LowGrayLevelEmphasis,original_gldm_SmallDependenceEmphasis,original_gldm_SmallDependenceHighGrayLevelEmphasis,original_gldm_SmallDependenceLowGrayLevelEmphasis,original_ngtdm_Busyness,original_ngtdm_Coarseness,original_ngtdm_Complexity,original_ngtdm_Contrast,original_ngtdm_Strength
C3L-00401,0,62.945927446954144,female,G2,PANCREAS1,Pancreatic lesion 1,7.056945,venous,VENOUS ABD/PELVIS 2.5MM,0.6784365929560789,0.6048050487629132,18.42666769904879,30.46711950692088,38.06229927570267,25.447235999225065,35.76083312155353,38.75689622859756,7685.444003191488,20.670008755461094,0.6729204342612212,2798.7646702980996,0.36416434354812466,7730.35029746532,53.0,110.0,62787581.0,1.987247644899841,29.0,3.5459873686325056,162.0,18.001315869885183,81.4376497432972,82.0,-28.0,190.0,12.383043679191113,84.63712751653294,-0.22934661705583376,55375926.46440136,0.3017646222318256,531.3525585379022,33.628442003921265,18.86342233264347,-0.49809177738965293,2.2971925710459447,1.1658342758557874,0.32383289086185757,0.7837780656751405,1.5248948333018955,0.5443743909390105,0.6653647642365942,0.64589979670559,0.9862460116628503,0.9249716074431208,-0.05256128174459528,0.3914366188975758,0.5072154259268615,5.774560974666672,0.10487129469669235,3.770662986596712,0.33475581321820364,0.2084552272232926,11.549121949333344,2.6333683766654663,0.8657567117254329,1603.938304758553,0.26981934403801705,1.1103230867389424,34.347397811111094,3.0655367576332235,104.65232558763728,0.09904868448508021,0.034228908332987286,3.400165444355548,3174.365221452238,0.5281177478319208,0.6780639782351134,0.8290578678311628,0.7505433140092628,25.80141878623045,0.02629832011090719,72.44508670520231,0.20937886330983327,3.8043786962477864,34.309248554913296,61363.326589595374,2092240.9884393064,1870.4868446869489,0.052474822031146,89.88439306358381,0.2597814828427278,0.520901685077905,18.177560803690515,0.030190592537332136,5.084536596750632,0.039475185396463205,60721.59762270706,5.808615359821464,542.6988020536223,0.061916577530361935,19.311795494253353,2644.966913861951,0.9310577352685918,34.27130633200228,107.11500285225328,3643.005590416429,3.330586452073593,0.03335764534310903,0.046329388562710426,1.5915753748231014,0.0021507505738658362,17.521526927565688,0.0008271904832344521,21.541405126555823,0.015157182461765192,0.028722941009756354
C3L-00599,0,62.3709787816564,male,G1,PANCREAS1,Pancreatic lesion 1,19.525519,contrast_unspecified,ABD/PEL  ENHANCED 5/2.5mm,0.7552188605568294,0.6467629267878379,26.223068043797888,40.54510077446047,45.631688294018886,41.08394607386199,41.875291510179366,47.98198107427933,21571.28651936849,30.620424808049858,0.7185715994806869,5215.125624509052,0.24176238259254865,21638.48876953125,29.0,92.0,299443701.0,2.319722963886017,30.0,136.5874095097126,2211.0,34.440941384602716,74.4437627811861,64.0,-74.0,2285.0,12.75013439073215,145.3128974445841,10.731193816566506,456914826.96533203,0.2804110970022634,15573.96434671871,62.275277994592244,924058.6318059459,8356.853739721559,90.14693044416035,16.03075560796561,0.7024797132969222,1.1359268423202327,1.685383618454424,14.671362220349415,0.692164698781353,0.6767481331730492,0.9984043219855525,0.989021138018091,-0.18727442325576066,0.7320985863852378,0.4562167554730517,6.613857504819759,0.11126096597984475,4.084937924137474,0.7887517102577827,0.24288130558343124,13.227715009639523,3.074321910650996,26.544421513031487,1999.160185763126,0.23112014863964928,40.70087511064571,86.40239018884084,4.334579553996269,214.2101264729798,0.13025728573635484,0.03458542437643738,4.106662208665287,4099.507543806804,0.46506769103471746,0.6091520072903613,1.4784073495024854,0.7029902098046112,74.7608913930377,0.02573124696753234,29.59203036053131,0.05615186026666283,426.5172380269976,737.4003795066413,103075.44022770399,3852290.7590132826,2862.560735273256,0.04670390397501508,210.86717267552183,0.4001274623823943,0.6578203774401423,648.0597008449963,0.027173574783747368,6.746936307818083,0.03716240039489458,102351.35033791933,6.327679660392976,709.6150483040689,0.05003984544842175,29.417644322091846,3976.509766589098,25.023664997468607,67.18524786686412,154.00895564487695,5935.7235737959245,4.295787133496156,0.03241441651518137,0.04456466923324057,25.83271904550338,0.0018849534806853541,1.7713579764883927,0.0006025022600044068,3821.4591543932775,0.005536210392020294,32.74237107145883
C3L-00625,0,34.86926762491444,female,G2,PANCREAS1,Pancreatic lesion 1,12.384274,venous,VENOUS ABD/PELVIS,0.7451070211694386,0.7063885840345067,23.863126518997312,33.78186887265949,41.69299298518278,37.435165307001114,30.428659522110074,42.15884443462012,14157.1044921875,25.171107685243893,0.8016719401352237,3530.2359509336216,0.24936143918989634,14207.45849609375,33.0,102.0,48395114.0,2.1680202596321854,37.0,2.6929391951338593,159.0,21.305215527482925,67.11674363655891,67.0,-14.0,173.0,15.382475055768742,72.09457654304411,0.03562516290989592,73845083.61816406,0.253972153621672,692.9706905452755,17.601064517538305,35.24186046753298,0.592962749633907,3.629096956890928,1.0248660666797365,0.5591763232501538,0.7300047809244644,1.447248374863753,0.48087692037518676,0.6805925679910464,0.6643637430479031,0.9847392418489277,0.9220761319824036,-0.13745531256877358,0.6462722668730846,0.5046724405631915,4.116926382714877,0.08230680873129412,4.007915990452552,0.5631300598502338,0.16092559586057148,8.233852765429756,2.96643737945832,1.1634907558926662,1432.0996121253565,0.24053085474780353,1.3149027190351368,19.479920645623643,3.5522101449972205,63.89853324860686,0.26134987240346563,0.0741014018390155,3.687179845980228,2880.689991542763,0.47706008469021144,0.6394091355964411,1.009392128385154,0.7114407047354198,14.243192381956728,0.05322791622143242,34.119170984455955,0.17678326934951274,4.206126338962119,24.015544041450777,108716.25388601037,1922402.720207254,7082.684709430405,0.15014679014956586,71.21761658031087,0.3690031947166367,0.6287009733728687,13.702328972618098,0.10617730854152167,4.732207888232188,0.020728170980560626,106388.81634406294,6.143712608157,596.9117173235958,0.06410822868903401,18.5414142575071,2364.7347223713887,1.1887259663711243,18.838470626141124,126.18956073461497,2151.4878101170657,9.345848442982247,0.07364605929007483,0.03253968004414436,0.7061902028218419,0.003714534835238194,28.851432615582805,0.0009263034690646847,14.245546000241397,0.022328908359357746,0.02132858848117013
C3L-02112,0,66.95414099931554,male,G2,PANCREAS2,Pancreatic lesion 2,12.117638,venous,VENOUS A/P THINS,0.5885243616527654,0.5629978142713228,22.648276739188823,40.22800118416455,36.40063328454087,46.89849671514669,35.33159398050313,51.84039696812226,12200.012683868408,23.67515871747713,0.5100797745268186,5024.423164541553,0.411837536135118,12229.534149169922,29.0,105.0,216191026.0,2.3717539955202653,40.0,3.771902904092466,325.0,24.040246301333895,67.23191591500543,68.0,-91.0,416.0,16.570738246823353,73.90714444251162,-0.1343030242492968,66800968.574523926,0.23060394971994716,942.1354820439163,52.92696536015045,75.67116356168975,-1.46354707557398,4.4911682314193815,1.6648710111380784,0.4587465171902482,0.9568059399464555,1.7171798554042719,0.7356092864536734,0.6204122523408748,0.5903363079507147,0.9949516632942885,0.9514390095069113,-0.08242392463998272,0.5388428515575563,0.5041338636802949,7.22636589522127,0.06270118837884232,4.507596181891941,0.4736881935148239,0.1258498164978327,14.45273179044254,3.1181192173601726,1.5390098106393648,5988.131235710413,0.2146403322121243,1.7928955820468728,53.673623290415144,2.684151075956362,143.23039198973314,0.056746810802079405,0.022148848582653837,3.6789304207842664,15504.66483132186,0.5528237079718361,0.7049795248840197,0.6502329734370131,0.7697301981581692,41.37860035765148,0.017347932834769517,192.11258278145695,0.14136319557134433,5.955645220238878,56.764532744665196,237194.92641648272,12581836.70272259,4669.63379803276,0.032268104871265794,354.4569536423841,0.26082189377658876,0.5229124948386606,29.68363846456383,0.016945625652992992,5.769782802587029,0.034336390510119004,236346.741156577,6.139490301649209,2871.9150812299454,0.07256158774173034,14.299293612353065,9127.07372596579,1.5870534929336655,53.556001920210214,89.47742489704136,4756.13438944895,1.8225095179920732,0.021709949442517508,0.04454633269839596,2.452795870238034,0.0012315362436791403,28.367527809267738,0.00020255713297071996,87.53126341049946,0.008798782210010672,0.035120573946227036
C3L-02115,0,80.04654346338124,male,G2,PANCREAS1,Pancreatic lesion 1,25.768058,venous,5 x 2.5 PV ABD/PEL,0.8511894611472175,0.8014543279085786,30.8875435402821,38.539368326682016,44.09801593910575,46.75355361243277,38.234745349657096,47.01190943693151,27251.724243164062,32.80430415894261,0.7971224421778548,5493.996923286953,0.20160180964201155,27307.342529296875,49.0,108.0,155996619.0,2.0075202833772408,30.0,3.6410013019203578,168.0,18.676258347225453,80.57106001629401,83.0,-36.0,204.0,12.764465450312027,84.02730178076101,-0.6254379332722413,192805879.80651855,0.2966671309824119,568.8917324058306,33.96532715794227,31.37716041927282,-3.0200275343441114,2.9601387923226037,0.8111813492317987,0.5691205216963353,0.6287081364788704,1.3360482153246769,0.40895067290240333,0.714457714608497,0.7038434742046539,0.9902958639691756,0.9387581359312607,-0.1485169979495585,0.6495683067053781,0.4838093442129313,5.781687388540606,0.11336985667952418,3.656243483807346,0.5892093171789331,0.2367741897960089,11.563374777081211,2.7809070553395565,0.9428300353886008,3414.406286049938,0.26413948853528246,1.1832671149427203,33.43229503350788,4.432203561490531,153.44356800375047,0.14365076670698296,0.03634382898605018,3.7754325498424026,5574.790957663356,0.42617633266596844,0.5849517098272417,1.42114685091556,0.6704695637239689,22.07863523157863,0.025539917300117662,65.41081081081082,0.17678597516435354,4.227764791818847,33.067567567567565,378032.3405405405,13296655.24054054,11251.014793315426,0.06516770937604272,99.0,0.26756756756756755,0.5283775645268431,18.13591379484508,0.03422390470234771,5.1634759204825995,0.0167466280438128,374466.63684441196,6.104055680514646,1254.3392776319363,0.056772846819586144,22.99317781167719,6554.56359192541,0.9936382262579134,33.98148818683806,162.02688512718385,5694.816103919617,5.006786044436147,0.0344843982916348,0.02427410068532736,0.7959116130561014,0.001236130337223638,36.4337144398888,0.00039618068756030594,17.048809011601474,0.012709226333109754,0.014531558221827941
C3L-02118,0,67.98631074606433,female,G2,PANCREAS2,Pancreatic lesion 2,11.290178,unspecified,ABD AXIAL 5X2,0.687660294831033,0.5260313908039259,20.103696587056177,38.21767472152565,40.53935444811785,44.12527719166788,33.15146999163428,45.58551856966259,13154.882726402147,26.280777466760842,0.7043651942520341,3825.9934679158473,0.29084208103482306,13231.765273905257,43.0,107.0,46387741.0,2.126612208315714,31.0,4.359766177153451,175.0,20.190097981890474,77.42182080924856,81.0,-57.0,232.0,13.222612190570912,81.87448186307392,-0.8058286109324717,88698222.61542068,0.28172119850312405,709.2924429274283,45.095032440559535,36.89233899871994,-3.4477211312750624,2.8717729891918777,1.3681700735277085,0.34204299559285634,0.8267161292844144,1.586710202939688,0.6465546592560311,0.6616420351854383,0.6390820276043694,0.9891684335870272,0.9343909055239842,-0.0857961932490099,0.4123564926063325,0.48498283158041205,6.687189022702712,0.1021713734730281,3.894679740530491,0.368752183830042,0.21804688610993853,13.374378045405424,2.7285392434360523,1.0599857656798966,1184.8091606027165,0.24896150738298276,1.4382985422306678,44.1816148609437,3.4249942154601265,157.31513321429114,0.08316478747386108,0.0273112008144161,3.515466662814112,2700.681459648495,0.5451735113399081,0.6865051133837261,1.0027310419571556,0.753698927087397,32.83171042697309,0.021441745168140493,41.53164556962025,0.17523901084227955,4.442165607363492,36.219409282700425,52604.71729957806,2457723.075949367,1159.430370923606,0.05386846401158829,47.050632911392405,0.1985258772632591,0.43839866671074956,16.009318199851204,0.028520402117004885,5.481826621374378,0.034248554913294794,51752.17586213036,5.967767419497708,430.30924855491327,0.06218341742123024,20.712210230879748,1949.5106936416184,1.2142061002706406,44.94031791907514,104.45057803468208,4929.291184971098,2.334786824102579,0.025976427788733075,0.042794334230518795,1.6942840536484487,0.0018598397641742927,9.022855679882234,0.0010674555953377298,34.002561612753205,0.013615328121602549,0.05974217833893511
C3L-02606,0,68.85147159479808,female,G2,PANCREAS1,Pancreatic lesion 1,36.207808,unspecified,ABD PEL AXIAL ST 3MM,0.6629383403766707,0.5684491656115631,33.04388220790932,58.12988074731225,63.809803561291616,61.05406811716664,46.26754840226841,64.83588329738787,43663.702148028126,38.53652666891696,0.6382102950495222,9395.805603662298,0.2151857295977505,43765.842930255545,57.0,127.0,254682391.0,2.2294637959521473,37.0,3.0698893680627184,191.0,21.905829194729783,93.02198330008129,94.0,-31.0,222.0,15.400765855852136,97.00350359064267,-0.22405620933798565,411822564.1619718,0.24913382690529426,756.590331779223,39.47718656454882,40.59309239030771,-1.9498861053855778,3.6713439004244752,1.5065147588267012,0.41864061765789745,0.9057420915833563,1.6633603849603307,0.6740496598718148,0.6330870802261869,0.606044648661916,0.985636749491028,0.9219971599161755,-0.07318969704825758,0.499049220454039,0.5057673727375405,6.2398679170879,0.07017710054734644,4.294520095928819,0.4351140241938818,0.1287362918528935,12.4797358341758,2.971986756173716,1.2944646648127944,4401.122101726487,0.2332188346185087,1.4518034662918966,40.36776445478255,2.817951565281854,112.83546388985314,0.08016659131478074,0.029572238300518385,3.5567262886935915,10398.750848732212,0.5462839972875652,0.697161923275867,0.7158890654333445,0.7644318718581732,30.933801248555213,0.02295167005043274,165.8625393494229,0.17404253866676062,4.968640478127832,42.93389296956978,174978.86253934941,7062116.357817419,4560.3843234088645,0.04356896109460068,313.2077649527807,0.3286545277573774,0.5888113445238995,25.9108031532368,0.026912981834903704,5.0046876982104695,0.03521022685287815,174172.25485763742,6.066310609049864,1867.8604891746102,0.0690113237705834,15.78692332159649,6743.056159018695,1.2962978829514171,40.238121628611545,94.5310721938964,3761.1874307248945,2.618461196321527,0.029072262827080197,0.047130850696908616,1.9836829645443372,0.001779208164596249,45.56441741225094,0.00027428747418074974,29.663964642248324,0.018954904380556022,0.011335928029774065
C3L-02613,1,52.19986310746064,female,G3,PANCREAS1,Pancreatic lesion 1,13.020601,venous,61 VENOUS ABD AXIAL 3X2,0.690319989040059,0.6348254239818535,23.480962475019545,36.988062525502684,43.80759434008566,36.58255809032273,32.8707306583503,44.94240989441344,15343.265065603657,25.53359891721803,0.752656203108588,3967.339239818092,0.25857203293137554,15386.219409257877,9.0,126.0,87456282.0,2.8892591609683844,62.0,3.093294511058839,259.0,36.59789808152824,62.80953036771795,57.0,-92.0,351.0,25.980907358942233,77.60367514017851,0.531146800802469,92660896.81654942,0.15699607381121863,2077.2932902490775,49.40152785494486,361.5137639456959,21.231347237834687,10.583313724742498,2.3319417524651262,0.636821744993073,1.1537241420352784,1.908802837861269,0.9787410758494981,0.5771360070951115,0.5354648481679324,0.9899742885577344,0.9319837978166926,-0.13778416169408453,0.7188511556897554,0.4846384188378252,6.88005829125479,0.0357762534321393,5.297480821091813,0.6484841067758912,0.0769777162418271,13.760116582509584,3.6853811395182876,3.2288138693019066,1634.0488302059323,0.14935330453317922,3.6486994283719345,54.541473575244744,2.2605456192685085,113.53492274650715,0.058104543554177095,0.024975563321192547,3.992779135684056,6740.735515296601,0.6129208621029736,0.7534721854374795,0.47925879070629135,0.8097397079890426,45.26081063137618,0.02008406905549153,63.734299516908216,0.10263172224944962,9.395697034288366,73.73107890499195,47685.832528180355,2144229.4170692433,1193.4050382798748,0.033151115861247256,204.52012882447664,0.3293399820039882,0.5928327797317333,42.25715083257852,0.022222696571538126,5.608555858384953,0.04276270486158931,47138.980704852445,6.472653958968415,1179.4543451315246,0.08121845097999757,11.858431833575132,2279.896983886517,3.4042519647492937,52.83129045586008,66.76242941743561,3006.7640820823576,1.793073464690334,0.02523507379357136,0.060189715672891664,3.9452642710273045,0.0017701359352816795,12.150131551456312,0.0006535992377703238,77.50905346941663,0.02503321127253084,0.06156666325109867
C3L-02890,0,65.84531143052703,male,G3,PANCREAS1,Pancreatic lesion 1,26.850651,venous,61 VENOUS ABD AXIAL 3X2,0.6038623174158394,0.009960638178869163,0.7015072101661116,70.42793820724387,43.735328,66.34882857710289,43.76766466097966,69.35144495366396,690.2846161025697,42.52877797664583,0.10632344420079111,3552.5528793515014,5.146504494638232,1404.098755984977,-976.0,73.0,406863335.0,4.4061551017598095,969.5,1.1673221742220234,153.0,441.9961874048195,-482.96065573770494,-538.0,-1009.0,1162.0,417.8483335647184,666.8278507333517,0.0890612166710956,624345685.8244798,0.076226820747111,211408.38752306724,818.4854260089687,2111406.281628294,5014.477972666231,1341.8324556596754,10.1109865470852,0.9850422935879902,1.7387892376681613,2.451395990195026,7.0875985340545755,0.5856150018166792,0.5487065118718708,0.9958156128074697,0.9674586054903096,-0.4844626398333824,0.9930024259057827,0.4091643864684592,22.03531390134529,0.02535869412214201,6.682876905375771,0.9874411595297298,0.07847533632286996,44.07062780269058,5.304355095200684,337.98586055169017,34.55088852988691,0.05581726741500309,313.2724729291342,895.4927302100161,3.268174474959612,2329.8836833602586,0.23503475943949725,0.04815918664108616,5.820675717944984,346.3796445880452,0.5595793935186514,0.6765027322404371,1.0831269361965334,0.776611445182393,716.6679770238737,0.032233307324267935,34.55088852988691,0.05581726741500309,313.2724729291342,895.4927302100161,3.268174474959612,2329.8836833602586,0.23503475943949725,0.04815918664108616,346.3796445880452,0.5595793935186514,0.776611445182393,716.6679770238737,0.032233307324267935,5.820675717944983,0.6765027322404371,1.0831269361965334,5.591667499803363,364.01857923497266,0.39783451282510673,0.5038024425930903,69.74754098360656,338.63100839081494,831.2284153005464,3.216393442622951,2328.544262295082,0.2330048165897595,0.05773779941207215,0.5989071038251366,537.3244687310261,0.02743168332669819,0.029706138002803122,0.02316015946339303,1091.8358970617514,0.274613566274379,61.46097107154749
C3L-03123,0,60.60780287474333,female,G2,PANCREAS1,Pancreatic lesion 1,30.82576,venous,Venous/Phase Axial,0.8199802747010947,0.6479889896938734,28.70851401876286,44.30401515359929,53.53053468815719,48.938612321969245,41.99167384137002,55.22246499387726,32280.555967999837,36.328418516009805,0.7625413349643702,6429.562239530895,0.1991775558607048,32389.871103999994,39.0,89.0,54068672.0,1.7727072480580062,27.0,3.0127763907011857,134.0,15.511888857693604,64.47174241153782,65.0,-26.0,160.0,11.019182142479227,67.33260994669503,-0.1112057385041266,146845322.55948797,0.33990359354203065,377.074792654091,25.984533660369173,9.512033564459664,-0.08248292758235579,1.7781989251900303,0.8873566496717753,0.33179613480465336,0.662903171015009,1.3669675037643425,0.43055636392956276,0.7039211438285263,0.6909501368484668,0.9867125749483528,0.9287877836401368,-0.07359536190697814,0.39196130932895434,0.4854301336208451,5.075595856848244,0.13076798822822197,3.3769419374772176,0.3330630009195164,0.2538838014623031,10.151191713696488,2.4449285279123028,0.6663888937154514,2220.355763420337,0.30497300344416856,0.8230962415654702,26.83411140239853,4.421736641840572,116.79251635612046,0.1825702379147779,0.04302055798644049,3.440415078979347,3455.0765684120056,0.4578242995811311,0.6103148905429637,1.4272647131379612,0.6890165374538637,18.593404766429373,0.0301543374292928,60.768,0.243072,3.1096960000000005,27.632,187365.192,4946598.796,7452.941266286848,0.06560783446712018,55.112,0.220448,0.4672498189043858,12.078020741458365,0.03402199013709885,4.848400852840921,0.020962602716753313,185089.520384,5.8339724223856315,669.3513332215327,0.056125384305008616,23.4974668963837,4053.6902565822575,0.6849724806691969,26.645732014086867,147.41472413214825,3852.85686734865,6.01097571658352,0.04221277372120518,0.027686574004472903,0.7438643500746481,0.0015344177041756676,30.266052446165375,0.0006051875642867986,14.967387580371616,0.012444727470064374,0.01658632955106906
C3L-03628,0,69.21834360027378,female,G2,PANCREAS1,Pancreatic lesion 1,2.398632,venous,61 VENOUS ABD AXIAL 3X2,0.7981473234296318,0.6804701962478283,13.04939364792023,19.177024533735224,22.060686155945486,19.543591779632518,20.82247438353869,22.38523415478482,2690.616607666015,15.306090802945153,0.8172136661231043,1144.7651054294463,0.425465710041267,2712.432861328125,44.0,107.0,17879492.0,2.0902734634366475,32.0,3.1748511792774656,173.0,19.390990708226514,76.69085631349782,78.0,-15.0,188.0,13.525503329045964,80.54488782664767,-0.19821971002371433,17596851.104736328,0.27711303060113207,605.991512909688,21.339896969120414,25.68684380155839,-1.2515162481967996,2.848953852791688,1.3184594209052247,0.3679936352971932,0.8439544453101765,1.5856631137079995,0.5958584580040456,0.6479767807054666,0.6248966256136163,0.9806481272167814,0.911266328678946,-0.063837201141932,0.45091834025272676,0.5109452668202654,4.57789314536271,0.08651712727404828,4.009311351290273,0.3866344855664642,0.16874953879953825,9.15578629072542,2.787152620131435,1.041853318424228,494.1572728033532,0.25513353113948184,1.21910759726894,22.160931754321798,2.7314778163604894,59.963186693513386,0.1545973336863615,0.061535076637126394,3.3943850928487476,1066.915445149773,0.5459821105880539,0.702355699452942,0.6564829204863768,0.7637805302569445,16.981489601853113,0.04847325273997867,20.86,0.2086,3.9219,23.37,19170.6,411260.81,960.5523854308391,0.11762399376417232,27.22,0.2722,0.5316222102297646,11.829060498556982,0.06783554166231473,4.6003381916066255,0.036284470246734396,18411.046400000003,5.812860114104267,196.52975326560232,0.071309779849638,15.288062883251426,763.7235123367199,1.0726788734856896,22.07075471698113,91.65384615384616,1996.138969521045,4.861995732255166,0.05938615994293218,0.04613181466973819,1.0406758721528937,0.0043392549690557634,8.113605828811885,0.0027708324362878834,16.220465885725158,0.02312198012086581,0.060882756427918114
C3L-03632,0,74.05886379192334,male,G1,PANCREAS1,Pancreatic lesion 1,8.57991,venous,VENOUS AXIAL 5 X 2.5,0.7279721020556227,0.61651718309283,20.104401326512278,32.60963664573989,41.12196037398996,35.1312411047845,33.7646452599646,44.41081576193602,9426.26953125,23.738905736269334,0.6774621598685242,3185.3633915088853,0.33792407282104103,9476.119995117188,-8.0,73.0,16609207.0,2.393767400299132,44.0,2.8899338604901668,123.0,25.478907475949335,34.36663623320725,37.0,-88.0,211.0,18.515896131376074,46.54378708638531,-0.3989630802218264,20528347.274780273,0.21798042284039496,985.2584303571742,37.32391163048538,69.14944011310152,-4.0221782677905145,4.959755749412574,1.1194167585119135,0.6303415711887934,0.7600495512089404,1.5017160636988367,0.5304502735908072,0.6738407676000532,0.6555819923348624,0.9867811271307356,0.9271470372117049,-0.16815409590698296,0.7190912240469421,0.5002273623698916,6.030091344809138,0.07109988333921002,4.256595495227463,0.6403068854539824,0.13579769523245397,12.060182689618276,3.1686449838318445,1.5197931269811216,1038.7643025015764,0.20486267961030555,1.8496318433789976,35.12042176524359,3.280556861997611,124.52461573150202,0.10667004904569741,0.038661751524170035,3.8264449070227693,2624.6750892348896,0.5113309808504503,0.6612856297217847,0.9234516085056867,0.7387213551662786,25.131965569379812,0.030469794824732964,33.948356807511736,0.15938195684277812,5.0324671030880115,28.370892018779344,53315.2441314554,2030703.2582159624,1519.6645124746126,0.089067671756583,47.48826291079812,0.2229495911305076,0.47397201589408483,12.544656519390351,0.04604587605901053,5.363337942372165,0.027781400808660494,52019.582137582925,6.358312359178779,462.4026346680579,0.06031076492344566,20.93832642352777,1671.255901917308,1.6742073020602988,36.386852745532806,117.10721272988131,4693.4613277683575,3.34423791977167,0.03582675860029485,0.03667911447139969,1.079573486274029,0.0024611857887327873,12.568784068023406,0.0013136657518772932,18.3022613669855,0.024547603885394596,0.040635406579639835
C3L-03639,1,76.00547570157427,male,G3,PANCREAS1,Pancreatic lesion 1,5.826487,arterial,ART THINS,0.808196478682939,0.5685895600985603,17.16338744669282,30.185899726540335,35.57052123150019,30.816308487895654,31.239278055685535,36.33258342254519,9337.385130759942,24.396137864866187,0.7738568721372795,2771.02426596424,0.2967666243984856,9488.597845428565,19.0,107.0,9024520.0,2.563646121738347,48.0,3.190569871188842,194.0,28.04248588214829,62.42686397268071,61.0,-58.0,252.0,19.92661333554887,71.66814688768861,0.07689124653005028,48736505.992047235,0.1988802250952285,1239.20993285173,36.25982314089031,67.85179316408481,1.470996098045722,4.600520850077956,3.191763760758223,0.17617349449827913,1.3650493811389448,2.0828457306437405,1.2835721157376783,0.539364743933176,0.48681434176256033,0.9755880320906373,0.8968885385251082,-0.04095971808972365,0.3780219404381305,0.45357838813159795,5.992276298759043,0.04389467692545972,4.934406837872181,0.258195270150001,0.08620230105623593,11.984552597518087,3.115950638609767,1.948071152709045,292.08387590617974,0.19210682417731975,2.185544629092568,38.39011932634923,1.632726979355091,61.59273559707506,0.056808221278473514,0.03633432890240203,3.222260157278139,1189.2107556430028,0.7679448939053436,0.8637537761043739,0.2277646969338149,0.8920471456865199,34.41768986094629,0.03279899158151957,39.140845070422536,0.13781987700853005,4.431660384844276,41.28169014084507,658.2992957746479,22797.75352112676,20.059603928847146,0.049143479311304444,75.57042253521126,0.26609303709581433,0.5236544524103999,22.220815626311815,0.027931701648725892,5.3340782892748155,0.1616391576550939,620.0250322356675,5.550805040253107,216.38986909504837,0.12315871889302696,5.597092239222637,349.43255549231645,2.0614217655761213,38.14342629482072,26.230506545247582,949.8292544109278,0.8384045906401799,0.03576825228772634,0.14991007705875978,6.149068046447295,0.006892313362743199,3.274119344336041,0.003914856368217791,46.55606132173532,0.034115853269935166,0.16592011230433684
C3L-03743,0,71.32375085557837,female,G3,PANCREAS1,Pancreatic lesion 1,8.600362,venous,VENOUS ST,0.9181630728682257,0.6678526385287759,19.136838558860642,28.654283078101656,31.72199798641315,32.409730406160435,32.86365060747208,34.85292760300058,9118.376057942709,26.30930460182582,0.6952293222575349,3035.9949388093723,0.3329534688542287,9165.986328125,48.0,146.0,91739683.0,2.7209165696365516,51.0,76.05149940849016,1040.0,31.279833994584344,99.07812298569034,101.0,-58.0,1098.0,21.23205011557758,108.7506150526647,3.9406853540125093,108403336.35742188,0.18223991740612666,2010.221819965279,58.3236627631746,1311.8100935088373,23.197370186201187,7.306102211130408,3.2011188118013276,0.3826050299648103,1.2866546713105949,2.017215161909208,1.5187488842223567,0.553438045659131,0.5054462682115294,0.9984868175552977,0.9728292423370574,-0.06437486779988479,0.49632558370761054,0.47080653392007643,7.56945225700872,0.040322517965434165,5.142968223641079,0.5739412387593387,0.08327417389441286,15.138904514017439,3.395518542049491,2.626805255732933,1051.9078885191188,0.17235154782911713,3.762162902697966,59.337652886008854,2.0115196833266524,119.6952247461097,0.0418343276051485,0.022502146721794215,3.714254525803045,4025.7875819179703,0.6555855948293843,0.7868129034817186,0.3752835121220191,0.8352891376601721,49.58450893212584,0.019279345702313964,60.92263056092843,0.11783874383158305,19.64970500095402,72.82398452611218,17939.216634429402,1064412.1837524178,319.30183217540434,0.03870863410101844,169.04642166344294,0.3269756705289032,0.58858983676404,50.21101972230914,0.024167709987571038,5.517755690941793,0.06664947789093721,17714.10056530572,6.1488466704826505,684.7385587211551,0.0882736313937289,9.94830444122721,1413.6350393193245,3.3115828178431785,59.36741008121697,52.757380430578834,3174.464225860513,0.9815450311583195,0.02181136712848086,0.08130120457764818,5.7138487956320745,0.0026507501749036323,3.5917408685065095,0.0009752004472138576,472.85132582754596,0.010960069406707988,1.7909843646179597
C3L-04475,0,77.80698151950719,male,G2,PANCREAS2,Pancreatic lesion 2,4.514211,unspecified,ABDOMEN 5 X 2.5,0.5968871559161258,0.4156315708972777,14.694928070940414,35.35565895347307,38.31346728056212,37.20475285366664,30.6820914171589,38.492763615286236,6017.787935287203,21.10333871827905,0.6507370642848848,2458.686558457186,0.4085698241441676,6060.65040835236,24.0,86.0,16811489.0,2.0665385750314194,30.0,3.740802778954959,142.0,19.05220927201431,56.713701431492844,58.0,-59.0,201.0,13.106588214515767,61.80554012239109,-0.4456991392276354,23151228.737300884,0.28760742598367345,603.480859759982,34.60534824748594,24.905892431255218,-1.5067488094184267,2.593563371982907,1.0639895392349192,0.41266705603220966,0.7403802790162008,1.474497639785331,0.5057498957922656,0.6790995693989509,0.6619780139527779,0.9873956279198232,0.9288163009023683,-0.08649375830020725,0.4950434587180392,0.4997392747644392,5.849923398549352,0.10684739022494696,3.7611433941646535,0.4627209781824265,0.22549222080247258,11.699846797098703,2.7057149521287465,0.9143882278044564,743.55625295784,0.2534288125558076,1.268256683894714,34.27021676143245,3.223075271412672,112.44973029115087,0.10418233056836157,0.03597821804876949,3.513937342332904,1542.5192682661657,0.5192442472575637,0.6667365808470103,0.9090620779195061,0.7442264277409613,25.251639455623362,0.027974881914317302,26.01492537313433,0.19414123412786813,4.910726219648029,34.02238805970149,39590.05223880597,1392010.7537313432,1175.1330986765906,0.06717675910883979,39.53731343283582,0.29505457785698375,0.5592113989354919,18.103600841162255,0.03874526654437362,4.791824693588493,0.03044762553965008,38511.37096235242,5.925269898491345,260.14973869575095,0.059111506179448076,21.784742586802356,1265.7602817541467,1.0554641972933687,34.59327425585094,115.19404680754374,4087.918882072256,3.4441107427427364,0.03426714172418612,0.04211997484975304,1.3744727066952218,0.002284903804917502,8.145715771983994,0.0018013309914711932,20.041414242116975,0.0161613027693134,0.061940336263366653
C3L-04479,0,66.27515400410678,male,G3,PANCREAS1,Pancreatic lesion 1,1.237652,unspecified,AXIALS 5x2.5,0.8357056464264421,0.765178738282568,11.744232136886918,15.348351371140643,18.16747653063617,16.16764142577587,17.035701173460517,18.933795941481677,1598.5971185303204,12.826703904199258,0.8103974726256031,815.8532797961014,0.5103557802895085,1621.39590293889,74.0,112.0,10521604.0,1.430806472643871,20.0,2.9315445625776992,145.0,11.918707296598916,92.10918114143921,91.0,54.0,91.0,8.643442500450927,93.28843892495692,0.29075301122251174,14110575.3663734,0.4378937675183573,218.63158650895784,4.766215111251897,4.3937454459071725,0.37317360588653364,1.1759301430443112,0.42362505591896393,0.46942816262675596,0.4041347815286338,1.0229593499895282,0.25750994979781267,0.8011809883007381,0.7998816366747161,0.9754248250822433,0.919822719507284,-0.14154407593975243,0.5536137275031117,0.3870807914370949,2.1395232653647813,0.24355250693765046,2.5656193487297188,0.48717259555230785,0.4370482210816906,4.279046530729563,2.1067394354486018,0.3998887997408188,239.482178877278,0.36879674889776476,0.5533701554525783,5.779563001348728,5.9517850690786025,29.222806709416826,1.6138207072472133,0.29838072903249685,3.3354819968482663,245.65477724299848,0.36804396691639746,0.534453139912197,2.045102464507177,0.6130695718708817,3.812352620962005,0.18686891380547532,6.6521739130434785,0.2892249527410208,1.4669187145557654,7.608695652173913,26072.391304347828,121402.0,6353.844806763285,0.4196859903381643,5.173913043478261,0.22495274102079396,0.4729259887435329,3.5583320403187177,0.18611245583179645,3.8820451081368574,0.01902398676592225,23309.28922495274,5.580684265599574,58.61124896608768,0.0484791141158707,32.23562323106068,529.413564929694,0.4287447124235726,5.349875930521092,203.95616211745244,946.5773366418528,54.96058496461722,0.28732423490488007,0.02279820537589546,0.1633242063023768,0.007800474938921666,18.034123812621047,0.006911296415216145,2.043222345032334,0.024450876754023642,0.033997860274378525
C3L-04495,1,36.89801505817933,female,G2,PANCREAS1,Pancreatic lesion 1,36.052555,unspecified,CHEST STND C+ 5MM,0.705037149393836,0.47166376794249193,26.126877138200722,55.3930128069245,50.79865314772136,55.88355582059541,61.15863208539583,66.41052679523703,38145.08574893922,39.0541318457303,0.6695000206842604,8185.136507150682,0.21457905642218414,38279.12479015842,34.0,90.0,75500261.0,1.9909512408693208,28.0,4.43364593356216,196.0,17.738020783053074,61.70848453430102,62.0,-61.0,257.0,11.931655956325521,65.9457569991758,-0.09708105908042614,166469898.7678435,0.3080344657699848,540.9058026742754,36.45245735597497,21.96626512884272,-0.03280962769988232,2.279809456532379,1.0888837276753054,0.34274431656799176,0.7364507103115122,1.4826189303940611,0.5299059995816604,0.6834153978218684,0.6663432954251527,0.9912905562726453,0.9408023779532245,-0.07389983568008913,0.4111280317052898,0.4904022072546553,6.0128726821025715,0.11605311354713183,3.6706742700753106,0.3664080148842809,0.2415444659482209,12.025745364205143,2.6086843072553694,0.8421732960519214,3125.3144053265514,0.27151699082766007,1.1554108577933002,36.931527214451826,3.6037471496947733,131.98621926030233,0.1079128076414815,0.03192414717394505,3.4768690828951705,6094.595603839925,0.512836357047235,0.6624175317798957,1.074655218839708,0.7338438602344776,27.14857254019191,0.024058168696412103,93.20532319391636,0.17719643192759763,4.148708236348654,37.85931558935361,150786.08174904942,5349239.914448669,4369.544092152873,0.051535900569189046,120.5703422053232,0.229221182899854,0.4853279164628099,17.443801540162134,0.02774356706649865,5.524822116752365,0.030297793905881,149696.70529066486,5.902404370636717,1031.3806232359887,0.05940790410897925,21.62299238569974,5347.786360232705,0.9510437775044374,36.82466447785266,117.21554057945971,4284.597258222452,3.370291798206782,0.031001240665843977,0.03925905866254805,1.4490047406971667,0.001710306390449366,23.94862992685107,0.0004357190195194516,30.52328527340738,0.009546335959864727,0.025136740972112104
C3L-04848,1,71.96167008898016,female,G3,PANCREAS1,Pancreatic lesion 1,8.208992,unspecified,A/P 5/2.5MM 20 ASIR,0.566411287140865,0.4036278209260324,16.510406162312705,40.905025140321904,28.20842033449225,40.732438,42.2038630505628,42.2038630505628,9141.46838166785,23.169067940259172,0.6580650032788564,3212.86618028916,0.3514606238459665,9213.159941557233,-14.0,72.0,7348030.0,2.486362444289176,39.0,3.625547297151946,137.0,26.1151544611162,24.596055514974434,21.0,-101.0,238.0,16.96851636726424,42.29831907351749,0.0765018046011769,16483704.807733327,0.2261030105975124,1184.1818495493894,43.313770583960086,118.28244967555254,4.075115781212085,5.621731928936222,1.0451945283900783,0.6830670332783443,0.7168007659976284,1.4791078740572643,0.5204243355630105,0.6911469083212813,0.6742417113721592,0.9916109536637184,0.9423126655135948,-0.20271621952070082,0.7684262274925927,0.47703798215346105,6.493787958564125,0.09031942001547646,4.228744417781734,0.6929281166945793,0.22655317111578438,12.987575917128247,3.206207604672533,1.6667316143315754,504.63584876687753,0.18947698825801632,2.3829751101524135,45.299432297237914,3.632515954737082,154.81456137670304,0.10037388739581546,0.02982006908202742,4.009492698089465,1382.0617035523833,0.5117321592551168,0.6474499447472422,1.1467116885602158,0.7395597360708879,34.02841098756899,0.022757022389700447,13.752136752136753,0.11753963036014319,7.193659142377091,45.8034188034188,30263.34188034188,1238723.0341880342,779.497035548237,0.059212458550481635,29.358974358974358,0.2509314047775586,0.5144944963629816,24.734634663581737,0.03327309466862038,5.3757306379245255,0.028487947406866325,29031.15187376726,6.460929262408041,227.92135378621865,0.05549582512447496,29.451038743321533,928.6050645239834,1.9729103078954027,44.240321402483566,132.80472364256147,5414.226686145605,3.5508771250690194,0.028766208400656156,0.03925766219129472,1.8291274691589867,0.0017793385619995121,4.273050904553122,0.0026614644111799934,25.880342147487507,0.017912459794190195,0.13113229749781197
C3L-04853,1,85.48117727583846,female,G2,PANCREAS1,Pancreatic lesion 1,2.733538,contrast_unspecified,ABD/PEL ENHANCED STND 5MM,0.3645154543781946,0.295811679967753,10.969835831963374,37.08384953954224,34.86320668962745,34.628412930849954,18.747259449201316,36.2582860481378,2822.536986463991,13.517636264998844,0.6118498550609989,1578.5767089653841,0.5592758275748898,2859.74453388834,6.0,90.70000000000027,8803419.0,2.4097367002038874,50.75,2.2966518310330333,146.0,26.916005383397664,48.62336160370085,50.0,-37.0,183.0,20.395714967594273,58.25600521326419,0.002054323375326508,9705292.738927817,0.20767484896347602,1029.5308497636145,19.38355572599219,69.10907123563558,1.554232506731291,5.565308495027916,1.1592916938667903,0.6543409352170129,0.7728561730062482,1.5177197844508314,0.5455324254422664,0.6714688840471758,0.6518801494880767,0.9828902895428555,0.9182561763247047,-0.18392964176496077,0.7449710511175989,0.49384358248014115,4.275169511550453,0.06416242501777003,4.324709161457468,0.6679067904619534,0.12057951590879776,8.550339023100905,3.2224116459447263,1.6811500472236764,362.82933704638197,0.20278376757438588,1.8015775533708696,22.549441594386224,3.0236734323362455,61.77520108420775,0.21833797881144182,0.06960799389838085,3.6946876058723914,994.4594923374772,0.5451951248913157,0.6898167368483482,0.81560864823613,0.7608489067412402,17.751373043786717,0.052012337148970036,17.701030927835053,0.18248485492613456,3.3550855563821873,31.762886597938145,12498.845360824742,253491.94845360826,775.580147523786,0.08495968920214134,19.0,0.1958762886597938,0.4373509770676967,15.49169164814472,0.033637474336902805,5.070051472716934,0.037393986121819586,11783.69646083537,6.324343817979086,165.50963762528912,0.06380479476688093,21.16388570029051,538.7085582112568,1.7327081533864104,21.637239784117195,103.33384734001542,1952.0774865073247,7.75817918541742,0.07085440771656903,0.04366600949887365,1.282529717014604,0.0031228507449315448,7.388019440163395,0.0038907491420860267,13.496831186833509,0.0325831720465539,0.08181639686263174
C3N-00198,0,55.59479808350445,male,G2,PANCREAS1,Pancreatic lesion 1,9.713832,unspecified,Abd/PANC 2.0 B31f,0.4185498382977808,0.3790056280861482,17.92744904413839,47.301273953809115,49.446714138176056,23.521023051530413,49.566649909017706,51.11060740641931,11246.710876464844,19.797940564645838,0.7321906129695565,3315.4589484387307,0.2947936498818286,11299.36376953125,0.0,91.0,32533494.0,2.617241291036947,46.0,3.7284320710031476,174.0,28.747460189963416,47.649994380128135,50.0,-106.0,280.0,19.29512627327577,60.470499859560825,-0.4830262242680887,41318172.79980469,0.1969710577167347,1386.1593888389027,56.55579835996352,124.1520219226352,-6.594214035276216,5.754780612409509,2.4855156403063723,0.3932345277575793,1.1925739961181614,1.9520555689307004,1.049444393746186,0.5693075107023841,0.525714469110955,0.983664092557867,0.914855318604147,-0.05776299994464898,0.47591921607076704,0.48171406633600894,7.4658087567962905,0.04738758333944416,4.945572088062095,0.4171980421084589,0.09870175562978825,14.931617513592581,3.272623418129181,2.0600740631789702,1251.9823473737927,0.18308298502051093,2.5635552101499854,57.19135333961209,2.1363150267377313,123.11184689442581,0.045288511360023556,0.02331158468145226,3.6838945462067723,4354.815785902578,0.6343492245183573,0.7687293037411055,0.43061489570461126,0.8235339753566174,46.95784276860272,0.019825557901048542,75.51943462897526,0.13342656294871955,7.880482962703992,53.52650176678445,23886.606007067137,1426881.0512367492,417.1445165344978,0.04821527243234694,203.1625441696113,0.35894442432793516,0.6215756881764262,33.50051421566116,0.033884858248890835,5.245596430372877,0.06361694953355064,23639.516491028735,6.130995367220182,714.0482185006182,0.08025718989553987,11.936437853218296,1752.4515005057885,2.292272575749171,57.3808025177026,61.119141283578735,3552.7437338428686,1.1602325037475183,0.022426596495318953,0.07848472991392794,4.2992867458400195,0.0031389822849034973,10.630418557000814,0.0008341933865231481,53.76320289202924,0.029901927820453776,0.047184173529233084
C3N-00249,0,71.4798083504449,male,G2,PANCREAS1,Pancreatic lesion 1,20.81332,unspecified,CHEST  3.0  B40f,0.6954756873857008,0.6380068116273572,27.30575352747157,42.79852978030606,54.95513084553616,36.689244295469706,49.70477416904047,55.06846768171873,21627.669105529785,29.765336918055745,0.6600933887397058,5687.026069431333,0.2629514092194645,21734.7333984375,1.0,93.5,34864713.0,2.637195606766719,48.0,3.487463331576753,181.0,29.31375141733642,48.52119191049914,51.0,-111.0,292.0,20.13360390974691,61.2413830040989,-0.3610863472288948,81516269.58563232,0.19170037508035587,1396.2009278392459,57.39291763362616,113.36702701357832,-4.804547739546117,5.764722528191513,2.459096895990592,0.3967857182129389,1.1922412746936055,1.9491297708480055,1.0295944737821756,0.5681378981588212,0.5241439134295856,0.9860960446748632,0.9204840762054598,-0.05689643529381179,0.48074242939175754,0.4817900371808961,7.521026970005758,0.04513676556442852,4.965032306609472,0.41721874034427453,0.0921066260996719,15.042053940011517,3.2882023737012913,2.055954856045526,1304.9260406214003,0.18007223105221268,2.567254123214185,57.88907567676999,2.053773079085711,119.64043432372695,0.04284927816439073,0.022671597021094777,3.6598476981540853,4708.9748981458915,0.647602638413027,0.7796819144710709,0.3978136101002517,0.8316422638780759,48.04136870582857,0.01939098869941371,80.13649851632047,0.1188968820716921,7.568247056855303,56.589020771513354,21153.210682492583,1248537.0712166172,377.6234363070417,0.04025048867856562,270.8516320474777,0.4018570208419551,0.6591698121886844,37.9905653008329,0.02682200290306425,5.219167178026381,0.07250430292598967,20962.983560654753,6.1269094076421915,773.5656196213425,0.08321489023465388,11.142384959681364,1782.046686746988,2.3150352362239714,58.04023235800344,56.41200516351119,3319.1611445783133,1.0571049758595792,0.02192100916264605,0.0882222397471964,5.058110922513078,0.0029775207766795982,10.027700304034298,0.0007895843990658722,64.14839116965187,0.02573584274992765,0.05332196214669613
C3N-00302,1,58.95140314852841,male,G3,PANCREAS1,Pancreatic lesion 1,3.965023,unspecified,KLP/JB/M/3D,0.74025856306776,0.598785272830579,16.72025573720726,27.923625539698445,33.328761897629896,25.8679040409666,34.28530645582057,35.181929857194625,6809.539240264902,20.670702917659376,0.793446192088592,2189.668960907475,0.3215590488061118,6826.86146850586,3.0,62.0,21019122.0,1.9988147641901282,32.0,3.2122231392843297,133.0,18.54588976873669,31.994051602349618,32.0,-92.0,225.0,13.249364739796446,39.53322904815519,-0.08793554499681036,10669539.302819826,0.2913454700836073,539.2568610400914,33.70278652508314,21.169707689260022,-0.15708298608848975,2.6955704170970245,0.9299342923050425,0.4868121701567399,0.6821570277880962,1.4104429687714704,0.4590118967965528,0.6971386986170868,0.6835503168422827,0.9909767928052832,0.9398177598872945,-0.10881648947005909,0.5749761343886391,0.49338776650823013,5.7672637473993325,0.1026171609417448,3.7336883144933113,0.4943991845155266,0.18829321226340362,11.534527494798663,2.7543373929764696,0.9063761773505166,2161.058126856644,0.26564935720928,1.1190488660741107,35.064542095025686,4.043241623074939,136.5507825133528,0.1318886195985271,0.03340997879361911,3.678678010540457,3669.5330979915766,0.44790870584727094,0.6047861722633082,1.2637320829845196,0.6903661507181565,24.457135892134048,0.023476081151362037,57.271777003484324,0.1995532299772973,4.501523631463293,38.400696864111495,176046.17770034843,6030447.689895471,5414.075365640223,0.05530977718871779,74.43554006968641,0.25935728247277495,0.5162014290512016,19.312350257973673,0.03382631496065012,4.949653017968924,0.021339876570748754,173850.25932086102,6.027731444696945,776.3437430292215,0.05772501621155636,22.215538435170146,3918.305227154435,0.9391711489047104,34.55743921481151,149.35378095025652,4970.2742954866535,4.822292811052236,0.03292077861222452,0.028406420670615485,1.033093927023924,0.0013487522333323909,20.89529736259207,0.0006016170978518453,23.110164179497836,0.010559187687701534,0.027270835864705002
C3N-00303,0,65.95756331279945,male,G3,PANCREAS1,Pancreatic lesion 1,21.784037,contrast_unspecified,KONTRAST,0.7451611508820418,0.6348694700235141,28.309155774186415,44.59051365808771,51.156986421430865,54.05692071917016,39.29797795122848,55.315574376371764,13719.531593533442,33.22711847588204,0.17302932510480237,16017.34758381978,1.1674850175912266,14066.82681916557,-91.0,78.0,59600700.0,3.1354343904897775,116.0,1.9011440123484824,185.0,57.74087697337566,-19.172134341151718,-40.0,-137.0,322.0,46.90457642599208,68.14932884177934,0.4781942253155609,65331000.171514176,0.13172624037023598,4276.760286389807,37.74243278454636,1145.0990196850807,60.25460481947737,24.46881402252944,2.5239351222443642,0.8122533097958461,1.1456318795232243,1.9457738690042274,1.1567170808181795,0.5927911405314117,0.5538209224866103,0.987739529698583,0.9289100749491609,-0.24216056197121152,0.8708379060525229,0.46721700891154805,5.679294815941547,0.03590858260384416,5.500730148104411,0.8330847258897317,0.098659342555541,11.358589631883094,3.9820320131941527,6.748187286193451,1391.8405785603352,0.12612264536525783,6.916436231854319,40.85466896637578,1.8545866259510613,70.62662742321466,0.11092866901275718,0.057220092145474424,3.811334969013524,8816.653818740962,0.7715052818836174,0.8553249135342177,0.3339411004203944,0.8863193128126409,36.659268154892736,0.05035177524608922,189.65363735070576,0.10296071517410736,7.476325714036459,46.156351791530945,844.92888165038,17526.460912052116,68.03101902933628,0.06296166022667986,400.1454940282302,0.21723425300121074,0.4715875940988228,21.74702356068312,0.034022945397082734,6.362846421822465,0.14353619574534404,796.3914114620727,6.263800039360401,1585.4514922465519,0.12354488367852816,6.977818894975271,1690.4428426712382,6.904412423580505,40.01644198550612,29.650198706459907,968.3407620977168,1.962196003635091,0.057945549605735364,0.13311657762717932,5.952469049577944,0.008299477932208702,13.409219745041346,0.00102350910319856,56.45353223357251,0.04963301688850628,0.08739300189508604
C3N-00511,0,45.05133470225873,female,G2,PANCREAS1,Pancreatic lesion 1,25.2852,venous,Zylna,0.7830366133929754,0.6618147109209814,28.56572124138986,43.16271725304776,50.499354171758235,52.02707640855034,39.25546287849415,52.25716558393913,26225.01363615943,33.79798794266507,0.7207767677405441,5922.34668018086,0.22582816399435698,26295.831254072287,53.0,116.0,130750132.0,2.0564237003482786,34.0,3.6006369500094872,154.0,19.899708593353015,87.55883657562892,91.0,-55.0,209.0,14.239973098988596,91.02355811160719,-0.6705996428995622,217868538.59195724,0.2798373028977466,618.7382688194365,50.34046651362849,33.489785334161986,-3.5338891827158383,3.288052410846353,0.8760307591380927,0.5785628405653239,0.6500262566408697,1.3805991811704743,0.4471808112202285,0.7092092343165071,0.6973783200060365,0.991504476886303,0.942567809975331,-0.1549798530377839,0.6703650696814218,0.4833456617473716,7.052476149169629,0.10295424029798629,3.751606331598114,0.6073317773285776,0.17318470458085725,14.104952298339255,2.830172205029003,1.0410207924961112,2447.1811096918386,0.2602158429403708,1.2440195742313216,49.68578774783679,4.273374519308586,219.1448126233674,0.09085484990049932,0.022951712023828712,3.7620783236005524,4191.818209607618,0.440396245281228,0.5957212421948497,1.3601002499914403,0.6830728642588801,33.53199868771966,0.01620730794108939,88.20449438202247,0.1982123469258932,4.0517914404746875,46.57977528089888,144968.68988764044,7717093.148314606,2828.62686916121,0.03568698070156069,137.00898876404494,0.3078853680090898,0.5742735087057402,26.143368836268863,0.02249730170581419,4.974362643222484,0.02819846651036056,143711.0710970837,6.173761163131974,867.9250364362208,0.05499810128865223,24.507651830221736,4416.112477029339,1.0813040401977898,50.395855775933086,157.01647550852292,8165.385019960712,3.231503611844609,0.022139337044385986,0.033932655795619625,1.5869557979502709,0.0010863139215538335,20.07590202048514,0.0005176880128483837,24.61231969179703,0.01200432974707245,0.029551897352257626
C3N-00512,0,42.59822039698837,male,G2,PANCREAS1,Pancreatic lesion 1,7.170771,unspecified,,0.8211582004319304,0.6252610886962613,18.72922352747525,29.954244500529782,32.58835645690804,30.026615797488734,139.54445976103815,140.2005016541043,8893.623352050781,24.597173509353084,0.6587610576324979,3151.1956020393923,0.35432078437555575,8930.96923828125,2.0,92.0,34554867.0,2.5574358990832344,47.0,3.228255992513235,158.0,27.972225774425763,47.98124038954382,50.0,-200.0,358.0,19.57520790782452,59.51699230591192,-0.2992040453119662,31635925.59814453,0.19816942040525945,1240.0729438227872,110.73967328258111,113.58218516748997,-4.366034042561921,6.258507200496639,1.344650182600547,0.6448845117751145,0.8503339356916645,1.6035209807780981,0.6123746194672169,0.647354343087647,0.623576805628482,0.9941385687484173,0.9486193586444452,-0.16313880227491812,0.7353498721968393,0.5061566637821069,10.464758370850815,0.05691348330121282,4.595309189851511,0.6541677965897372,0.11770046028835099,20.92951674170163,3.3535582838718883,1.9007893457742968,1253.959841734453,0.18631032937111547,2.294473207911997,110.72400546095241,2.8694026460843824,320.27157417306415,0.027711460146402193,0.01005017952331407,3.9062140674999952,3641.0035942693767,0.5361265069348532,0.6899893545716201,0.7251923961964081,0.7569893859925003,83.65379324765095,0.00772197100761184,36.24375,0.11326171875,6.592880859375,114.428125,53007.021875,5927356.628125,489.98141136847397,0.014441650499441664,93.4625,0.2920703125,0.555150586664287,65.00117016626703,0.009371220379301973,5.482569924475032,0.032803690415171706,52077.72475585938,6.450676856361282,653.430343413634,0.06698414591631308,16.733219605606454,1933.142696053306,2.060149942163214,111.03833931317273,98.8218349564326,11104.847667862634,0.9266913353649519,0.009880367033761052,0.044400841333701146,4.983912390104483,0.0005796894059411092,6.574038964013272,0.0009637039941423665,42.87240339878309,0.018826382800780198,0.07680533768159195
C3N-00513,0,63.30184804928131,male,G3,PANCREAS1,Pancreatic lesion 1,3.781162,arterial,arterial,0.7624173178175213,0.5137990673259503,13.033567734689022,25.36705214846298,23.874858116806816,29.529910683915045,28.368090086508293,31.77558889015916,4242.911338806152,19.340279859968337,0.7475788424632338,1695.3905596089644,0.39958189653946535,4256.172180175781,31.0,91.0,63995147.0,2.099011939631578,32.0,206.00726963226123,1015.0,20.31245611292076,61.92651447930951,60.0,-27.0,1042.0,13.043852802435536,71.8480887592205,9.999730289606832,21970990.104675293,0.285120404474566,1327.2546627966967,25.604574219838565,5455.639831884465,111.8331186530315,5.555039730675442,1.645067547191402,0.537440020083077,0.8048128489852504,1.5599221872994895,0.9878459943090044,0.6684651447675066,0.6492887601773264,0.9991551603532881,0.9820714047145139,-0.09347446361163045,0.5440417752166158,0.4996701045786666,4.96255628531543,0.09494005831743774,3.948546308123035,0.7678373362966212,0.19134844014816701,9.925112570630858,2.8244320199874053,1.8000268194667106,2077.16403632513,0.2575097683708896,2.9951186615060865,28.57921789521162,3.3719593200121,86.69622112321039,0.15598402384746088,0.04785471836997694,3.632149997000881,4033.2943082898846,0.4953509962920673,0.6506536941319551,0.9551120559553057,0.7269435987738968,21.767101522197454,0.03523859888047284,60.887468030690535,0.1557224246309221,31.627383389695254,76.32225063938618,105846.18158567775,2567622.841432225,4655.340103176133,0.06357447332727896,99.61381074168798,0.25476677939050635,0.513044518809542,53.91227293807522,0.03161862633325803,5.696684495131241,0.03153988868274583,104840.91860989922,6.010698750500754,769.486408001936,0.062070372509634264,19.429183587384554,3534.6376542711946,2.199725714071251,27.20133903363717,121.09615229491006,2944.42518351214,5.508631816856481,0.04714590811456595,0.03687636574042952,2.3540318342299535,0.0020629078490426787,5.930586198586443,0.0006180831673420361,488.10298610408563,0.002757131507463249,2.7885341219174844
C3N-00518,0,69.71115674195757,male,G3,PANCREAS1,Pancreatic lesion 1,10.130494,contrast_unspecified,Contrast  3.0  B41s,0.8782662049446468,0.7680347250555298,21.91486636287591,28.53369209483521,32.27628834086256,32.85442842916654,33.18733706676768,34.84220596792668,10694.805413246155,25.060177469189988,0.7776782545741208,3018.5573204075745,0.28224518387860625,10733.798309326172,13.0,70.0,21773732.0,1.9445906786175355,30.0,2.9725661018441802,116.0,17.7397217714607,41.91209244737928,42.0,-45.0,161.0,12.729787098282085,47.39796913721774,-0.10802538096946529,24114202.20071411,0.30042085332662005,489.943985014978,17.541320498688215,13.473456008809137,-0.42147519976450126,2.115209876789323,1.3738177043672943,0.21261913156997908,0.8752403763637571,1.6078044662413409,0.6012742775553958,0.6372424911987905,0.6118992081553256,0.9740491009363292,0.8972362732868444,-0.02467196569710201,0.26203118674749526,0.5143710827871977,4.166036052465996,0.09306310733330686,3.845835832710539,0.219809356111092,0.17350280996274822,8.332072104931992,2.5811969601182048,0.8722568952891545,1862.2491225381714,0.2761169721720863,1.0056350921051092,18.726601385377048,2.7697091080547485,50.36562089208903,0.1844260449855371,0.0712571148348593,3.2752122484155426,3679.252294353592,0.5434703631097708,0.6959744753801707,0.689972240528587,0.7638254686091692,14.455332819178043,0.055890879607281146,125.30845771144278,0.31171258137174823,3.669742085591941,22.902985074626866,66829.2487562189,1224722.6268656717,3981.656652212295,0.12583075269908958,128.91542288557213,0.3206851315561496,0.5855471605040611,13.272727955727783,0.08172102487634034,4.275800155357321,0.041477507222451505,66247.98304497413,5.606415107907022,685.4085843995048,0.07071900375562368,15.099660462594588,2911.678910441601,0.8695892081134007,18.49711101939744,94.39269500619068,1678.7864217911679,5.993501307972632,0.06916033854042372,0.049698708300692875,1.0495816243808114,0.005383418860036582,44.14575078036159,0.0006723881187441341,13.358375140391866,0.027015490883566844,0.010868995028229252
C3N-00957,0,74.16563997262149,male,G2,PANCREAS1,Pancreatic lesion 1,55.221836,venous,PANCREAS Venous 3.0  I40f  1,0.6340680105572597,0.5645733040771528,36.40351983470948,64.47970453405408,76.17718340877882,57.621960375671016,62.81959917175608,80.96142337678675,52815.07824039459,40.88451797522759,0.6027667332273736,11293.801074623389,0.21383668169946102,52953.38734817505,20.0,90.0,146284476.0,2.3601006770822623,34.0,78.00295680128764,967.0,24.012864550186833,57.29416869721953,58.0,-112.0,1079.0,14.538210752775756,69.87719506820868,4.942899016733673,258561985.4018097,0.25223492099861594,1600.200623895037,63.554630570774584,4807.679264186872,116.48615209630557,7.9086560937908255,2.5225836337301115,0.5171885935628016,0.949574428478174,1.7428322824183566,1.601609111590632,0.6423595416678819,0.617318162911277,0.9987649842921603,0.9795499395677523,-0.09824285352262965,0.5693621447105505,0.49319473626540156,7.887171680815062,0.08128586854541721,4.359636488016929,0.5882158725644149,0.17823555385351958,15.774343361630129,3.0742865192552906,2.6078099318802352,4523.445604482245,0.2217100545687232,3.4574707305531094,64.2350160386579,3.065915621247684,193.4907913710445,0.05427670078799858,0.019174628139460345,3.804105563865473,11058.310423773422,0.5366512141293643,0.6808638472579192,0.8554088242207096,0.7576287796320398,49.115700081709925,0.014953121778206417,159.23573017049665,0.11803982962972324,23.645715108410208,95.07264640474426,153822.2038547072,9594407.273535952,2528.5361463025815,0.027500084402857554,425.4269829503336,0.3153647019646654,0.5808663857202251,61.62374644761722,0.01570957922902451,5.988038006078393,0.04502820521379218,153328.99515716278,6.221567815287953,1796.717347040956,0.0599725407069981,20.65014615627639,7556.705998197536,2.6449634643764246,63.663072866250545,107.09439567408792,6730.09419540038,1.791242288456847,0.01852694806804269,0.05334993782304305,4.540811496699629,0.0012991193924810599,7.667025850305703,0.0002541154265648448,664.7687119683513,0.002725621154803088,1.0585514988407834
C3N-01165,1,63.134839151266256,female,G2,PANCREAS1,Pancreatic lesion 1,3.938295,venous,F.ZYLNA  1.5  I41s  3,0.8351734348486846,0.6099517747049451,10.123527520104904,16.597258898053056,16.571994643666965,18.338665996528388,17.634881029671394,19.077941443757638,1666.2006889343272,13.861589722959865,0.8407617628474513,808.4057219930289,0.4851790827850822,1677.4667907714843,41.0,89.0,14440810.0,1.7105095776853236,24.0,3.2517674696093826,141.0,14.661665625306588,65.31375678263645,66.0,-10.0,151.0,10.44069548342585,67.89152742199155,-0.14546186212117354,7731879.734069823,0.3573427193954495,343.37267062964196,16.75053355459031,8.69764379923445,-0.3091593250195595,1.6980870896797742,0.7584885468096546,0.3823503224216023,0.6050744329592402,1.3061151955506587,0.3888385401302843,0.7220286891733588,0.7127998596844605,0.9852230210713392,0.9264628986858322,-0.07523773245851416,0.45659782836601026,0.48028043681566623,4.063908486844174,0.14439367771366257,3.2603383955337373,0.38836739855003183,0.28367781459155805,8.12781697368835,2.419850249242838,0.6141439091223571,592.4771276773862,0.31811179640142845,0.7663708827951687,18.207488276397193,4.176432453377067,71.58957322917855,0.27672910663617595,0.06787603849864926,3.416395916408404,813.3743794233077,0.43315249172595094,0.5942448869355986,1.282560516217423,0.6777321426566799,12.640444985939748,0.046616141441136946,27.333333333333332,0.37962962962962965,2.865547839506173,24.51388888888889,48114.15277777778,843908.0138888889,2939.8673529226503,0.09155273683547492,23.166666666666668,0.32175925925925924,0.5853969042464199,15.625532144151562,0.04791845651391682,3.68426986050279,0.02298116820938398,46220.6942515432,5.70487419070938,174.11139482923716,0.05557337849640509,24.206042795365665,1119.5547398659432,0.6284596017661114,17.71624640919247,157.60006383657836,2630.2173635493136,10.351843082163178,0.06703310093055202,0.03043678842943786,0.6854744508753361,0.0023654130050852107,11.368278193082686,0.0023720256329706558,10.046484518660964,0.014014171305672184,0.0443373545913275
C3N-01166,0,62.67488021902806,female,G2,PANCREAS1,Pancreatic lesion 1,23.012619,contrast_unspecified,Abdomen +K1  1.0  B20f,0.8760274284843521,0.6490345498183779,24.240564031656426,37.34864968042112,39.520620500349764,43.71115197843102,42.34542606879465,44.29845418880964,20940.382825533856,32.71844153690223,0.723233531091677,5079.979770463727,0.24259249760560275,20966.216308212282,25.0,91.0,190527584.0,2.1669216574984254,35.0,3.34629076157612,220.0,20.754964549392128,58.04866097108891,58.0,-92.0,312.0,14.492714984020395,63.71200408391213,-0.07212164024952716,85106473.33287354,0.26236716796441634,689.5724238520152,47.39576111686279,34.44230735976711,-0.23517152668639532,3.2279455042951186,1.3684215332568548,0.40412831401496124,0.865715399115958,1.6087286843548665,0.6102755813130527,0.6414739012757791,0.616852996202221,0.9921032016807391,0.9404852471708287,-0.06770592876139965,0.4762671725041566,0.5112014361781215,6.850611428161368,0.07824000422547722,4.146078700944733,0.4144654168776865,0.15676146822290732,13.701222856322737,2.8877845630720973,1.1490917593879935,7596.795454724678,0.24102108152567012,1.3690673151071924,48.02784094003195,3.055818466892272,146.7536429827499,0.06955825073699835,0.023808706988622672,3.5992685576776187,16362.132906384662,0.5165662398742076,0.6716416932025087,0.8169227998970535,0.7441135768875663,35.75207338821643,0.01801801160316882,248.0,0.1949685534591195,5.398005789921284,50.463050314465406,431062.79323899373,20585472.970125787,9386.797744178302,0.03506493153117657,350.8474842767296,0.2758234939282465,0.5381779331934439,27.01297512397458,0.020579797218110846,5.235469333688075,0.02710015552762213,429701.17163519544,5.954574454945663,3253.325841020943,0.06931260713341166,15.66233229790462,12314.727762745808,1.1847312168710324,48.016660630206445,106.62272833798495,5125.56055989944,2.3572865920127595,0.02334948956525701,0.03633979431600491,1.7831251050345176,0.0011119139150709916,46.34811309722701,0.00016565539036916688,48.12960790505818,0.009272834560610727,0.01379999088795848
C3N-01167,0,77.06776180698152,female,G2,PANCREAS1,Pancreatic lesion 1,11.216485,contrast_unspecified,Abdomen +K2  5.0  B30f,0.8831282682443653,0.6787072713894582,21.07906394107867,31.057666286564665,38.102657387641614,35.630920560659106,37.36475612124345,38.83378039799885,11725.171875,27.42790304336526,0.730985263456342,3414.4570001194556,0.2912074156797344,11813.34375,30.0,83.0,17387743.0,1.8840791032068653,26.0,3.485646481118003,126.0,16.541585423808918,57.203556888793656,59.0,-26.0,152.0,11.164553280644943,61.03833884253834,-0.39579583869263774,44012724.46875,0.327277963723152,453.4318879270722,23.59016632630949,13.09664379201732,-0.8633570966195019,1.9439503530510114,0.9487575064613917,0.3357549455024709,0.6822480881610322,1.4133478431820687,0.4706317555159262,0.6992808107839803,0.6852702398842053,0.9858928871888362,0.9270531059938711,-0.07227120774552748,0.40500217503697755,0.48516041853320213,4.8312700062541705,0.13248236025826896,3.463428748819533,0.35124482825387526,0.27321687450114623,9.662540012508341,2.4973965238278595,0.7231769648781008,854.8938446355229,0.28239712049095017,1.0037939382375325,23.89068627587287,3.730969923562021,89.39365888465325,0.1764451014934711,0.05238667194272822,3.410317931288072,1551.3681115464171,0.49833921927557967,0.6480196469482948,1.1384436377597413,0.7249025739174838,17.266907122722678,0.039590814052514384,29.929936305732483,0.1906365369791878,3.2835409144387198,24.49044585987261,42003.891719745225,1020671.949044586,1807.7556618661267,0.08972977779222092,40.33757961783439,0.25692725871232097,0.5189631828794812,12.654332988017575,0.05219216426877698,4.903556988420818,0.03364045425326762,41120.24982757921,5.821309978321257,259.54596100278553,0.05561301928493369,24.504799046540295,1527.4062566959503,0.8147838226437865,23.929719305763875,127.55753160488537,3069.7917291622025,5.66667270881283,0.05002470942308786,0.04139296549699101,0.9857627595346647,0.0032155586009750153,12.302495716228004,0.0016205334739009486,14.708485927808875,0.01528821308749928,0.040193608222282275
C3N-01375,1,70.89664613278576,female,G2,PANCREAS1,Pancreatic lesion 1,2.606706,unspecified,,0.8317977357278379,0.6525101880849254,13.512508144757254,20.70850140197133,24.804488958157844,21.828661730478096,22.73382093483557,25.191025467901675,931.1636747738512,17.225284576476508,0.226236692247842,2038.3171837226773,2.1889998922237996,963.755547232976,-961.0,91.0,365058085.0,2.509723312579833,41.0,5.005955741170877,117.0,256.24153427335335,-81.42233194075199,69.0,-996.0,1113.0,108.6416413388238,372.35359916413097,-1.991949563827084,133622010.81693782,0.2484843904003194,132017.60667181233,1366.758574042472,3401316.1724755685,-44525.213293880006,1236.651939430075,1.101659668513324,0.9981975494717782,0.6376040279500034,1.3755585680031335,0.6779112739543973,0.724034141060367,0.7129372508345249,0.999468170859195,0.9863314540018125,-0.4544991992106667,0.9571457147993148,0.45635823859195057,32.34261356472234,0.08583689243656092,4.267051842256517,0.9999999999981235,0.18331509151041303,64.6852271294447,3.4969375306080015,309.4383997746471,511.6160512448318,0.24316497832326744,197.74244417323965,1618.300425307807,3.302287287402675,5288.044629776317,0.18787771541828235,0.056264909065122284,3.436030617059627,1531.6502906069825,0.681547379467813,0.7796605217797775,1.015562433935247,0.8241124160193796,1353.5351261486644,0.04146425073154788,31.94054054054054,0.17265157048940832,228.40660336011686,1548.6486486486488,2591.2918918918917,4515767.778378379,61.5822428273428,0.03894101129292926,37.75675675675676,0.20409057706355005,0.4577711397531554,694.787072122719,0.00720432609902425,5.494311881249738,0.07026205848841625,2388.7297589481377,5.86526835040114,241.22180022787694,0.09161481208806568,11.861140172305435,654.259399924041,211.1376624568043,1600.2214204329662,57.138245347512346,80960.83516900873,5.177088942277138,0.06003295435686405,0.07215986145481111,114.85672079126405,0.0024331485738954134,0.19973151924172625,0.004214266145766019,306.1403871523478,0.5433625384145634,25.311195172847164
C3N-01381,0,43.1047227926078,female,G2,PANCREAS1,Pancreatic lesion 1,2.523101,contrast_unspecified,+C Tetnicza,0.8013762326535372,0.7046985633653051,14.124204390064854,20.042902205752164,22.023539417355263,22.285165000000003,23.359865589457193,24.039083351064782,2673.5594143537114,16.06190546108894,0.667665286017409,1395.2495395813853,0.5218696588864339,2702.0648812650657,46.0,114.0,18804167.0,2.10580506965229,36.0,2.502634362125561,167.0,20.778900933035207,80.06339084771193,80.0,13.0,154.0,15.39164399810692,83.98408156602727,0.04690122528376523,19058544.363144584,0.2610058928835735,643.1794024556402,13.730085597937993,27.27476322403951,0.47954567832931205,3.257264860826907,1.0133547982952522,0.5250698909002415,0.7261029494442478,1.4386468260519505,0.47522721066497053,0.6816243056390658,0.6656185162434329,0.980531353800803,0.9131186677437029,-0.12540054544661866,0.6131110329187427,0.5045871021209526,3.6287522413267252,0.08588045495801773,3.9109188416565996,0.5296627294553997,0.14833656719929758,7.257504482653451,2.8821796346821715,1.0676549147805396,463.5888580702545,0.2505658393161828,1.1935699105922888,15.468507209330149,2.975074913325417,42.55393076567001,0.29341256550704375,0.10023345064555236,3.415060867949433,1023.0031608171981,0.5402739190348282,0.6930578798545791,0.7489891241129834,0.7547361756652656,11.987012624297718,0.07629199446632108,21.542056074766354,0.20132762686697528,3.423006376102716,20.953271028037385,15490.224299065421,223159.51401869158,1265.9314455252506,0.1784641956471062,29.242990654205606,0.2732989780766879,0.536663487993938,11.783367643514556,0.10731547082947096,4.72156842220059,0.04013503375843961,14869.422831688356,6.02459955970601,172.42235558889723,0.06467455198383242,18.134653318243288,695.8417104276069,1.0989932404331393,14.97224306076519,98.78394598649662,1312.894973743436,9.906139315441106,0.09946151929138747,0.04910949784723864,0.9328801226697582,0.007099871911136277,11.876335074071473,0.003111555021580724,10.560199167089936,0.02745670844496253,0.05179504152838875
C3N-01382,0,74.2943189596167,female,G3,PANCREAS1,Pancreatic lesion 1,9.470453,contrast_unspecified,Tk miekka 5.0 CE  I Faza,0.7344432844368558,0.5905078859723768,19.808314951699867,33.544539238594474,40.503857840951405,29.977117940188982,40.188626811574444,41.41407641128799,10744.13963541703,24.636561573314314,0.7151753673392061,3292.4511450926952,0.30644158181260456,10842.478875,39.0,104.0,20193558.0,2.2148953260419773,32.5,9.783574540094362,309.0,21.27594810488041,69.75959079283888,67.0,-65.0,374.0,13.832625170287615,75.75246852504895,0.9558742375317208,62218876.39275,0.2735934937211311,872.0359800542032,40.5759091511521,133.71380620266353,6.3043650027281,3.907049451210897,1.5470965295807395,0.42551144103357996,0.8320437519727922,1.6096625709246706,0.795535962387352,0.6689686024661898,0.6468985088644336,0.9941985846096878,0.9531944857546975,-0.1318045749781038,0.5576807129402771,0.46994378887752636,6.323436511211795,0.09943408590288261,4.021988341176963,0.49288661809241074,0.21525505272793427,12.64687302242359,2.902727016914507,1.3635364951979092,599.1051342538957,0.243318060865502,1.804503947640402,42.05623122772207,3.8399215958386796,155.11083587672056,0.10758609972975723,0.02993734468396124,3.591566064956321,1426.6736248066143,0.5465643660195268,0.6937722692198395,1.2025855391422722,0.7486947307320817,31.979948187705133,0.022893898577396415,16.097744360902254,0.12103567188648312,7.982927242919329,56.35338345864662,22839.872180451126,889065.9398496241,606.7668490632617,0.043311459317064385,27.360902255639097,0.2057210695912714,0.455474637242172,27.774256176246602,0.018123460249790578,5.712542304213256,0.037794828076158,22139.812199672113,6.01239082789161,229.89570900824097,0.065329840582052,18.17530474965561,962.7755044046604,1.4654449628012944,41.32139812446718,98.49133276499005,3868.3546462063086,2.6790818965907253,0.029118449178136076,0.044300726439812685,2.238855559396532,0.0015986098591808128,2.7676215854073636,0.002310453653776039,72.70824181441559,0.0070346880817646375,0.4340811453620927
C3N-01383,0,80.53935660506502,female,G2,PANCREAS1,Pancreatic lesion 1,3.816202,unspecified,Vol. T miekka FC02,0.851151086216291,0.6953637335002516,15.684936614069992,22.556449032964007,24.60589360295618,28.408625450732387,23.549475747880248,29.776104513518884,4343.370643200031,19.19894609558972,0.7416936431672697,1735.7113182179037,0.3996231178049077,4362.7848447999995,-16.0,77.0,19124144.0,2.6863430953414595,48.0,23.885393881415208,664.0,30.383837510001637,32.44674642544499,34.0,-165.0,829.0,20.539101275366217,52.82250009137321,1.4356439707188469,12173114.329292797,0.19016663276377901,1737.4251623059947,79.0465506045447,972.3414460249,16.96776826641003,8.359152088294914,1.904742231318973,0.627234530528119,0.9489718963251815,1.7691495240343105,0.9944997672338631,0.6341938960412825,0.6052605240033784,0.9983892178027537,0.9735912145512877,-0.15640795147393646,0.7405389510192074,0.4813769979001084,8.79959360113187,0.05247416207090882,4.861633312100544,0.6879015792026758,0.10951505766475196,17.59918720226374,3.4833360642916897,2.5659735799034724,821.3111309843075,0.17431297474673976,3.453786508426688,81.42318496546426,2.909040731791352,231.77690343509585,0.041883982837892894,0.015402242610342716,4.0689255334491,2556.9961894344424,0.5403620495310709,0.6872236313438531,0.768546068366558,0.7622351742257314,62.580250147566446,0.012058465148102633,38.64420485175202,0.10416227722844211,15.633873627770793,101.05929919137466,21343.978436657682,1717464.4528301887,276.80461067402484,0.025220441993605836,147.81401617250674,0.3984205287668645,0.6558775202035714,69.30817984523999,0.01851321009994744,5.421322938038973,0.054128975780566094,21002.67522031953,6.637419392537003,413.37058651882114,0.06031085300829021,20.81795154069679,1303.4021009629414,2.8655601354492024,80.6623869273417,104.21476510067114,8216.314560840385,1.4333772371208688,0.014942498800576607,0.06327134650559718,6.055735930864737,0.0014435747859440182,1.9247588391821633,0.0015355475987280682,229.2723165417385,0.006468252558066126,1.3089793711961166
C3N-01502,0,75.35112936344969,male,G2,PANCREAS1,Pancreatic lesion 1,20.070631,unspecified,,0.7221303570975155,0.6488590568927294,27.83721588150506,42.90179136099684,39.483686337732024,41.84683423573375,51.47153749311864,52.21621502533735,25097.820460796356,30.980685915639754,0.7031150899902349,5895.876501140271,0.23491587687264834,25216.41969680786,37.0,119.0,87426952.0,2.482735609543355,43.0,3.883563299184817,225.0,25.937928080537738,77.81687023526518,79.0,-102.0,327.0,17.820684841018203,84.65654755261495,-0.3070459604666529,180719297.8477478,0.2136236173249067,1111.265750316057,75.25678567262221,67.50537956080134,-1.6661059715380213,4.287895985645957,2.5950875239471833,0.24397597668632226,1.2309718668915228,1.9797261952308283,1.070870413547192,0.5599825589964877,0.5138737409941457,0.9888702365848285,0.9277829168684764,-0.025199073098096034,0.30785468048986986,0.4782282177622619,8.650638832924011,0.050404441970654454,4.797329053847236,0.2654817394246988,0.09388219375393542,17.30127766584802,3.083214936954712,1.720745877398285,1896.8766154127627,0.19926492816021926,2.0978655137493947,76.48218086136833,2.0439497052761397,155.89937878622615,0.029637859466690255,0.01512336775897042,3.507441902361814,6190.955974654456,0.6485217530885763,0.7803603069608482,0.3924554539463365,0.8323427828987879,63.66288042674195,0.012785460380335852,133.2511111111111,0.1480567901234568,6.9251555555555555,73.29333333333334,31175.94777777778,2380761.81,421.2280375040417,0.023192627494975148,342.8511111111111,0.38094567901234566,0.6410757207069584,47.10800560186522,0.0161233906611541,5.0669606410284125,0.07377653906057874,30992.22481358025,5.88551468285747,1018.347979342569,0.08347798830580942,10.803224118955109,2605.994507746537,1.8670212002839677,76.4283137962128,55.83580621362407,4237.723665874252,0.7722671892010148,0.01485787745859781,0.08799095379268088,6.600595052195306,0.0018207737531419493,9.825160041499156,0.0005456333250313095,94.15835072074904,0.01612764685354666,0.05676696385045599
C3N-01714,0,63.41683778234086,male,G2,PANCREAS1,Pancreatic lesion 1,6.311872,unspecified,,0.48696942468546994,0.39524742498090454,15.111724846902128,38.23358203442366,39.308394161269476,37.66823333766605,21.66971301247638,41.60779313669184,3374.711289356246,18.618585446968012,0.26025924903899944,4180.571944561431,1.2387939548330695,3497.5336582914083,37.0,117.0,30189224.0,2.461390928120199,36.0,4.8509189216327275,185.0,25.011814472388263,79.12177121771218,81.0,-110.0,295.0,15.492466893079879,86.17785893275432,-0.6534878659110406,25974865.204845954,0.23452555263560015,1166.368689605715,76.59333397692268,127.95745523400291,-10.419049870442874,4.6915980445489565,1.4199000449555577,0.5134892578765228,0.8717591189869563,1.6330093968133317,0.6502804868607571,0.6427714306686572,0.6179145688389528,0.9918303831249238,0.9402430295937318,-0.12430943360754558,0.6280150499229804,0.5049975187127035,8.704891029869579,0.08777549435768102,4.201615543058258,0.6478449422140292,0.19804277015128433,17.409782059739157,2.9601335697635127,1.527874522376129,756.3020524542974,0.22089250158105897,2.1000850070286794,77.33724490230439,1.9187360722662616,148.92227069876165,0.028234562808267066,0.015379479192798511,3.2197488267103136,2618.6564398926716,0.7394930449165371,0.8388873119500426,0.35033367055676573,0.8712864035965043,67.35957347892565,0.013542023570073149,82.25714285714285,0.15668027210884353,3.8652154195011343,76.19619047619048,798.504761904762,63718.41142857143,10.255439409571741,0.019656817712005777,111.25904761904762,0.2119219954648526,0.46597476142248234,35.24011539315469,0.010776943210087665,5.779375932915981,0.12915129151291513,738.552925170068,5.637340074350508,448.8720787207872,0.11042363560166966,7.608585939733935,953.3463714637146,1.9614003077300148,77.4140221402214,34.533579335793355,2690.9771217712178,0.47581476722647303,0.015146530378837482,0.11777389640567393,9.004212435816989,0.002272890979981901,2.955916077663916,0.002155701461506033,47.33930635255612,0.01472971405700653,0.2053370370439926
C3N-01715,1,61.69472963723477,female,G3,PANCREAS1,Pancreatic lesion 1,191.211302,unspecified,,0.8955664876756652,0.7492382433655369,56.58380805376803,75.52178303071756,82.90927996526942,90.90096515533233,80.69463461712532,92.46380668625933,201192.48335788798,67.63477797182337,0.7525134243648601,22065.361152534144,0.10967289028031696,201255.3243978673,32.0,107.0,1998466875.0,2.3060839020590738,40.0,2.974433350746888,196.0,23.464348402363022,67.57929765822767,66.0,-68.0,264.0,16.69352960389833,73.63601088384462,0.18803532106020066,1091259117.6814992,0.23482921133735574,855.3006269063474,39.97494126653513,70.01602240477624,2.292510939428222,4.934790203893225,0.764936032334171,0.7315830057078127,0.5943846635450328,1.2889402508051364,0.39155791461214534,0.7297246995311837,0.7198205673256551,0.9938111120758714,0.9515441984347964,-0.2627816462267182,0.8142784189887025,0.4590997645124408,6.23958903897311,0.08919456197121994,3.981917692638902,0.7382854222185545,0.17562130124957764,12.479178077946223,3.149294327136691,1.4249315590568494,42723.77124309154,0.2188099100001558,1.6528656886882507,40.48579261685048,8.807328512488441,348.8967471858205,0.25377272404591117,0.0299319235682867,4.304106373019327,78429.2988880301,0.3837460029747289,0.5289179234920444,3.473590584538537,0.620277729825585,25.231164985272684,0.018940996529243515,366.2619324796275,0.14212725358153958,4.92579005136179,39.11447419480015,11504563.404346138,438256055.661234,323501.8700067184,0.05057777361900836,290.51804423748547,0.11273498030170176,0.30684254556769014,10.87741519148504,0.01896016526473736,6.945025155814818,0.006991944476852242,11484108.188895259,6.666936410781805,18730.87425352785,0.05082081210072484,28.565208372293444,86550.29793497518,1.450158688410882,40.172394707068186,204.07826256827116,8043.615491891569,5.855673357015893,0.029327246105811042,0.016026571075155444,0.6441703948734061,0.000583380280666785,411.24846600207366,2.7565057718054983e-05,25.006958819827215,0.012083228819222202,0.0014978383557445244
C3N-02010,0,62.26420260095825,female,G3,PANCREAS1,Pancreatic lesion 1,0.743776,unspecified,,0.6176022138308196,0.4115241071965484,8.813885359316942,21.417664737456885,23.71189377190274,15.811388300841896,21.877232028983922,24.946505266269263,1710.6298828125,13.227597156939652,0.7500816153214602,922.1742117156201,0.5390845915771357,1746.7734375,25.0,75.0,2643937.0,1.8498972938630958,28.0,10.119368288194657,229.0,16.634704675521,50.0578231292517,50.0,-49.0,278.0,11.50351910370583,54.75089951528127,0.943060112311015,5236234.60546875,0.3327240193129406,491.87534129297984,20.79521829897451,28.8625705568517,1.7947007670284223,2.0781100950905116,1.0781944666621182,0.3152844920446087,0.7125488279751047,1.474891292563177,0.563155579571003,0.6931878275698572,0.6781967574093668,0.9927840222676301,0.9470725943446034,-0.07168437708445506,0.45197599789196174,0.48654443772659756,4.532668188768609,0.1268814480355633,3.4777843307282197,0.38721836720498576,0.20259711235560246,9.065336377537218,2.5003588255893194,0.7890761404381573,191.38587261571092,0.3030827438893423,1.0455837876614351,21.65127276072242,2.89898619745094,60.84403429562515,0.16079432426888587,0.060001265978520096,3.1082847827437514,362.4392982005446,0.5618274878998727,0.7126286412000697,0.7595731872722938,0.7722161484031198,16.92040781215495,0.04769911985516831,12.0,0.20689655172413793,3.944411414982164,25.775862068965516,3996.137931034483,82366.31034482758,205.128892931534,0.08697486881087045,16.24137931034483,0.2800237812128419,0.5269963654868338,15.075399397426088,0.04116320761515031,4.422168282026812,0.06575963718820861,3764.8882282996437,5.597682012415282,57.39229024943311,0.06507062386557042,19.255999300702896,293.4625850340136,0.8637090512697898,21.369614512471657,91.02494331065759,1891.6984126984128,4.728513321816927,0.05798895075582933,0.06726979299760111,1.718489543789914,0.005101830731753871,1.9154076495700256,0.008036237174119797,27.18771492768869,0.010340499932134416,0.5322855465365357
C3N-02592,1,63.841204654346335,female,G2,PANCREAS1,Pancreatic lesion 1,9.224042,contrast_unspecified,po iv tetnicza,0.453988971419481,0.42958888808216256,18.930952164767902,44.06760204921128,44.321446558071635,41.199258564323706,23.8878605742017,45.339733195619935,10047.257995605469,20.00620532724444,0.6851686272522297,3286.3843837648724,0.327092664008657,10090.458984375,-7.0,90.0,38682149.0,2.7709439909652143,49.0,123.01596533124926,1467.0,31.982842527819173,41.4192274861289,42.0,-421.0,1888.0,20.61837424423978,64.24497386307092,4.147883494657892,41647528.58642578,0.1837195556582944,2411.8642611189716,367.5511975735763,3185.788040827022,25.718624552968496,8.827151500110073,3.7181594213677847,0.3984797513892992,1.2844969139500113,2.0366891776158975,2.033376717161608,0.5608672108034054,0.5152349364711278,0.9993915400255791,0.9836745624141202,-0.08452244476996865,0.5651180262897924,0.472129530144634,19.138279265704043,0.04114093211479866,5.217465689057538,0.7732354268328971,0.08631228712753293,38.2765585314081,3.481204783054908,3.136327730369464,1248.3906854507816,0.1720459296589129,4.587201487328847,372.3988080965437,2.1233638648711635,786.6910846940518,0.006374907580753085,0.003240557417225821,3.827214908754996,4685.126869267867,0.6413303061094106,0.774155422042746,0.4283658317421063,0.8268497630692107,308.5152212457584,0.002753278338750702,54.76923076923077,0.09575040344271113,27.808523644187982,405.47202797202794,24195.178321678322,8909783.578671329,66.22189751828488,0.006868311915999874,177.4090909090909,0.3101557533375715,0.5766229966586973,248.4980515123903,0.004255009354108764,6.073792411598195,0.06103286384976526,23926.72270037655,6.286304316246426,784.7782757148955,0.08373647841601531,11.2324318002845,1721.8196756295347,3.92941337187496,371.58098591549293,58.456252667520275,21564.455719163467,0.16194980977748885,0.0031394601409268042,0.07501585656224263,29.97385765526617,0.0003997467825455494,1.0241554324405162,0.000852928261511252,718.9156034627295,0.005949081078721129,2.3638070497163977
C3N-02971,1,78.39835728952772,female,G1,PANCREAS1,Pancreatic lesion 1,19.150211,venous,VENOUS  3.0  B30f,0.9316325670540972,0.5938270779333534,25.667590693806293,43.22401528595674,47.32844498514518,51.685086877806505,52.33734000513856,53.132334339765066,24635.87565422058,40.26890031924141,0.5673250280165038,7217.124271953502,0.2929518062702624,24722.400283813477,20.0,95.0,61110091.0,2.3788979231001983,38.0,5.16635715583554,312.0,24.009990808833418,57.327254805322816,59.0,-100.0,412.0,15.784636245749814,65.59434831825227,-0.432611672926253,106371057.59925842,0.2362976607450187,1016.2043877817966,47.41488728194453,97.01052252105498,-3.4622430770890564,4.553697346757204,1.4976840501596564,0.498749418663041,0.8863014142643417,1.652710581517452,0.6948845151631229,0.6409324129506241,0.6155331925087271,0.994922917280669,0.9524741006628099,-0.10694501162090314,0.5854196944654929,0.5025162150159773,6.830142336099839,0.07276750944403615,4.363240203178184,0.5303482272125287,0.1558030347485548,13.660284672199682,3.0959150189380553,1.5128453492292153,2170.0787313997794,0.2156849038079901,1.9654418040122188,47.99575816661998,2.778200970753027,133.76395004074013,0.06891607643766165,0.027633193481906033,3.684152816786738,5754.641850118219,0.5627819658324131,0.7084256305547582,0.7017309796267026,0.7735890298439428,37.01115146999259,0.022264955512663245,77.80204778156997,0.1327679996272525,6.758506214399702,48.9419795221843,69819.89931740615,3354544.8976109214,1513.6760021997475,0.05098276827837662,175.69965870307166,0.29982876911786976,0.5665645023511255,30.56327098162892,0.027130126555523777,5.566204372459137,0.04125888896711962,69232.4573873895,6.206433460326617,943.7001337745546,0.06644371849430084,17.436577963837927,3356.135675561501,1.6940751217662635,48.10237273815391,91.06899950714637,4396.387523762585,2.05548494763651,0.026375191544812906,0.052917934251413064,2.6169733269234396,0.0021047876039480187,9.770632720741567,0.0005686676074360355,93.89867085164211,0.00797370659870661,0.11398425102583354
C3N-02998,0,64.9801505817933,female,G2,PANCREAS1,Pancreatic lesion 1,1.009179,unspecified,,0.6493583732238946,0.4837150593108745,9.50738921911665,19.654937418449137,20.835948000000002,16.371102,21.477203603469263,21.477203603469263,720.5298116554685,12.763098187861585,0.3469922374878685,1120.122879029967,1.5545822822464554,763.9136674782967,-75.0,67.70000000000005,3272955.0,2.815696621865698,47.0,4.907748302540654,171.0,41.290653159947134,-23.574941451990632,-39.5,-117.0,288.0,22.972855240023446,61.90718859712497,1.539059058230705,2927699.130610572,0.19075956101333302,3276.722135535215,24.286865162301922,1759.9946327873495,130.17093066781936,17.932146654698215,2.2578479792581887,0.7753348994314431,1.091957133808322,1.8763790364228519,1.0525531777041361,0.5953042230877756,0.5592233053343868,0.985333369116356,0.9218132787995521,-0.19214374942205145,0.805334235242985,0.49374173125141424,4.5130161462324985,0.052931645941298844,5.031771597507664,0.8524487308258857,0.11299392975761686,9.026032292464997,3.558853454855319,5.0474986584891015,145.65837992246924,0.18468682714166876,5.388263584760939,26.710193253727134,1.4331687463716618,36.66193740745888,0.12492977385356893,0.08904755446598818,3.176722713692402,703.9534077812185,0.8722460208242331,0.9174923437218518,0.16401248126730814,0.9361309174519431,25.168427233185266,0.08373709018547075,29.391666666666666,0.12246527777777778,6.827760416666667,33.479166666666664,46.666666666666664,843.5041666666667,3.961812587948083,0.1024528659763824,65.56666666666666,0.27319444444444446,0.5316452911584774,19.2581830357728,0.06253685401555106,5.413473526176679,0.2810304449648712,34.00493055555556,5.090599596593854,163.0608899297424,0.1909378102221808,2.17798046388671,162.9086651053864,5.32638938402558,26.385245901639344,12.070257611241217,282.6873536299766,1.0016128189948454,0.08841353437547374,0.23774300742935736,7.690456163339652,0.024919255985837184,2.026888673451219,0.01023006421299046,46.653963800275186,0.05796631873360716,0.8175401376177802
C3N-03000,0,57.06776180698152,male,G3,PANCREAS1,Pancreatic lesion 1,47.853803,venous,ZYLNA F.,0.8266317678536435,0.5501655467381515,30.33265789813105,55.13369217314461,62.81449001772797,64.94126473224235,64.98983010181361,65.88694891104483,48105.25600954789,45.57526142938511,0.5381358989989111,11886.495945437691,0.24709349729016034,48133.484139923916,4.0,111.0,1155931002.0,2.8167850038114834,56.0,3.1861172453448474,275.0,33.36682635705732,58.01246953768433,59.0,-166.0,441.0,23.3214523401697,71.69718873357877,-0.16928474984326142,247429543.33926284,0.1670704576424357,1775.0402504376632,98.7331838308979,215.82966177549,-4.854693532682044,8.11952578381127,3.2843824606238865,0.4236676507627393,1.3936471733394618,2.108147378946019,1.3080674060296267,0.5319461787621225,0.47792020889673353,0.9911552221620276,0.9345449934901052,-0.06101924657757873,0.49684108277917594,0.4550809371645592,9.875441538545395,0.03223800051433145,5.429115113511407,0.4344201641055813,0.06531745223665598,19.750883077090787,3.5485681326570915,2.85097706110879,28048.27567519803,0.15929480020919892,3.1644665693820895,99.70644234973838,2.014216879754647,201.01957026082366,0.02278198548518489,0.011687196173204299,3.822510197089569,114497.01316664109,0.6482836131990137,0.7831585983435068,0.37436533182529924,0.8321244431180688,82.94364555742972,0.009828953776925152,1317.7273552368852,0.1195976906187044,10.344189170011441,102.09548012343438,680543.6959520784,67887138.96986748,7097.785967161506,0.016254584327577076,3118.438373570521,0.2830312555427955,0.5459310063463775,56.11877191462712,0.009192182156672807,5.9300411606505925,0.04899763416760055,680127.1626028148,6.201300599065404,21656.252085668035,0.09630650908830085,8.42067470142081,37568.799669139225,2.9213304129040076,99.74210648024619,52.48207837486881,5247.725563441663,0.5687487107572672,0.011536497851983307,0.06535337439786222,6.579160334299933,0.0009260477148762712,110.41571086972928,3.619777921641755e-05,139.06893433103016,0.017609503403539745,0.005366557488862907
C3N-03426,1,68.42984257357973,female,G2,PANCREAS1,Pancreatic lesion 1,12.930106,unspecified,,0.6185106173238024,0.6106143936006858,22.43083314181325,36.73485816399212,42.780973524707335,42.780973524707335,28.020722370908285,43.21607940354445,5966.79929952092,22.720899800313088,0.2388479212347152,6660.757339883456,1.116303231519494,6132.368055862382,-88.0,127.0,74544088.0,2.979807651128369,120.0,10.474248090088247,162.0,71.73909875964591,54.04741315043984,92.0,-754.0,916.0,51.48264818648031,105.42471841989345,-1.9697102965692117,68157415.23849624,0.17051317685154066,8193.248385659484,1195.3461676979316,7202.61497965018,-277.8260349602503,26.823214789542224,1.2758205110165026,0.8840262035296897,0.6855612699615521,1.515336743147466,0.7792385484598714,0.7234078510583294,0.7067978244370097,0.9991274405056116,0.9827780350690788,-0.351341872731582,0.897525969747604,0.4078702330491035,34.47778597912018,0.08962150051781753,4.342971490865403,0.9259121362537921,0.20395601426110835,68.95557195824037,3.4812327104146847,7.0247588251396795,743.2377663080739,0.14751228670049352,15.109882024583316,1123.769975740928,4.031240007900243,4781.082520435963,0.003872438888998025,0.0012718445531042268,4.174521908169238,3298.789500927232,0.6119701588932667,0.7359131102980813,1.4263791210514087,0.7876288521973749,871.199032701409,0.0010842351588952843,30.743718592964825,0.07724552410292669,38.4707456882402,940.8844221105528,5076.550251256282,6309186.570351759,4.137330345906549,0.004563212955511769,73.65829145728644,0.18507108406353376,0.43594500956473925,373.95726603715514,0.0036914682442789623,6.778900196414179,0.05934098702847771,4792.568476806142,6.5875030477119445,475.8957805278068,0.07095508879197954,18.301928498826324,1143.6318771432832,13.161687031272045,1147.3357685999702,80.17996123453109,98417.49619800209,0.06708517415496268,0.001136941135440721,0.062178775143158886,60.99068843170442,0.00026047577041230305,0.22619930541204228,0.0023814713617590095,366.0863224118954,0.011410884947765374,6.015994408786786
C3N-03430,1,54.59000684462697,female,G2,PANCREAS1,Pancreatic lesion 1,16.354359,unspecified,,0.8120070415411716,0.7111048308959879,24.029822469083722,33.7922362850584,40.178670669675306,32.34206007813442,37.72376375289945,40.28251841274142,15644.048738479616,27.439533812890502,0.7714236098803271,3921.2449414700504,0.25065409901370206,15668.528366088864,23.0,86.0,111550763.0,2.0511673110877138,35.0,2.8297175448715928,230.0,19.73143365595447,55.98910108989101,57.0,-44.0,274.0,14.567257104905368,60.97529801460481,0.0699810111148812,58255384.27238463,0.273008452246133,583.2075271158349,22.93716015121914,30.659472501314312,0.016591945001786627,3.450928936504721,0.4965615770460763,0.7481643645751858,0.44357547869930464,1.1092896425484948,0.29614199861110485,0.7866565376864774,0.7834827785642019,0.996593155354031,0.966166268168696,-0.29924027088329264,0.8324194747347995,0.40066923618128747,4.711506149543037,0.12284013392906391,3.438898230781691,0.7548978230144994,0.2351573915051346,9.423012299086073,2.879062124179576,0.9868726283876994,3521.8618446372757,0.25572100540763304,1.1702549550337622,24.49184053774653,8.072697988591957,183.43564347375917,0.42788857191164087,0.05115205009130894,4.289381048908099,4325.653291202859,0.30804937211171823,0.4587900184340541,3.0412012066860856,0.5539062070669849,13.948542064398321,0.02848065757806353,48.5672131147541,0.1592367643106692,4.417801666218758,30.34426229508197,779282.7573770492,18230280.186885245,36968.782109645676,0.08017443416221005,69.82622950819672,0.22893845740392368,0.4833156339715716,14.653198519237433,0.045818630890429354,5.502470126071188,0.010165650101656501,769606.0037194304,6.427427506697736,1502.4804519548045,0.05007767396443037,30.306729020017592,8191.072592740726,1.0265648256581092,23.669799686697996,257.4556211045562,5816.287404592874,13.60117199322755,0.05164743621403285,0.014731044685796646,0.40351314867888843,0.0009897708193018983,31.983142011234417,0.0003755395156742141,26.243445979859235,0.005530386089116348,0.035942140238379945
C3N-03670,0,60.328542094455855,male,G2,PANCREAS1,Pancreatic lesion 1,4.648314,unspecified,,0.888298852701739,0.6071000737702915,14.956249287552176,24.63555834323811,28.71822399035421,28.34007634725362,26.241138815474603,29.102050121753663,5241.795902252197,21.88373821196517,0.7128991489043973,2046.960361946625,0.39050745204847165,5329.38606262207,45.0,116.0,13981759.0,2.2019081910659843,30.0,4.272602888503927,168.0,21.470579282213635,85.23944476576055,90.0,-40.0,208.0,13.475310255676614,89.92561349795943,-0.9161349038914655,43096698.40690613,0.27455935741832665,820.8530190092395,36.51935266693076,56.11442334097239,-5.447648792453308,3.440633339825123,0.912369222515326,0.5634977560635585,0.6516204369174309,1.3930751042448577,0.4729543782533634,0.71255536169462,0.6999227255720969,0.9892043109405684,0.9371102945167071,-0.16015948893824372,0.6446712011209252,0.46915953617704764,5.99053646055959,0.12231325952582515,3.7084652901991104,0.5911228181044037,0.2614068915291087,11.98107292111918,2.815869289286923,1.0882506405851124,268.71826247236675,0.23381214497618855,1.7414909844630864,36.14111321535422,3.7950626326231762,140.47872392415977,0.12213260977344263,0.03859357871613019,3.6836514362750497,617.4582296350102,0.5179305449910411,0.6620990345686703,1.1923556366926582,0.7364260769042914,26.246790968284003,0.03040827111502367,8.433333333333334,0.14055555555555554,5.509722222222223,31.35,12880.65,493179.2833333333,350.65864007254135,0.10154325974216846,10.7,0.17833333333333334,0.4106753214940279,12.458597465192684,0.06196774556423674,5.110649970428217,0.03470213996529786,12050.249722222221,6.17049676583,97.43609022556392,0.05635401401131516,27.87703453588815,474.7131289762869,1.4167812644571343,36.636784268363215,123.63157894736842,4684.744360902256,3.5227603087643815,0.035552719357991466,0.04249751361097171,1.4215833349612554,0.0034181250910065293,2.8099898068733244,0.0051708017335759795,17.61326111990074,0.019479368994864965,0.1883934889854005
