Feature,DataType,UniqueValues,MissingValues,InfiniteValues,Mean,Std,Min,Median,Max,Constant,NearConstant_95pct
original_shape_Elongation,float64,46,0,0,0.730401280781212,0.13416848069837187,0.3645154543781946,0.7451340860257403,0.9316325670540972,False,False
original_shape_Flatness,float64,46,0,0,0.5815416568318631,0.14167998327934417,0.0099606381788691,0.6102830841528155,0.8014543279085786,False,False
original_shape_LeastAxisLength,float64,46,0,0,20.8537457989969,9.013058811899517,0.7015072101661116,19.956005769378024,56.58380805376803,False,False
original_shape_MajorAxisLength,float64,46,0,0,36.90493071533452,13.477713136763025,15.348351371140645,36.86146034474741,75.52178303071756,False,False
original_shape_Maximum2DDiameterColumn,float64,46,0,0,39.89049505821551,14.016631424036378,16.571994643666965,39.50215341904089,82.90927996526942,False,False
original_shape_Maximum2DDiameterRow,float64,46,0,0,38.335827183222754,15.169182116245521,15.811388300841896,36.63590119289621,90.90096515533232,False,False
original_shape_Maximum2DDiameterSlice,float64,46,0,0,38.734680274995306,20.347544373729193,17.035701173460517,34.80845021816185,139.54445976103815,False,False
original_shape_Maximum3DDiameter,float64,46,0,0,46.0213840199127,21.06730264259376,18.93379594148168,42.70997122705363,140.2005016541043,False,False
original_shape_MeshVolume,float64,46,0,0,17985.488389570037,30418.243256346097,690.2846161025697,10371.031704425812,201192.483357888,False,False
original_shape_MinorAxisLength,float64,46,0,0,26.542642882015546,10.503585837818209,12.763098187861583,24.6168675413337,67.63477797182337,False,False
original_shape_Sphericity,float64,46,0,0,0.6449480145581802,0.1806292944511299,0.1063234442007911,0.7037401421211344,0.8407617628474513,False,False
original_shape_SurfaceArea,float64,46,0,0,4671.315328528356,4064.125131234502,808.4057219930289,3364.9579742790934,22065.361152534144,False,False
original_shape_SurfaceVolumeRatio,float64,46,0,0,0.5494897352675421,0.7959258290718438,0.1096728902803169,0.3243258564073844,5.146504494638232,False,False
original_shape_VoxelVolume,float64,46,0,0,18068.496301205174,30416.168459155473,763.9136674782967,10412.128646850586,201255.3243978673,False,False
original_firstorder_10Percentile,float64,40,0,0,-24.32608695652174,206.35299360807562,-976.0,25.0,74.0,False,False
original_firstorder_90Percentile,float64,32,0,0,97.08478260869566,18.247130275334367,62.0,92.0,146.0,False,False
original_firstorder_Energy,float64,46,0,0,144678748.60869566,334875635.6914656,2643937.0,47391427.5,1998466875.0,False,False
original_firstorder_Entropy,float64,46,0,0,2.3528543949213256,0.47276600047906303,1.430806472643871,2.3129034329725453,4.4061551017598095,False,False
original_firstorder_InterquartileRange,float64,31,0,0,61.27717391304348,138.17597705121528,20.0,36.5,969.5,False,False
original_firstorder_Kurtosis,float64,46,0,0,17.39914320240973,40.962375162659704,1.1673221742220234,3.5733121593209964,206.00726963226123,False,False
original_firstorder_Maximum,float64,42,0,0,319.1304347826087,402.50557532070434,116.0,174.5,2211.0,False,False
original_firstorder_MeanAbsoluteDeviation,float64,46,0,0,39.525256651349984,70.33960427272065,11.918707296598916,23.73716960559822,441.9961874048195,False,False
original_firstorder_Mean,float64,46,0,0,44.173779902316724,85.57546744403578,-482.96065573770494,59.878572752694964,99.07812298569034,False,False
original_firstorder_Median,float64,33,0,0,46.619565217391305,92.37178409874166,-538.0,60.5,101.0,False,False
original_firstorder_Minimum,float64,42,0,0,-132.1304347826087,223.74664329654962,-1009.0,-66.5,54.0,False,False
original_firstorder_Range,float64,46,0,0,451.2608695652174,461.8629154381252,91.0,276.0,2285.0,False,False
original_firstorder_RobustMeanAbsoluteDeviation,float64,46,0,0,28.03291416199631,60.78224123094926,8.643442500450927,15.396204926979529,417.8483335647184,False,False
original_firstorder_RootMeanSquared,float64,46,0,0,92.28969731190935,98.9827985361837,39.53322904815519,71.68266781063369,666.8278507333517,False,False
original_firstorder_Skewness,float64,46,0,0,0.6127728703734343,2.4677835503377636,-1.991949563827084,-0.10255322002494566,10.731193816566506,False,False
original_firstorder_TotalEnergy,float64,46,0,0,122245352.34047414,193309256.8615949,2927699.130610572,60237130.33256732,1091259117.6814992,False,False
original_firstorder_Uniformity,float64,46,0,0,0.24718092413552673,0.06453031455157576,0.076226820747111,0.25068437395195503,0.4378937675183573,False,False
original_firstorder_Variance,float64,46,0,0,8986.707138207434,36145.89758092008,218.63158650895784,963.6969562005454,211408.38752306724,False,False
original_glcm_Autocorrelation,float64,46,0,0,119.93566737944192,280.30051781269515,4.766215111251897,39.72606391554198,1366.758574042472,False,False
original_glcm_ClusterProminence,float64,46,0,0,140542.6843132706,595770.1183546159,4.3937454459071725,69.12925567436855,3401316.1724755685,False,False
original_glcm_ClusterShade,float64,46,0,0,-673.2891997126421,6760.588630077852,-44525.213293880006,-0.1961272563874425,8356.853739721559,False,False
original_glcm_ClusterTendency,float64,46,0,0,63.33060266531929,264.8291909843298,1.1759301430443112,4.522432789088293,1341.8324556596754,False,False
original_glcm_Contrast,float64,46,0,0,2.0569199406849292,2.5773412936086126,0.4236250559189639,1.3564101280641276,16.03075560796561,False,False
original_glcm_Correlation,float64,46,0,0,0.5178552517757772,0.1906220038107017,0.1761734944982791,0.4927807944098904,0.9981975494717782,False,False
original_glcm_DifferenceAverage,float64,46,0,0,0.8834044818328384,0.2711753200379157,0.4041347815286338,0.8293799406286033,1.7387892376681613,False,False
original_glcm_DifferenceEntropy,float64,46,0,0,1.6216047989809959,0.28096571745457566,1.0229593499895282,1.5861866583238438,2.451395990195026,False,False
original_glcm_DifferenceVariance,float64,46,0,0,1.187336521916792,2.2670698308409643,0.2575099497978126,0.629464639361624,14.671362220349415,False,False
original_glcm_Id,float64,46,0,0,0.6555711303086033,0.06241745667414845,0.5319461787621225,0.6669149545020504,0.8011809883007381,False,False
original_glcm_Idm,float64,46,0,0,0.6314946313888883,0.07542479446139472,0.4779202088967335,0.6463991527850117,0.7998816366747161,False,False
original_glcm_Idmn,float64,46,0,0,0.989934348174602,0.006582704723497816,0.9740491009363292,0.9906363283872294,0.999468170859195,False,False
original_glcm_Idn,float64,46,0,0,0.9410560657461468,0.02378182586297731,0.8968885385251082,0.937934215223984,0.989021138018091,False,False
original_glcm_Imc1,float64,46,0,0,-0.13721277364986115,0.1002048293521994,-0.4844626398333824,-0.10788075054548105,-0.024671965697102,False,False
original_glcm_Imc2,float64,46,0,0,0.5958783037630723,0.1726572926662961,0.2620311867474952,0.5672400855001714,0.9930024259057828,False,False
original_glcm_InverseVariance,float64,46,0,0,0.4793366362444786,0.029395418023013743,0.3870807914370949,0.4848106252091186,0.5143710827871977,False,False
original_glcm_JointAverage,float64,46,0,0,7.974858405044024,6.454581745055121,2.1395232653647813,6.239728478030505,34.47778597912018,False,False
original_glcm_JointEnergy,float64,46,0,0,0.08540408699237159,0.038791652790872135,0.025358694122142,0.08619879111603296,0.2435525069376504,False,False
original_glcm_JointEntropy,float64,46,0,0,4.261652130281775,0.7282661047217848,2.5656193487297188,4.173847122001495,6.682876905375771,False,False
original_glcm_MCC,float64,46,0,0,0.5613828509688014,0.19387936175582032,0.219809356111092,0.5467391435313813,0.9999999999981236,False,False
original_glcm_MaximumProbability,float64,46,0,0,0.17237279741884223,0.07222957670249373,0.0653174522366559,0.17334375727180268,0.4370482210816906,False,False
original_glcm_SumAverage,float64,46,0,0,15.949716810088052,12.909163490110247,4.279046530729563,12.479456956061012,68.95557195824037,False,False
original_glcm_SumEntropy,float64,46,0,0,3.0676115081200193,0.5076378321646008,2.1067394354486018,3.0231366377145035,5.304355095200684,False,False
original_glcm_SumSquares,float64,46,0,0,16.346880651501053,66.43740150787717,0.3998887997408188,1.5163192381051682,337.98586055169017,False,False
original_glrlm_GrayLevelNonUniformity,float64,46,0,0,3112.902288485563,7293.192021388139,34.55088852988691,1252.9710945541228,42723.77124309154,False,False
original_glrlm_GrayLevelNonUniformityNormalized,float64,46,0,0,0.22485917381977444,0.05503244615596994,0.055817267415003,0.23216949162907896,0.3687967488977647,False,False
original_glrlm_GrayLevelVariance,float64,46,0,0,14.226839594226893,53.762828039389866,0.5533701554525783,1.8030407505056356,313.2724729291342,False,False
original_glrlm_HighGrayLevelRunEmphasis,float64,46,0,0,127.08886703008729,304.83926906992224,5.779563001348728,40.670230791613136,1618.300425307807,False,False
original_glrlm_LongRunEmphasis,float64,46,0,0,3.3412594858538602,1.4170162740205838,1.4331687463716618,3.0657261894404537,8.807328512488441,False,False
original_glrlm_LongRunHighGrayLevelEmphasis,float64,46,0,0,406.2747542141519,1056.1142848376905,29.222806709416822,132.87508465052122,5288.044629776317,False,False
original_glrlm_LongRunLowGrayLevelEmphasis,float64,46,0,0,0.1539493216912016,0.2366885185337206,0.003872438888998,0.1071280743877273,1.6138207072472133,False,False
original_glrlm_LowGrayLevelRunEmphasis,float64,46,0,0,0.0433927087297263,0.044131407803361444,0.0012718445531042,0.03381944356330315,0.2983807290324968,False,False
original_glrlm_RunEntropy,float64,46,0,0,3.6980666215289544,0.4270921848242057,3.1082847827437514,3.6788042156623613,5.820675717944984,False,False
original_glrlm_RunLengthNonUniformity,float64,46,0,0,8020.529658915102,19764.256774589885,245.65477724299848,3548.0400813406914,114497.01316664107,False,False
original_glrlm_RunLengthNonUniformityNormalized,float64,46,0,0,0.5525058733857628,0.10780905771573149,0.3080493721117182,0.5419162063204208,0.8722460208242331,False,False
original_glrlm_RunPercentage,float64,46,0,0,0.692299324608837,0.08924935480400932,0.4587900184340541,0.6885201840961006,0.9174923437218518,False,False
original_glrlm_RunVariance,float64,46,0,0,0.9687063394424414,0.632453404289936,0.1640124812673081,0.8422333460259361,3.473590584538537,False,False
original_glrlm_ShortRunEmphasis,float64,46,0,0,0.7591236107813618,0.07297353538032793,0.5539062070669849,0.75730908281227,0.9361309174519432,False,False
original_glrlm_ShortRunHighGrayLevelEmphasis,float64,46,0,0,101.72275189758,248.91483476051718,3.812352620962005,32.40582930733911,1353.5351261486644,False,False
original_glrlm_ShortRunLowGrayLevelEmphasis,float64,46,0,0,0.03241778416302564,0.028958748485318327,0.0010842351588952,0.02479904299826485,0.1868689138054753,False,False
original_glszm_GrayLevelNonUniformity,float64,46,0,0,98.24952809590599,196.60962674501852,6.652173913043479,51.66822194199243,1317.7273552368852,False,False
original_glszm_GrayLevelNonUniformityNormalized,float64,46,0,0,0.16115373099116906,0.06164688610062312,0.055817267415003,0.1562013483698828,0.3796296296296296,False,False
original_glszm_GrayLevelVariance,float64,46,0,0,28.648175529219717,81.65720554766443,1.4669187145557654,5.215236446504648,426.5172380269976,False,False
original_glszm_HighGrayLevelZoneEmphasis,float64,46,0,0,140.60602597646974,298.17523046674756,7.608695652173913,44.368655886494295,1548.6486486486488,False,False
original_glszm_LargeAreaEmphasis,float64,46,0,0,350946.6108538113,1689040.0707045929,3.268174474959612,44844.8621239628,11504563.404346138,False,False
original_glszm_LargeAreaHighGrayLevelEmphasis,float64,46,0,0,14646965.873724308,64711715.74692108,843.5041666666667,2061472.1233276343,438256055.661234,False,False
original_glszm_LargeAreaLowGrayLevelEmphasis,float64,46,0,0,10122.308304172953,47585.84581964435,0.2350347594394972,1229.6682419025628,323501.8700067184,False,False
original_glszm_LowGrayLevelZoneEmphasis,float64,46,0,0,0.06712018888569073,0.06422214251069071,0.0045632129555117,0.0512593344237828,0.4196859903381643,False,False
original_glszm_SizeZoneNonUniformity,float64,46,0,0,201.44302527257315,455.2892453646691,5.173913043478261,96.23125,3118.438373570521,False,False
original_glszm_SizeZoneNonUniformityNormalized,float64,46,0,0,0.2801410836629804,0.07594965175459774,0.1127349803017017,0.2726972222222222,0.5595793935186514,False,False
original_glszm_SmallAreaEmphasis,float64,46,0,0,0.5353716758117508,0.08019519754840396,0.3068425455676901,0.5299998873783038,0.776611445182393,False,False
original_glszm_SmallAreaHighGrayLevelEmphasis,float64,46,0,0,82.00169036314253,173.1201974279244,3.5583320403187177,23.477725144946774,716.6679770238737,False,False
original_glszm_SmallAreaLowGrayLevelEmphasis,float64,46,0,0,0.03710981640984702,0.03197192667632332,0.0036914682442789,0.02935549732716845,0.1861124558317964,False,False
original_glszm_ZoneEntropy,float64,46,0,0,5.340823743136835,0.6624893378211039,3.68426986050279,5.369534290148345,6.945025155814818,False,False
original_glszm_ZonePercentage,float64,46,0,0,0.0646616787271678,0.10331345295260111,0.0069919444768522,0.037278193258357004,0.6765027322404371,False,False
original_glszm_ZoneVariance,float64,46,0,0,349473.86410358193,1686093.3737598278,1.0831269361965334,43670.47203956121,11484108.18889526,False,False
original_gldm_DependenceEntropy,float64,46,0,0,6.05023722823634,0.3261083320490741,5.090599596593854,6.085183144782255,6.666936410781805,False,False
original_gldm_DependenceNonUniformity,float64,46,0,0,1587.7275671835378,4078.2318657619066,57.39229024943311,661.3908383175833,21656.252085668035,False,False
original_gldm_DependenceNonUniformityNormalized,float64,46,0,0,0.07929660379398565,0.05411756658150181,0.0484791141158707,0.06487258792470141,0.3978345128251067,False,False
original_gldm_DependenceVariance,float64,46,0,0,17.804192810413095,7.435933880553443,0.5038024425930903,18.421671378166714,32.23562323106068,False,False
original_gldm_GrayLevelNonUniformity,float64,46,0,0,5297.124898807773,13539.693536374412,69.74754098360656,1767.249093626388,86550.29793497518,False,False
original_gldm_GrayLevelVariance,float64,46,0,0,14.463835412935344,57.857121513302125,0.4287447124235726,1.6306303974969822,338.63100839081494,False,False
original_gldm_HighGrayLevelEmphasis,float64,46,0,0,125.19126803611452,301.25700119272545,5.349875930521092,40.205258167839865,1600.2214204329662,False,False
original_gldm_LargeDependenceEmphasis,float64,46,0,0,102.20932448308676,50.74061573364886,3.216393442622951,101.07784114822401,257.4556211045562,False,False
original_gldm_LargeDependenceHighGrayLevelEmphasis,float64,46,0,0,8118.498455759633,17996.8557261844,282.6873536299766,3978.1367641392826,98417.49619800207,False,False
original_gldm_LargeDependenceLowGrayLevelEmphasis,float64,46,0,0,4.711695989715833,8.136003233962114,0.0670851741549626,3.281045031959101,54.96058496461722,False,False
original_gldm_LowGrayLevelEmphasis,float64,46,0,0,0.042652272116075,0.04286199176385267,0.0011369411354407,0.032667597563702896,0.28732423490488,False,False
original_gldm_SmallDependenceEmphasis,float64,46,0,0,0.06941487062617105,0.08874523414493497,0.0147310446857966,0.0453482419514893,0.5989071038251366,False,False
original_gldm_SmallDependenceHighGrayLevelEmphasis,float64,46,0,0,19.19984543145537,80.38439105228589,0.1633242063023768,1.9064052168516619,537.3244687310261,False,False
original_gldm_SmallDependenceLowGrayLevelEmphasis,float64,46,0,0,0.0036059984331132653,0.005229846926751678,0.0002604757704123,0.0020838477264953,0.0274316833266981,False,False
original_ngtdm_Busyness,float64,46,0,0,24.123075116520692,61.367816418161475,0.0297061380028031,9.926430172766727,411.24846600207366,False,False
original_ngtdm_Coarseness,float64,46,0,0,0.0022907883796691735,0.0038129513954723708,2.7565057718054983e-05,0.00094500373160345,0.023160159463393,False,False
original_ngtdm_Complexity,float64,46,0,0,208.27496944541346,588.5607687795645,2.043222345032334,38.437482505768145,3821.4591543932775,False,False
original_ngtdm_Contrast,float64,46,0,0,0.03443148648878019,0.08627793921159244,0.002725621154803,0.01522269777463215,0.5433625384145634,False,False
original_ngtdm_Strength,float64,46,0,0,3.0122935240037805,10.676768911449914,0.0014978383557445,0.060312467383426605,61.46097107154749,False,False
