classifier,feature_set,patients,accuracy,precision,recall,f1,roc_auc,tn,fp,fn,tp,feature_set_label
LogisticRegression,clinical_only,46,0.6086956521739131,0.391304347826087,0.6923076923076923,0.5,0.62004662004662,19,14,4,9,Clinical Only
SVM,clinical_only,46,0.5869565217391305,0.3636363636363636,0.6153846153846154,0.4571428571428571,0.331002331002331,19,14,5,8,Clinical Only
RandomForest,clinical_only,46,0.5,0.2222222222222222,0.3076923076923077,0.2580645161290322,0.5151515151515151,19,14,9,4,Clinical Only
LogisticRegression,radiomics_only,46,0.6086956521739131,0.3333333333333333,0.3846153846153846,0.3571428571428571,0.5337995337995338,23,10,8,5,Radiomics Only
SVM,radiomics_only,46,0.6304347826086957,0.3333333333333333,0.3076923076923077,0.32,0.506993006993007,25,8,9,4,Radiomics Only
RandomForest,radiomics_only,46,0.6739130434782609,0.4,0.3076923076923077,0.3478260869565217,0.4895104895104895,27,6,9,4,Radiomics Only
LogisticRegression,combined,46,0.6521739130434783,0.4,0.4615384615384615,0.4285714285714285,0.5501165501165501,24,9,7,6,Combined
SVM,combined,46,0.6304347826086957,0.3333333333333333,0.3076923076923077,0.32,0.451048951048951,25,8,9,4,Combined
RandomForest,combined,46,0.717391304347826,0.5,0.2307692307692307,0.3157894736842105,0.5361305361305361,30,3,10,3,Combined
